source,path,label_id,label_key,split,group_id,sha1,dhash
plantdoc-2020,test/Potato leaf early blight/3023.jpg,0,potato_early_blight,val,2352,fa62ca91e2abf3493caa59ca5d35181c4c4095c0,6191b8342e4d4fc4
plantdoc-2020,test/Potato leaf early blight/early-blight-alternaria-alternata-leaf-spotting-on-potato-leaf-X91XJE.jpg,0,potato_early_blight,train,2353,8c3b99c9420b1bfc393f3b2b287170a40ccf241d,071f0f03070787b4
plantdoc-2020,test/Potato leaf early blight/early-blight-or-target-spot-alternaria-solani-lesions-on-a-tomato-AXK6AY.jpg,0,potato_early_blight,train,2354,ecd06369eb922a3dae4ea227f46dcea1f6f5109f,a4070f07070f8fb0
plantdoc-2020,test/Potato leaf early blight/earlyblightpotato.jpg,0,potato_early_blight,train,2355,5e54ebe11f6d0608218e96d39b303e1aac60e8a3,f76343c7524ecec2
plantdoc-2020,test/Potato leaf early blight/potato-blight-phytophthora-infestans-close-up-of-upper-surface-of-BMMRXC.jpg,0,potato_early_blight,train,2356,15e045f76b1e5dcd4cbfcd0d2a0a0879b6aa3b11,20e0f0d8e0e0f0b0
plantdoc-2020,test/Potato leaf early blight/potato-early-blight-alternaria-alternata-lesion-on-a-potato-leaf-a1w1em.jpg,0,potato_early_blight,train,2357,60594ea226aaf80ecdf3d2756b7902da65800b4d,c4c7c7878f97d7f2
plantdoc-2020,test/Potato leaf early blight/potatobd001.jpg,0,potato_early_blight,train,2358,ff36c6184ede77be7f2db270aedd7b9ba269ad12,b1b3e3078f839dc4
plantdoc-2020,test/Potato leaf late blight/20090710-lateblight.jpg,1,potato_late_blight,train,2359,1261a9a045e225fec6fbcff6ebf37257af5540a4,3e7ef6f0d0f0e1e3
plantdoc-2020,test/Potato leaf late blight/2540_600.jpg,1,potato_late_blight,train,2360,ab9b6533a92d69b0584ce8d5af356c86221ad306,86869b9b9bd1f8b8
plantdoc-2020,test/Potato leaf late blight/B2750109-Late_blight_on_a_potato_plant-SPL.jpg,1,potato_late_blight,train,2361,33bfc360e18034bf02870bd2c3dd1cb790e064bd,e6e58b9d1d386207
plantdoc-2020,test/Potato leaf late blight/LateBlight04.jpg,1,potato_late_blight,train,2362,604519aad289ec0c8a6ac325dabc7d629c085749,7666ee727a6ae37b
plantdoc-2020,test/Potato leaf late blight/potato-late-blight.jpg,1,potato_late_blight,train,2363,5a7a10cfd777078c73c756a932682493f62261b2,e1e1c0c4a8f8a4b0
plantdoc-2020,train/Potato leaf early blight/00009.jpg,0,potato_early_blight,train,2152,ae0cbf59b5d1d97946dcbd61cd45d19571db9d00,8c8e49ede7e68e1e
plantdoc-2020,train/Potato leaf early blight/0042241.jpg,0,potato_early_blight,train,2153,9aa309757bdb8b61263c4e0325f23d6b285197aa,26021c18d1b73331
plantdoc-2020,train/Potato leaf early blight/0061.jpg,0,potato_early_blight,train,2154,8e87bedbd5ebb26e86943e5f11d7bdeadd26dfbb,1b797bf2fe7777e7
plantdoc-2020,train/Potato leaf early blight/1024_x_576_-_alternaria_early_infection_symptoms_spreading.jpg,0,potato_early_blight,train,2155,7dafe51b4e1609d1f0907ef1aa44c6a3cc18a3be,8f8f96decfc6e430
plantdoc-2020,train/Potato leaf early blight/1024px-Phytophthora_infestans_potato_%27Dor%C3%A9%27%2C_aardappelziekte_Dor%C3%A9.jpg,0,potato_early_blight,train,2156,5dab1aa0c001d943624e3feda354d8b8a75143ca,59783d2627c3e9ec
plantdoc-2020,train/Potato leaf early blight/1200px-Late_blight_on_potato_leaf_2.jpg,0,potato_early_blight,val,2157,e77660462a70dd9be729d1f2ff4f9ebadbd38c95,69311b1fd7f1e3d2
plantdoc-2020,train/Potato leaf early blight/1573852-Early-Blight-e1515624612559.jpg,0,potato_early_blight,train,2160,990dbdffb96bcbd71e9ba9fa351cd10ecdb3c9fe,f1b1333bfe8f60d4
plantdoc-2020,train/Potato leaf early blight/15hrt15a1f1.jpg,0,potato_early_blight,val,2161,89cca47026d63c37e4413465116f3123fbf41d6b,c4808c889878480c
plantdoc-2020,train/Potato leaf early blight/20080710-early%2Bblight%2Blesions%2Bwith%2Byellow%2Bhaloes.jpg,0,potato_early_blight,train,2163,7c8bd72daa028a6ef648dadc15e4f08bdc4ad674,3a6e3cb4c6c6c481
plantdoc-2020,train/Potato leaf early blight/20100816earlyblight.jpg,0,potato_early_blight,train,2164,962508fa8e20f1d43c4ee514c7e6fb246af203eb,c246d7173f7e7cbf
plantdoc-2020,train/Potato leaf early blight/21-late%20blight-early%20symptoms%20potato.jpg,0,potato_early_blight,test,2165,30a7fb9eaddc5906b6dc4d5818ab0493df3bb040,1d9c0d19331b3939
plantdoc-2020,train/Potato leaf early blight/2643371-version%3D1.0%26t%3D1260361493000.jpg,0,potato_early_blight,train,2166,db2557f7324050500701663aabc7dcc29a4d334f,486c2d3b37571f9a
plantdoc-2020,train/Potato leaf early blight/27013702151_95bd415ba9_o.jpg,0,potato_early_blight,val,2167,e593612a1db64799d201baf23b72832f00edc990,7c7e7b6f6f6f6367
plantdoc-2020,train/Potato leaf early blight/2D1A9552.jpg,0,potato_early_blight,train,2168,ccc5d9d7da1295385b453f67dea3e549a539d0b5,830f7df9fbff7a73
plantdoc-2020,train/Potato leaf early blight/2OBH_29_Gardening_early_blight.jpg,0,potato_early_blight,train,2169,a1244fa41739963e850a20c7329adc91f43e7fa2,1e1f34371b5c0e17
plantdoc-2020,train/Potato leaf early blight/36-early-blight-concentric-rings.jpg,0,potato_early_blight,test,2170,6e173b97fae02e03a49d82b60cc601f8a1b20bea,949e0f3737371646
plantdoc-2020,train/Potato leaf early blight/3785483636_d888419c98_o.jpg,0,potato_early_blight,train,2171,20c40d6fbfb95bfbff25567fce679d1db3291323,17b3b3f5e9d8b133
plantdoc-2020,train/Potato leaf early blight/500px-Tomato_Early_Blight_Leaf.jpg,0,potato_early_blight,train,2173,6136a9223995ec2c245b580275feb4abfda603bf,07051f1f270f0f8f
plantdoc-2020,train/Potato leaf early blight/5688742112_147f33b89d_Phytophthora-Infestans.jpg,0,potato_early_blight,train,2174,708da95aadab94b1665b5aa1ece8b7b2d9646bc3,1b23711d0f1b1f0f
plantdoc-2020,train/Potato leaf early blight/80109626.jpg,0,potato_early_blight,train,2176,91bc9453acb7cd2cb1f8e5d0f5e52c70cf234769,1f1b3d3c058de779
plantdoc-2020,train/Potato leaf early blight/87A_Pot_Early.jpg,0,potato_early_blight,train,2177,a9d9ff49774c7b9fb4481770bac496dca263556a,6f2b3e4f2f272735
plantdoc-2020,train/Potato leaf early blight/AF_news_p4_p5_p6_Blight.jpg,0,potato_early_blight,train,2178,68dc5ff32e0cf2be80bb9609645f3cf0bbc9373a,cbc9c1606161ebe2
plantdoc-2020,train/Potato leaf early blight/AGS-154646-S-5801.jpg,0,potato_early_blight,train,2179,72d22cdb7bd048515ed5e3f148c9f42f5c15ae01,0f27363072720c06
plantdoc-2020,train/Potato leaf early blight/B2650214-Potato_leaf_blight-SPL.jpg,0,potato_early_blight,train,2180,6ed593b7dabe7bc988ef4237acbf04fc00c2744d,5993830707373319
plantdoc-2020,train/Potato leaf early blight/Blght.jpg,0,potato_early_blight,train,2181,83485d95670db341696b6781bab82fa07fd163ec,9b931b33732f1b9b
plantdoc-2020,train/Potato leaf early blight/Blight-leaf-.jpg,0,potato_early_blight,val,2182,f65e2715da08eebade51e726df34d058a125598d,267e3e2d397e3c3c
plantdoc-2020,train/Potato leaf early blight/Close-up-view-of-blight-lesion-on-leaf-of-potato-c-Blackthorn-Arable-615x346.jpg,0,potato_early_blight,train,2183,86bd48c6e09d29bd5855e57f63884c8a46dddc2e,33130e4e9b3b3a1a
plantdoc-2020,train/Potato leaf early blight/EB%20lesions1_opt.jpeg.jpg,0,potato_early_blight,val,2184,73697118f298f6f54fbb2e2d78f2fb1da0df684a,e94bcf8d5d3cac2e
plantdoc-2020,train/Potato leaf early blight/Early%20Blight%20-%20Potatoes.ashx_w=350.jpg,0,potato_early_blight,test,2185,743656d9e116790b33b0bdbbd076ae0e20e92772,2606070141464464
plantdoc-2020,train/Potato leaf early blight/Early-Blight-Leaves-56a348bf3df78cf7727cb35e.jpg,0,potato_early_blight,train,2186,0a7f79eaae4bb37e6df7a01281cc4903651f39d1,fbc3c7c9d8e3e3f3
plantdoc-2020,train/Potato leaf early blight/Early-Blight-UK-A.jpg,0,potato_early_blight,val,2187,f7a54e8c2ebdb2ef13f506fde39375d792df30f6,07071b9f9f1f1f0f
plantdoc-2020,train/Potato leaf early blight/Early_Blight_of_Tomato177.jpg,0,potato_early_blight,train,2188,4dbf28276a687fe115893378e27a5cf85c94f098,0f1113070747373e
plantdoc-2020,train/Potato leaf early blight/Early_blight_on_tomato_leaves_7871930010-Fairfax.jpg,0,potato_early_blight,train,2189,186f970ddc82f93c719e5b519ae1155d8505c7f8,543078384c8ca9b9
plantdoc-2020,train/Potato leaf early blight/IMG_0014.jpg,0,potato_early_blight,train,2190,ae1cc722996e037ad7ee2b79f78ea9a53e844d98,3f39f1e1f1e1e9f8
plantdoc-2020,train/Potato leaf early blight/IMG_0020.jpg,0,potato_early_blight,test,2191,abd2c3000128cfb6f9354ba582e742d69fae2b18,6f63f1f8f4e4fcfc
plantdoc-2020,train/Potato leaf early blight/IMG_0022.jpg,0,potato_early_blight,train,2192,d7426af41a3c8ba4e0e07d9e067e67b423e4f287,b391f0f0ece4f4fc
plantdoc-2020,train/Potato leaf early blight/IMG_9055.JPG.jpg,0,potato_early_blight,test,2193,dd42750dd4172705cdfa33e77070473accd28846,97868c8c8e8c4ccc
plantdoc-2020,train/Potato leaf early blight/Leaves-with-early-blight-need-to-be-removed-225x300.jpg,0,potato_early_blight,test,2194,e265cba9ab489df53c4ed2e85eae4ddaffcf5756,668e3637969f9b95
plantdoc-2020,train/Potato leaf early blight/PHYTIN23.img.jpg,0,potato_early_blight,train,2195,517e2ba66b136493e3e00f1d59d597f68ceb9d21,3028602301000000
plantdoc-2020,train/Potato leaf early blight/Potato-Blight-Infecting-Leaves.jpg,0,potato_early_blight,test,2196,6b2dfd91b126a80bb1c93127b4f4a8735b00a96a,8cab8b9d9006464e
plantdoc-2020,train/Potato leaf early blight/Potato-Blight-on-Leaves.jpg,0,potato_early_blight,test,2197,476eafcf1a40800bcb5b4e0a557eb936005b0811,3f7d3d3d3e3faf37
plantdoc-2020,train/Potato leaf early blight/Potato-blight-leaves-B.jpg,0,potato_early_blight,train,2198,3208c54ffe4c8df54f17e07f13de41eefc517139,af2d95a6e4e8e86c
plantdoc-2020,train/Potato leaf early blight/Potato-blight-on-leaf.jpg,0,potato_early_blight,train,2199,b8b5ac74c2522b66348c1a6e100baecd6bc64e37,dbcf6746374e5a69
plantdoc-2020,train/Potato leaf early blight/Potato-earlyblight2.jpg,0,potato_early_blight,train,2200,c9043943b6e8c0c5257f8dd586eba4b35f6324cf,0f17735b1c0f0f1f
plantdoc-2020,train/Potato leaf early blight/Potato_Blight_Leaf.jpg,0,potato_early_blight,train,2201,7695cf91a34b9881d40cdbee18c9a897c03520d5,18bea9dbce6af3f2
plantdoc-2020,train/Potato leaf early blight/Potato_Early_Blight_%26_Late_Blight.jpg,0,potato_early_blight,val,2202,97cfc5b11aabff6a8b5c759ccf9e1819a4e5b1ec,9290841c5c4473a1
plantdoc-2020,train/Potato leaf early blight/a_solani.jpg,0,potato_early_blight,val,2203,c08e815b0ef0b49076903d16447994022e02b499,0d8d8d8d8f8c8c0c
plantdoc-2020,train/Potato leaf early blight/agriculture-potato-early-blight-leaf-symptoms-on-a-potato-leaf-caused-picture-id586884353.jpg,0,potato_early_blight,train,2204,b711e5e6ec029f0b71cb62dcc0c860356b996ed3,78eec687861396c7
plantdoc-2020,train/Potato leaf early blight/alternaria%20%2824%29.JPG.jpg,0,potato_early_blight,train,2205,9660371ddc1100e75e2348948e49cb0a45655387,86071f1e1e3c38f8
plantdoc-2020,train/Potato leaf early blight/backus-045-potato-blight.jpg,0,potato_early_blight,train,2206,fe583e90daee899fdd911451464b180824e67441,cb63828acd921321
plantdoc-2020,train/Potato leaf early blight/blight-2x.jpg,0,potato_early_blight,train,2207,f7e424b4415ac22dbf03c3891bb188e2a264395b,391ddc9c4eee0fcf
plantdoc-2020,train/Potato leaf early blight/blight-leaf-top.jpg,0,potato_early_blight,train,2208,f4a1ad1422fdbcea937cfe02ab448e99f7b7f08e,e6c2cacad8f0c7cd
plantdoc-2020,train/Potato leaf early blight/blighted-potatoe-leave.jpg,0,potato_early_blight,train,2209,35bc39f3c94b661353284f694cf6148bd208b77b,0484cc48481231e0
plantdoc-2020,train/Potato leaf early blight/cq5dam.web.16-9.8.jpg,0,potato_early_blight,val,2210,1f53ca8065173b3750665838714c171a9fbd3b71,d0121b1404041118
plantdoc-2020,train/Potato leaf early blight/early%20blight.tom_.jpg,0,potato_early_blight,test,2211,da47641b03fbcd4016671b0952ad7788aa8ee6de,769ed4dcdc74941c
plantdoc-2020,train/Potato leaf early blight/early-blight-2.jpg,0,potato_early_blight,train,2212,2e483008d1027ef8f447be9a41ebd2aee618d680,cfe6bd3d3d994be1
plantdoc-2020,train/Potato leaf early blight/early-blight-alternaria-alternata-leaf-spotting-on-potato-leaf-ACG5WF.jpg,0,potato_early_blight,val,2213,e86af290852b508bdaaab4b2832d10c03a6ff6e6,45070f1b0f0f1eb4
plantdoc-2020,train/Potato leaf early blight/early-blight-closeup-NCSU.jpg,0,potato_early_blight,test,2214,f1236e6051fa09606ee20bf4a37c1b20f32e6a53,350d8d8bab8f8796
plantdoc-2020,train/Potato leaf early blight/early-blight-cmyk-opt.jpeg.jpg,0,potato_early_blight,train,2215,4e38b4f5e3dd47575c3e4c39d0b486abdd973b36,1f17232333331326
plantdoc-2020,train/Potato leaf early blight/early-blight-courtesy-Melanson-MS-State-U-Ext-Bugwood.jpg,0,potato_early_blight,val,2216,e54f3862d91b612fcda253c333d6495b4f8caa10,3733bb173909838f
plantdoc-2020,train/Potato leaf early blight/early-blight-or-target-spot-alternaria-solani-lesions-on-a-tomato-by9j8r.jpg,0,potato_early_blight,test,2217,ebb742d253e58f17e911e2b66cbec8308ce1fea5,2d0d0f06236b1713
plantdoc-2020,train/Potato leaf early blight/early-blight-or-targfet-spot-alternaria-solani-lesions-on-a-tomato-ACG8W6.jpg,0,potato_early_blight,train,2218,5dbc5cad67750cf476c8de155ec72395e88e2404,3833239d870533be
plantdoc-2020,train/Potato leaf early blight/early-blight-potatoes.jpg,0,potato_early_blight,train,2219,9abea6fc164ddf9af8c458d6f0c97fe7e90bbf64,ac8e1e27b3a3363c
plantdoc-2020,train/Potato leaf early blight/early-blight-septoria-ls-fig-1.jpg,0,potato_early_blight,train,2220,761ae3e6a65cbba83d3b3417fe4a8f24082ee450,2b23cc4c6c66e6e3
plantdoc-2020,train/Potato leaf early blight/early_blight1.jpg,0,potato_early_blight,train,2221,0281c1401a50714025ba055c1115dcd0fbb0dcf5,4607333365450303
plantdoc-2020,train/Potato leaf early blight/earlyblight21.jpg,0,potato_early_blight,train,2222,059b1ef58e7c692cc8fe7386e301664f82ca7b6e,244939d82f8edbe0
plantdoc-2020,train/Potato leaf early blight/eb2.jpg,0,potato_early_blight,train,2223,f611629f983c8b081f1a2ca2403c8134f5de4abd,54705727078c1604
plantdoc-2020,train/Potato leaf early blight/f1078eef6945e3430829706f84bf70c0.jpg,0,potato_early_blight,train,2224,b47e2ae9fab1cb74f582206549f7dab32452c163,7b7f5f9fbb2d1e3b
plantdoc-2020,train/Potato leaf early blight/f204d9b6516c961f48502e0b7ae3f746.jpg,0,potato_early_blight,train,2225,bddb843d25842248e4066bf77df829b5732d2e1d,0c4ccc989232f647
plantdoc-2020,train/Potato leaf early blight/fac66s01a.jpg,0,potato_early_blight,train,2226,a947dccebd50f6b532101eb8c96ac9f837975db8,434b471433abb918
plantdoc-2020,train/Potato leaf early blight/fac66s01h.jpg,0,potato_early_blight,train,2227,685987a9bc719dc7de515cefa965bef4f7308348,c40e3bb6b2e0f2f0
plantdoc-2020,train/Potato leaf early blight/fi000294.jpg,0,potato_early_blight,test,2228,4438ab060271a8ee28229c9dcd9be107a896bed1,b05c744607373717
plantdoc-2020,train/Potato leaf early blight/home-design.jpg,0,potato_early_blight,train,2229,6ba9bc914def65ec8103ac7ff0d5818b5ef7fa61,4edefff7ff3f1e98
plantdoc-2020,train/Potato leaf early blight/maxresdefault.jpg,0,potato_early_blight,val,2231,75a115f74aee4add03da6048ae2ac8db25fb70ba,78703c34343c3acb
plantdoc-2020,train/Potato leaf early blight/pe-mi-lateblightleaf.jpg,0,potato_early_blight,train,2232,0fe64f2a5c7bd54d2bc0f5df286170164ade12a0,4b6d4d59797969f9
plantdoc-2020,train/Potato leaf early blight/potato-blight-damage-on-leaves-caused-by-fungus-phytophthora-picture-id505322893.jpg,0,potato_early_blight,val,2233,d09c426db5371be5a37194d1543173f715c6ad31,e347664d0c8cac3e
plantdoc-2020,train/Potato leaf early blight/potato-blight-leaf.jpg,0,potato_early_blight,train,2234,cb620812a84d31874a9b8992181930fc0fe5bf42,30f0ecccc8e8e870
plantdoc-2020,train/Potato leaf early blight/potato-blight-phytophora-infestans-close-up-of-infected-leaf-showing-A60HXN.jpg,0,potato_early_blight,train,2235,090a32019fa1e5a9d97fc30ef70fe645fe68f44a,0e4f675b5f1b2f0f
plantdoc-2020,train/Potato leaf early blight/potato-blight-phytophora-infestans-close-up-of-infected-leaf-top-surface-a60hxg.jpg,0,potato_early_blight,train,2236,9b9a78d4961f9c1683b5dc2e9a0bc9b09eeb350a,8d87878703270d19
plantdoc-2020,train/Potato leaf early blight/potato-blight-phytophthora-infestans-close-up-of-upper-surface-of-bmmrxd.jpg,0,potato_early_blight,train,2237,15ee6235998de76001ef372d69d4609d5e0ad716,afab95d632307070
plantdoc-2020,train/Potato leaf early blight/potato-blight-phytophthora-infestans-showing-infected-leaf-top-surface-bmmrtd.jpg,0,potato_early_blight,train,2238,c1e3309a129ee400179636dc7e78d34107286914,2677333139381838
plantdoc-2020,train/Potato leaf early blight/potato-blight-showing-on-potato-plant-leaves-KJ70DB.jpg,0,potato_early_blight,train,2239,7d69c2882236826b587ebd900e9b47933138fb0c,3066831d2c2462d8
plantdoc-2020,train/Potato leaf early blight/potato-early-blight-alternaria-alternata-discreet-lesions-on-a-potato-BY651F.jpg,0,potato_early_blight,train,2240,eb131a38637c249d7af49ac6d8b787a285d87d50,130f1f1f1e0e0434
plantdoc-2020,train/Potato leaf early blight/potato-early-blight-alternaria-alternata-lesion-on-a-potato-leaf-X96EFD.jpg,0,potato_early_blight,train,2241,6e8b5ce4f8c744be94f49647eabf03c25a838814,141c1c1e1e1614b4
plantdoc-2020,train/Potato leaf early blight/potato-early-blight-alternaria-alternata-lesions-on-a-potato-leaf-by650f.jpg,0,potato_early_blight,train,2242,6a05bb4ff4fcff46f232ab02723577fa7c3c578f,804b0b0f2f3304c6
plantdoc-2020,train/Potato leaf early blight/potato-early-blight-alternaria-alternata-lesions-on-potato-leaf-XDF64E.jpg,0,potato_early_blight,train,2243,18138613644c9e1b1960645bd804af55554efd48,276743c34e0c70f1
plantdoc-2020,train/Potato leaf early blight/potato-early-blight-alternaria-alternata-target-spot-lesion-on-a-potato-leaf-x63fwh.jpg,0,potato_early_blight,test,2244,15cbb0cd5a3a69b6cba6b2ecb0debf0ecd5dc4fc,8d0f1b3f3f2e1870
plantdoc-2020,train/Potato leaf early blight/potato-early-blight-alternaria-alternata-target-spot-lesions-on-a-by64yw.jpg,0,potato_early_blight,train,2245,ea5f2e40016c4e3e9fa561673c37734442134d28,71332e124ec66263
plantdoc-2020,train/Potato leaf early blight/potato-early-blight-lesion-on-a-potato-leaf-picture-id81781211.jpg,0,potato_early_blight,train,2246,7000507f50c258e77ba7eb7b48bea328e5e0e912,0c0e2623030bc7e3
plantdoc-2020,train/Potato leaf early blight/potato_alternaria_03_zoom.jpg,0,potato_early_blight,train,2247,7ca988e29fce6d9c954dd1bf9c1e2ba674c1e5f3,9fae2c3a1b2b6e86
plantdoc-2020,train/Potato leaf early blight/potato_alternaria_04_zoom.jpg,0,potato_early_blight,train,2248,6c57cfd93e7a9da547ba35495725dd46c9c87520,2939b3a6861e1c4d
plantdoc-2020,train/Potato leaf early blight/potato_early-blight_01_zoom.jpg,0,potato_early_blight,train,2249,fea4ff5b405fa7139f58dd77408fc24de85909ff,2028aca4b0b038b8
plantdoc-2020,train/Potato leaf early blight/potato_early-blight_02_zoom.jpg,0,potato_early_blight,val,2250,9ca403b207d982c1854e5e983aff0481929a1dd3,301010324234391b
plantdoc-2020,train/Potato leaf early blight/potato_early-blight_03_zoom.jpg,0,potato_early_blight,train,2251,0466c4b9d4c9831d6ab1307a4793d9f403b2845d,0f1f3f2f1d09a7a7
plantdoc-2020,train/Potato leaf early blight/potato_early-blight_04_zoom.jpg,0,potato_early_blight,val,2252,64fcd44fbe33466de04bec244a7cd9e09eb57ff9,3537240540222034
plantdoc-2020,train/Potato leaf early blight/potato_early-blight_05_zoom.jpg,0,potato_early_blight,train,2253,e1f8f0dd59c88fe28ea21c3abf1690d32a7971bc,1d3e27e9e9ececae
plantdoc-2020,train/Potato leaf early blight/potato_early-blight_06_zoom.jpg,0,potato_early_blight,train,2254,1b01a96c2e0e112967f0ed1e6fb2ca54712ada47,bc2e96d0504322e3
plantdoc-2020,train/Potato leaf early blight/potatoaltkc.jpg,0,potato_early_blight,train,2255,3de6aaf68757e875523e3c9185e2b9b2d76d0c49,b8f8ece4f0f0d4d1
plantdoc-2020,train/Potato leaf early blight/potatoearlyblight.jpg,0,potato_early_blight,train,2256,b535df598bc19d3308414605877da441b21d3bf3,bdb7673319585d3d
plantdoc-2020,train/Potato leaf early blight/potatoearlyblightcloseup_pdc.jpg,0,potato_early_blight,train,2257,d93c872a091a60d064aa6fcc83b99ffad9ace259,2e070f0f1d1d9949
plantdoc-2020,train/Potato leaf early blight/potatolb_full_leafx1200.jpg,0,potato_early_blight,train,2258,80aedcf236169cb0cc7f228488b159d5390be837,b1f8d8ce6acae8ad
plantdoc-2020,train/Potato leaf early blight/potatolb_small_leaf_lesionx1200.jpg,0,potato_early_blight,train,2259,24a736feda15e771b9ac23bb4399279c470264a0,371038b8b0b03031
plantdoc-2020,train/Potato leaf late blight/22-late%20blight-advanced%20symptoms%20potato.jpg,1,potato_late_blight,train,2260,8ed35bf8b9b593ddbba036761cf71671af87dc92,732115101a477124
plantdoc-2020,train/Potato leaf late blight/24847793510_7859b46a3d.jpg,1,potato_late_blight,train,2261,2886d838310c3abbea19bca5bae107c2a46ba189,86ba8ed9cc0e2367
plantdoc-2020,train/Potato leaf late blight/2619_600.jpg,1,potato_late_blight,train,2262,e33cea4b2f415b4063f6d96b64f415be401a0228,83878f8787262648
plantdoc-2020,train/Potato leaf late blight/286_1600.jpg,1,potato_late_blight,test,2263,3ad8333573cb63571d470034280cee8172ab738c,c99f0f1f0617b2fa
plantdoc-2020,train/Potato leaf late blight/2976_1600.jpg,1,potato_late_blight,train,2264,b5c8ba398d06403064f71ad06fb4280066f5c33d,8fafac994d65e9ad
plantdoc-2020,train/Potato leaf late blight/3720946948_339251cc94_z.jpg,1,potato_late_blight,train,2265,b2c35e0aa7281bff34607ee37e386bf3401b201a,96b627ada591e5e5
plantdoc-2020,train/Potato leaf late blight/3782849713_398f3a1086_b.jpg,1,potato_late_blight,train,2266,e8cd39540581f0f38d903ea886ddb4d088bcdfd4,f8ac2c3d71ec88c9
plantdoc-2020,train/Potato leaf late blight/39-late-blight-mold.jpg,1,potato_late_blight,train,2267,b86bf7ed23d8a8ae317fd735e81550cd4ede345d,0627263306160323
plantdoc-2020,train/Potato leaf late blight/4-late-blight-cmyk-opt.jpeg.jpg,1,potato_late_blight,train,2268,fabd10ad3e8fa2ed22e7862153c1b9441e770c5a,d9e763332756c6c6
plantdoc-2020,train/Potato leaf late blight/4442_1600.jpg,1,potato_late_blight,test,2269,c43d3c52041373afbefae91c8abc52743e89f464,c3c169edeb7f6e0e
plantdoc-2020,train/Potato leaf late blight/460_1600.jpg,1,potato_late_blight,train,2270,97d7b2bc3f57f5345104e567c35e8edcf95067b1,0647272712276363
plantdoc-2020,train/Potato leaf late blight/6-13lateblightleavesMARY.jpg,1,potato_late_blight,train,2271,26dc3509b32e1bccd4a643e6a6a18d43e82e4d37,944ecf1d1d9d9f13
plantdoc-2020,train/Potato leaf late blight/6a00d8341c4fe353ef011571354632970c-800wi.jpg,1,potato_late_blight,train,2272,25399846b5446c7459c23ba2982963df21803f9e,0d4d0f0b33323327
plantdoc-2020,train/Potato leaf late blight/B2650062-Potato_late_blight-SPL.jpg,1,potato_late_blight,train,2273,00de500e35cf416c511e133089fc4779b48dda9a,9e0f233313236333
plantdoc-2020,train/Potato leaf late blight/B2750121-Potato_late_blight-SPL.jpg,1,potato_late_blight,train,2274,49c6b6912f08c46557a48f2850720885e70221f4,121c1c8e08ca1830
plantdoc-2020,train/Potato leaf late blight/Blog-3.jpg,1,potato_late_blight,train,2275,81060f73a5fa1db1e2998c364b16df04ff5ec09e,11333105039b53d7
plantdoc-2020,train/Potato leaf late blight/CzFxqKtWEAA4U3g.jpg,1,potato_late_blight,train,2276,ca6c86fa78aec66d284c274eaf568d2f33850a47,07272f270bafabf1
plantdoc-2020,train/Potato leaf late blight/IMG_0019.jpg,1,potato_late_blight,train,2277,59a31b8e5eadb588642a008b9ccca50d794070ad,3ff3e1e1f2f8f8fe
plantdoc-2020,train/Potato leaf late blight/IMG_5358.jpg,1,potato_late_blight,train,2278,9472780276cfd5c8ff5bc093bd6a9fbba3a81980,3c76767270e0c1c1
plantdoc-2020,train/Potato leaf late blight/IMG_5390.jpg,1,potato_late_blight,train,2279,f868b39bc110cfb3adf25adc992b4eb48ba63a4d,96535993d15859cc
plantdoc-2020,train/Potato leaf late blight/IMG_5813-1024x768.jpg,1,potato_late_blight,train,2280,fbad659bcc0f105cb96fccc8a2531844f14dbce8,4ceceeeefffffe6c
plantdoc-2020,train/Potato leaf late blight/Jessore-potato-late-blight-8-2h2fdkl.jpg,1,potato_late_blight,train,2281,9b12afcbac3b6ea252ed0e9efe641851c431abc5,b29a9ba5450a2a26
plantdoc-2020,train/Potato leaf late blight/LB_potato_leaf_topside.jpg,1,potato_late_blight,val,2282,6f770ad57d4feba81b350660ee5f0c362df4dcdc,67f3130e4ec7149c
plantdoc-2020,train/Potato leaf late blight/Late+Blight+of+Potato+and+Tomato.jpg,1,potato_late_blight,train,2283,6b749b8d37d4ef9f4aa027eb22970da8c8134a0f,2b0f0f2f07577600
plantdoc-2020,train/Potato leaf late blight/Late-Blight-336x437.jpg,1,potato_late_blight,train,2284,bf9e018d5420cfec1738ff447aa6470cd8a23de6,d4d18311010b178a
plantdoc-2020,train/Potato leaf late blight/Late-Blight-56a34bc55f9b58b7d0d15210.jpg,1,potato_late_blight,test,2285,24fb53dbd08c3e857d8c6ec00962f8c43d70b40d,b52169291f0f1d39
plantdoc-2020,train/Potato leaf late blight/Late-blight-infected-potato-plants_2.jpg,1,potato_late_blight,train,2286,79d6d7c21f38df6e12d5f647ea0a352e66851e47,4ba7a79f1fbd3925
plantdoc-2020,train/Potato leaf late blight/Late-blight-leaves_261x240.jpg,1,potato_late_blight,test,2287,a4054d8de12e6ecd0e4eae61a2d1cebdcfbd8ec0,f170f4e0f2e2831a
plantdoc-2020,train/Potato leaf late blight/Late-blight-on-leaf-email.jpg,1,potato_late_blight,train,2288,581c704c13854743aa2ff4730c5f3ef1ad52b2c8,31193d3d2d0d8d89
plantdoc-2020,train/Potato leaf late blight/Late-blight.jpg,1,potato_late_blight,test,2289,12cafc83cd19064c94e927be620899ab812da399,0d0e2f0f1f4e4cdc
plantdoc-2020,train/Potato leaf late blight/LateBlight02.jpg,1,potato_late_blight,train,2290,32852092eb832ccc7b83ac531926c01e12fb7145,a400a2a2a8228643
plantdoc-2020,train/Potato leaf late blight/LateBlight03.jpg,1,potato_late_blight,train,2291,d523f2de6bce090fbc6cf23fbdc0faf264aa92dd,86869593234b4be8
plantdoc-2020,train/Potato leaf late blight/LateBlight13.jpg,1,potato_late_blight,train,2292,0980ff6756318d0d59da15c84600ad835fb02a63,00db9aeae7b57472
plantdoc-2020,train/Potato leaf late blight/LateBlightFig3new.jpg,1,potato_late_blight,train,2293,ae6b84f4bcdaf82ef247af6e5d7fd779858b8110,cef3637232363612
plantdoc-2020,train/Potato leaf late blight/Late_blight_on_potato_leaf.jpg,1,potato_late_blight,val,2294,09e649141308f9c617b9e21a36ec684a8b1bd3c6,36a5c85014130646
plantdoc-2020,train/Potato leaf late blight/Late_blight_on_potato_leaf_3-58bcf5055f9b58af5c27bf74.jpg,1,potato_late_blight,train,2295,93cf3d4ca93e933006eb21b0345dad20e23dde5c,b33b392d07256123
plantdoc-2020,train/Potato leaf late blight/Lateblight.jpg,1,potato_late_blight,train,2296,7c23d622960ee11cb4e2ede1e733b4d7855c55b6,1d19464ee776465a
plantdoc-2020,train/Potato leaf late blight/Potato-Late-Blight-3-06202014.jpeg.jpg,1,potato_late_blight,train,2297,adf3ef08c73b849f45fd94f904d2114a35aff373,31a698d6e8f87432
plantdoc-2020,train/Potato leaf late blight/Potato-late-blight-008.jpg,1,potato_late_blight,train,2298,c988fcd7eaa540d432f7ca9d20629a5989000863,980623cc1a103830
plantdoc-2020,train/Potato leaf late blight/Potato-late-blight-caused-by-Phytophthora-infestans_Q320.jpg,1,potato_late_blight,train,2299,5e04051459948be2c512c7a06ac66772905b8b17,973e3fbd9c3c3e13
plantdoc-2020,train/Potato leaf late blight/Potato-late-blight-in-field-trial-1.jpg,1,potato_late_blight,train,2300,761c34a38c2eb8d6f8c7694eb7dfbd2ccef69103,352c2e4b6f676727
plantdoc-2020,train/Potato leaf late blight/PotatoLateBlight2.jpg,1,potato_late_blight,val,2282,ba7e98b0e1f70d930d14a66662cbcc270d5d22a6,67f3130e4ec714bc
plantdoc-2020,train/Potato leaf late blight/Symptom_potato_late_blight.jpg,1,potato_late_blight,train,2301,80b2539240bcdea73adef3bdedeeaa9ab9df4965,949e9e0d1b3e9cdc
plantdoc-2020,train/Potato leaf late blight/White-mould-potato-blight.jpg,1,potato_late_blight,train,2302,98939817ec61e5c2507e09ff6d9a331734446b0d,c5e6f1c53f8fc713
plantdoc-2020,train/Potato leaf late blight/b3a52d4eda0deedc34260c4dee847a5b.jpg,1,potato_late_blight,test,2303,4dbb773967045e39353516ade246dfa587d5f436,d776676360391b9f
plantdoc-2020,train/Potato leaf late blight/blight-on-potato-leaves.jpg,1,potato_late_blight,train,2305,c66a8f0b483ebe95f58d398ffa25d2455d309ddf,9a9a3616324ecdc9
plantdoc-2020,train/Potato leaf late blight/cropped-symptom_potato_late_blight.jpg,1,potato_late_blight,train,2306,4d50690e136e25b0eccfb27323ccd2f5090c0a36,8f0d1d19070f1b1b
plantdoc-2020,train/Potato leaf late blight/d4fc0f56-da2e-4d7e-9a22-2430b562eeee.jpeg.jpg,1,potato_late_blight,train,2307,d85e5e9e84046aaf951e8954049841b326f5ae5e,892b430b131317c6
plantdoc-2020,train/Potato leaf late blight/dsc_8151s.jpg,1,potato_late_blight,train,2308,90ebad303d412a5f5a7d99d00da63c9ddae3956d,6f292d4daea7a786
plantdoc-2020,train/Potato leaf late blight/early_blight.jpg,1,potato_late_blight,test,2303,3bee738f9deba69ca0d89a5deaac3c09ee01aafc,d776676360391b9f
plantdoc-2020,train/Potato leaf late blight/fi000293.jpg,1,potato_late_blight,train,2309,cb0a5e19a8f4ac3f2b3e477e075db88b3bfeeeea,9242509ccfc3cbe5
plantdoc-2020,train/Potato leaf late blight/fig1a_500.jpg,1,potato_late_blight,train,2310,82a50b3b44d466ee6eb22fc05dfbe27cc5316a26,f3db9b2fe5373f7f
plantdoc-2020,train/Potato leaf late blight/figure-7-gudmestad-opt.jpeg.jpg,1,potato_late_blight,train,2311,28844ed25c87f39f7ceece5ae530916068630c5e,c667639c1b8bc953
plantdoc-2020,train/Potato leaf late blight/foliar_late_blight.jpg,1,potato_late_blight,test,2312,a8f1880af7b814579a7aafead4f20e17db7b1001,0e253117171b91dd
plantdoc-2020,train/Potato leaf late blight/gcp_A-2_Late_Blight_of_potatoes_callout1.jpg,1,potato_late_blight,train,2313,26eff70dfa2e1b782a443d2c68dff15c4583866a,a98fa6a6ba67379f
plantdoc-2020,train/Potato leaf late blight/late-blight-leaf-figure1.jpg,1,potato_late_blight,train,2314,3fe8454c4d2eb156299a8518fae9d67c1d901125,0883233b7e1e3ce4
plantdoc-2020,train/Potato leaf late blight/late-blight-leaf.jpg,1,potato_late_blight,val,2315,55dd33738d31ebc0ee987946e8f6d8b242e4d9af,1ac3476663654f3f
plantdoc-2020,train/Potato leaf late blight/late-blight-leaves.jpg,1,potato_late_blight,train,2316,20b73d22bda67c91b68820b7733d4e97d483042e,8c86353b3b238e8e
plantdoc-2020,train/Potato leaf late blight/late-blight-lesions-potato-leaf-miller-research-809.jpg,1,potato_late_blight,train,2317,9e732177679aa61a01e3e46aa94f58017bb49749,cf8f0e1f17139278
plantdoc-2020,train/Potato leaf late blight/late-blight-midwest_twitter.jpg,1,potato_late_blight,train,2318,f2e76f358d9b5b2871916d15e0d029e6655558fd,c79f272707278797
plantdoc-2020,train/Potato leaf late blight/late-blight-on-potato-leaf-550.jpg,1,potato_late_blight,train,2319,9122827057d85c243047f640542c4c0d00e25f68,131b921bde5e9c9c
plantdoc-2020,train/Potato leaf late blight/late-blight-potato.jpg,1,potato_late_blight,train,2320,c00a0ff10075252594f9ede15e8a5eef04b37aec,1d1d141c0ccece1c
plantdoc-2020,train/Potato leaf late blight/late.jpg,1,potato_late_blight,train,2321,e73199257ce45707da38f55ed02fece4d12ac11b,593115199f377571
plantdoc-2020,train/Potato leaf late blight/late_blight.jpg,1,potato_late_blight,train,2322,c0472f30d6be5632da4334c7a79caf96d920dd6c,3b19191753111958
plantdoc-2020,train/Potato leaf late blight/late_blight_potato_leaf_500.jpg,1,potato_late_blight,train,2323,eb000318f66589edf86cec24eef8fdeaf1d0ac3a,3c1c9e8e8e0c0800
plantdoc-2020,train/Potato leaf late blight/lateblight1.JPG.jpg,1,potato_late_blight,train,2324,6892f4deb01d8b0ac5139a69b70208220fa92001,e0b0f272d5f4e8c9
plantdoc-2020,train/Potato leaf late blight/lateblight2.JPG.jpg,1,potato_late_blight,train,2325,185dae34737bf7149c5b1107e1283f51a43786bf,7dfcf4e4e8b5f57d
plantdoc-2020,train/Potato leaf late blight/lateblight8.jpg,1,potato_late_blight,train,2326,9139dbb49393e177cd51bf1cafd1436c98e7d2de,db0d0d0ccc8d8ec4
plantdoc-2020,train/Potato leaf late blight/lateblightleaf.jpg,1,potato_late_blight,train,2327,f42bf66daccda31987a6b8b96d48240a70861e79,021a331732381810
plantdoc-2020,train/Potato leaf late blight/lateblightlesions_1.jpg,1,potato_late_blight,train,2328,e089ed61fee46fcfe0d37e569cbc3e6c0ee65b27,9e171787d7e7e3c3
plantdoc-2020,train/Potato leaf late blight/lb4_l.jpg,1,potato_late_blight,train,2329,0e749a893ac3e172d86252b38325b7f608fafced,cc9838382a6e38c9
plantdoc-2020,train/Potato leaf late blight/lb7_l.jpg,1,potato_late_blight,train,2330,e20025dd21626d90b61da7cfff4822d210b5ad05,de970f0f6767e5c5
plantdoc-2020,train/Potato leaf late blight/phytophthora-infestans-late-blight-or-potato-blight-on-the-haulm-of-E29H6G.jpg,1,potato_late_blight,train,2331,66970e6a128726e5aff4d555f73639de5f04f3b2,e78e07071f33158d
plantdoc-2020,train/Potato leaf late blight/phytophthora-infestans-late-blight-or-potato-blight-on-the-haulm-of-EHW1RD.jpg,1,potato_late_blight,train,2332,6886d4154f17c773952a5341a67a93c57f8d0e2d,01313d45d86e2df9
plantdoc-2020,train/Potato leaf late blight/phytophthora-infestans-potato-blight-first-foliar-symptoms-on-solanum-EJKRCK.jpg,1,potato_late_blight,train,2333,ca374294e4976dcf0becd8c44d9315f5b295ee06,e7a8528f1ecea464
plantdoc-2020,train/Potato leaf late blight/potato-blight-phytophora-infestans-close-up-of-infected-leaf-top-surface-A60HXG.jpg,1,potato_late_blight,train,2334,7d556b7020dee7a8a93e99a29ab1685695d52b6c,8d878703270f1db8
plantdoc-2020,train/Potato leaf late blight/potato-late-blight-phytophthora-infestans-lesions-on-potato-foliage-X4XJF4.jpg,1,potato_late_blight,test,2335,36754d89d713f27f9a680f0b43d2e007d6ea42f3,0d0a16b6973727b6
plantdoc-2020,train/Potato leaf late blight/potato-late-blight-phytophthora-infestans-lesions-on-potato-foliage-a1w19k.jpg,1,potato_late_blight,train,2336,47f117c1730f067260a00ad1a0ca0601622ceb24,6faf979316171b9b
plantdoc-2020,train/Potato leaf late blight/potato-late-blight-phytophthora-infestans-necrotic-disease-lesions-B7DEW3.jpg,1,potato_late_blight,train,2337,e0888f1fca44847e90d5dc4ff6a8b402afd01a8e,31383b373b2d0f86
plantdoc-2020,train/Potato leaf late blight/potato-late-blight-phytophthora-infestans-necrotic-disease-lesions-B7G2EC.jpg,1,potato_late_blight,train,2338,ce8086f918e6cfef6e05fffa4ce723c11f3ad346,51131e1e0e171796
plantdoc-2020,train/Potato leaf late blight/potato-late-blight-symptom-on-leaves-PGB5H9.jpg,1,potato_late_blight,train,2339,3d615fbd71a402cc84b478db32b321a24dc03e87,e7e793948c64c0b4
plantdoc-2020,train/Potato leaf late blight/potato-late-blight-symptom-on-leaves-PGB5NJ.jpg,1,potato_late_blight,test,2340,d232f2e39383037867822bab30580651fb8faa3f,6859c9e11515049c
plantdoc-2020,train/Potato leaf late blight/potato-solanum-tuberosum-late-blight.jpg,1,potato_late_blight,train,2341,c5e573dd3f6a9fa837d9c78c005d560cb6e6cdeb,b8f0e0c8cc894161
plantdoc-2020,train/Potato leaf late blight/potato_late-blight_02_zoom.jpg,1,potato_late_blight,train,2342,e83b72060fe17d0765f2239e2a2e7501177969c5,b31311133333130a
plantdoc-2020,train/Potato leaf late blight/potato_late-blight_05_zoom.jpg,1,potato_late_blight,train,2343,f08a9076565082c4e0528483c3da4c73809a281f,6e4c8e9794954333
plantdoc-2020,train/Potato leaf late blight/potato_late-blight_07_zoom.jpg,1,potato_late_blight,train,2344,6a5b7a1f37e8db79b3538080700681d110b49f19,468e0f070f0f0e2c
plantdoc-2020,train/Potato leaf late blight/potato_late-blight_08_zoom.jpg,1,potato_late_blight,train,2345,9ac95399043bcf108286028d65d8e94205465588,555032321a5c4d35
plantdoc-2020,train/Potato leaf late blight/potato_ocw_botrytis-lateblight.jpg,1,potato_late_blight,train,2346,c1475aa4a6d292ed96734c44880f12716206513d,5b53732363733694
plantdoc-2020,train/Potato leaf late blight/potato_ocw_lateblight-earlyblight.jpg,1,potato_late_blight,train,2347,fa4777d473d829403d32bf0862d5509e29e2033c,35317978505442c4
plantdoc-2020,train/Potato leaf late blight/potatolb_branchx500.jpg,1,potato_late_blight,train,2348,f45e459a8a7ba60074b02832dc98d80341c4633b,3534a4e40d301e1b
plantdoc-2020,train/Potato leaf late blight/potatolb_symptoms_meg-cornell_300x225.jpg,1,potato_late_blight,train,2349,e162b4940fd2365fff91ad073cee0be4507e6484,d36aedd5c6d25a4e
plantdoc-2020,train/Potato leaf late blight/potatolb_upper_leafcux1200.jpg,1,potato_late_blight,train,2350,90bfdb655e76bf4ad4ea1c3e6ecec2733280b785,633b39332721fd76
plantdoc-2020,train/Potato leaf late blight/wur-late-blight-in-potato-809.jpg,1,potato_late_blight,val,2351,8f2fccad96a396e368a6d65a1255c8b699eba1de,e2f3a3aa2b391911
plantvillage-2016,raw/color/Potato___Early_blight/001187a0-57ab-4329-baff-e7246a9edeb0___RS_Early.B 8178.JPG,0,potato_early_blight,train,0,d069d81f54b8b86fe8bab11f0bcad8939943b0b8,60d84443c386e460
plantvillage-2016,raw/color/Potato___Early_blight/002a55fb-7a3d-4a3a-aca8-ce2d5ebc6925___RS_Early.B 8170.JPG,0,potato_early_blight,train,1,61158a443d99876a607d3a0a94423483677032b2,8040584c0c84cc64
plantvillage-2016,raw/color/Potato___Early_blight/009c8c31-f22d-4ffd-8f16-189c6f06c577___RS_Early.B 7885.JPG,0,potato_early_blight,val,2,0d661041f85cfcf8e4ed0a8c6c0bebdc33976fde,c3d19c8686c36c3c
plantvillage-2016,raw/color/Potato___Early_blight/00d8f10f-5038-4e0f-bb58-0b885ddc0cc5___RS_Early.B 8722.JPG,0,potato_early_blight,train,3,e47f180922ad15ab6b073fc7e2202543571e6c36,0060706c7c1ce464
plantvillage-2016,raw/color/Potato___Early_blight/0182e991-97f0-4805-a1f7-6e1b4306d518___RS_Early.B 7015.JPG,0,potato_early_blight,train,4,3c617c04ca8c711f8c90a1feb54ce219454b1baf,0c3876c69e8ec8d0
plantvillage-2016,raw/color/Potato___Early_blight/02578b86-b234-4ac0-9bc3-691b5610e2bf___RS_Early.B 7562.JPG,0,potato_early_blight,val,5,a44c88fbd4005ec649d2ca6c9d22299ee4c5eaf9,38e88e0e2626b4c0
plantvillage-2016,raw/color/Potato___Early_blight/0267d4ca-522e-4ca0-b1a2-ce925e5b54a2___RS_Early.B 7020.JPG,0,potato_early_blight,train,6,56a2791d6f9d8f90c1c00d3a84283b513024a2c3,fefbd3c5cbceecf9
plantvillage-2016,raw/color/Potato___Early_blight/028f9b73-142f-499a-9c7b-d7c1ed5e5506___RS_Early.B 8546.JPG,0,potato_early_blight,train,7,1d7f852cba84a72bea0cdefa641218191710099c,8000404642b3c07c
plantvillage-2016,raw/color/Potato___Early_blight/034959c1-f1e8-4a79-a6d5-3c1d14efa2f3___RS_Early.B 7136.JPG,0,potato_early_blight,train,8,ae0234c53520333c06e3fc093dd82aca24edd290,9fe033f3e3c3efff
plantvillage-2016,raw/color/Potato___Early_blight/03b0d3c1-b5b0-48f4-98aa-f8904670290f___RS_Early.B 7051.JPG,0,potato_early_blight,train,9,dedfd7fd0c5c0fc2d9a46b23af0e9d3992430abb,48cc080c0c06a634
plantvillage-2016,raw/color/Potato___Early_blight/042135e2-e126-4900-9212-d42d900b8125___RS_Early.B 8791.JPG,0,potato_early_blight,train,10,5dec3cad92ae37003f79a056add05e660af478da,3874c6c72736acd1
plantvillage-2016,raw/color/Potato___Early_blight/044c3abc-0bc9-45fb-8fd5-094aeb605f90___RS_Early.B 8044.JPG,0,potato_early_blight,train,11,a5b9e6269ba366eeb361bdd83adf552a6ee537e1,0000102020c37118
plantvillage-2016,raw/color/Potato___Early_blight/048d18ae-98b1-484d-97da-5a0e69b9ebc1___RS_Early.B 6845.JPG,0,potato_early_blight,train,12,3f577c6d1a6bcba294d20e5a50a47502b1120742,3370ec8e8e0e9ecc
plantvillage-2016,raw/color/Potato___Early_blight/04c8e6b9-7710-4cdd-b259-2d78b15d1036___RS_Early.B 7066.JPG,0,potato_early_blight,train,13,df6a06c606c9c3f9066e9fbaaa8f990fbf66c93b,3c70c8989cdc89cf
plantvillage-2016,raw/color/Potato___Early_blight/04ee51b6-07e2-4182-84f8-46b22c8938a2___RS_Early.B 8091.JPG,0,potato_early_blight,train,14,7a775cbd733c622dd71de0dce6eecc056fd57219,fcf6f6989c8f8eec
plantvillage-2016,raw/color/Potato___Early_blight/04fd2a46-ddd4-4b0b-8f19-5ecca482a7d5___RS_Early.B 7273.JPG,0,potato_early_blight,train,15,02c2502d6361b117123e926c3567389420aa1c2c,40902c660683c078
plantvillage-2016,raw/color/Potato___Early_blight/05c35093-11b8-4cd0-b67a-148859754440___RS_Early.B 8939.JPG,0,potato_early_blight,train,16,e9b7db9f32f3802ce717097dce1f9a85b846f71b,fffffecedeaee6f2
plantvillage-2016,raw/color/Potato___Early_blight/0604174e-3018-4faa-9975-0be32d2c0789___RS_Early.B 7123.JPG,0,potato_early_blight,train,17,bfa4644c3808d21175a30b3f6c31ef04c53a70dd,9099ccc6e2713138
plantvillage-2016,raw/color/Potato___Early_blight/060fd5a7-1606-4a59-895b-604c90d6b414___RS_Early.B 7205.JPG,0,potato_early_blight,test,18,ee2441bf89d5dd86475ecc7b0a35153e2a52f66f,6080a626060e86c0
plantvillage-2016,raw/color/Potato___Early_blight/065fc68f-88c9-4fc3-b0a6-a6f5e1072eaa___RS_Early.B 7174.JPG,0,potato_early_blight,train,19,50e75a838e31620ba343bb631de51bd0ee50aab1,b0f8dc8e868ecc78
plantvillage-2016,raw/color/Potato___Early_blight/06ac6596-8d65-46dd-a343-a2209f3480e4___RS_Early.B 6921.JPG,0,potato_early_blight,train,20,71fc1e83f62c5adaf209dcf23436679f52fc0c73,e3a1b033b99dddec
plantvillage-2016,raw/color/Potato___Early_blight/06d9fcc9-4eea-4736-8392-5e483e2e948d___RS_Early.B 7411.JPG,0,potato_early_blight,train,21,5686ea87c4cb818438d40bbe76162790eba6e00c,e08004220282f838
plantvillage-2016,raw/color/Potato___Early_blight/07953ca1-8935-449f-b338-4357ed683b2d___RS_Early.B 6815.JPG,0,potato_early_blight,val,22,42327461f64de4ba68a110fc5fa716daaf9f2b70,1872d2c8a3d274c8
plantvillage-2016,raw/color/Potato___Early_blight/07baabd8-e118-47dd-9d8d-132d4347836a___RS_Early.B 8555.JPG,0,potato_early_blight,train,23,e4dc9236c8fcec179d0e6aa3f71a5db1dbcbd023,60c004060e2e20a0
plantvillage-2016,raw/color/Potato___Early_blight/07d777f8-2c5a-48da-935e-f17c572b1e6e___RS_Early.B 7880.JPG,0,potato_early_blight,train,24,df5cee4d1c796c203dd7a4ff4433e88ea5b41429,fcfcdd999b9b90f1
plantvillage-2016,raw/color/Potato___Early_blight/08029ccc-387e-4be6-9389-04f7b82fdb2a___RS_Early.B 9130.JPG,0,potato_early_blight,train,25,e2343aff8b0567fdc0f8afec48816b718f87a366,ffefe3e3afca8eec
plantvillage-2016,raw/color/Potato___Early_blight/08194ca3-f0b2-4aaa-8df8-5ec5ddc6696a___RS_Early.B 8151.JPG,0,potato_early_blight,train,26,25a360301ea63efd67ad74438b6c498dc3a3d62d,3863d39a262c98e2
plantvillage-2016,raw/color/Potato___Early_blight/08392b44-ecc6-4f38-8566-361b552cfe21___RS_Early.B 7393.JPG,0,potato_early_blight,train,27,0ef80c83b08449edda79ee8c46c16425ac561634,73f8dab3b392e8e9
plantvillage-2016,raw/color/Potato___Early_blight/0898bffc-57aa-4fdb-92d1-fd6a03d2a011___RS_Early.B 6946.JPG,0,potato_early_blight,train,28,8f43308f803f8af6a0b0d2741d7c56c45bd65cab,28c892262c30b080
plantvillage-2016,raw/color/Potato___Early_blight/089fb289-4bea-48b6-a29a-3a1d268d9dd3___RS_Early.B 8081.JPG,0,potato_early_blight,val,29,e07f0dfdda3a1f919ec00497ca82ea9f40871060,baf2df9e0e1e9cb8
plantvillage-2016,raw/color/Potato___Early_blight/08a892eb-19cc-45ea-babc-181b98f89238___RS_Early.B 7367.JPG,0,potato_early_blight,train,30,f98bd6ad4cd23471877309ed062321008a9bcb1a,7ef1f3c3979cb8b3
plantvillage-2016,raw/color/Potato___Early_blight/08bbd7f1-169d-4e38-946f-8d91589b263e___RS_Early.B 7106.JPG,0,potato_early_blight,train,31,38540b8a98614aba41a540deb570a01a7fa7492e,0e3cc1da9a4aacf0
plantvillage-2016,raw/color/Potato___Early_blight/08cf1add-91f8-41ea-bc13-54e7d1cb6da0___RS_Early.B 6865.JPG,0,potato_early_blight,train,32,06991b373fb78a790ca035bfacaf2ec8730a5a7b,3a72f2b6360c88f1
plantvillage-2016,raw/color/Potato___Early_blight/094fbf4c-da00-4037-82af-03e712d8db47___RS_Early.B 6908.JPG,0,potato_early_blight,train,33,42e560a078bb988385c136b83110f148dc8a6f91,409092126b2786c6
plantvillage-2016,raw/color/Potato___Early_blight/096a2c48-104c-4570-9e34-8dd60aa5ebcf___RS_Early.B 6979.JPG,0,potato_early_blight,train,34,940f8b86d6b5f8b992b4f640dc1c089cb7beb625,1838cc9e9e0e1c90
plantvillage-2016,raw/color/Potato___Early_blight/096f6928-24dd-4efd-acc6-b8246318676c___RS_Early.B 8970.JPG,0,potato_early_blight,train,35,45a01ce7f80d78b6140d741c694a75ff69245d4c,e3f2727b2ba1e7fa
plantvillage-2016,raw/color/Potato___Early_blight/09ab9573-90d5-4001-9b74-14551935deef___RS_Early.B 7603.JPG,0,potato_early_blight,val,36,f5ec63046a82ddc0de444ee53a1a701414736ba6,10924205444c04d0
plantvillage-2016,raw/color/Potato___Early_blight/0a0744dc-8486-4fbb-a44b-4d63e6db6197___RS_Early.B 7575.JPG,0,potato_early_blight,train,37,ad53f0cdf33703973c9b1816426bbd2964168759,def3e6c9a6ccb9c3
plantvillage-2016,raw/color/Potato___Early_blight/0a47f32c-1724-4c8d-bfe4-986cedd3587b___RS_Early.B 8001.JPG,0,potato_early_blight,train,38,05bcf03a507cff42c24cc7203730e3b6a44c72c6,30fcce83370e9cd8
plantvillage-2016,raw/color/Potato___Early_blight/0a6983a5-895e-4e68-9edb-88adf79211e9___RS_Early.B 9072.JPG,0,potato_early_blight,train,39,1d7a0046538b488216c91f016b18340b9acb51ee,802028002233c260
plantvillage-2016,raw/color/Potato___Early_blight/0a79700b-f834-41f5-ae51-6ceda6f67a48___RS_Early.B 8951.JPG,0,potato_early_blight,test,40,d5ed702a5848e26f10c978215beb9680c695b228,d9ccc6d6f5fbf6ec
plantvillage-2016,raw/color/Potato___Early_blight/0a8a68ee-f587-4dea-beec-79d02e7d3fa4___RS_Early.B 8461.JPG,0,potato_early_blight,train,41,8b59f6142b052ea6b324f7bdd5aa5dd5567dc7ee,b998daeee7fefeff
plantvillage-2016,raw/color/Potato___Early_blight/0ad3ba53-f01b-403b-a99d-5991eed85045___RS_Early.B 7600.JPG,0,potato_early_blight,test,42,de292c636294a9e6b98615f27bb36ba6016b3ab4,e7a1bc9ecfeffafe
plantvillage-2016,raw/color/Potato___Early_blight/0bbb8bce-2020-416b-8bd6-c160c2db9921___RS_Early.B 8386.JPG,0,potato_early_blight,train,43,441a2f3882e8767114a73754404b55d8efa26420,1e7ecbcb9b9b9eb0
plantvillage-2016,raw/color/Potato___Early_blight/0c4f6f72-c7a2-42e1-9671-41ab3bf37fe7___RS_Early.B 6752.JPG,0,potato_early_blight,val,44,23f305edc39ed94388c403a6fcec56ba0816aca9,7b1d74a42c17cff8
plantvillage-2016,raw/color/Potato___Early_blight/0c5b14d9-8b1c-4c39-bb23-1835b5760caa___RS_Early.B 7937.JPG,0,potato_early_blight,train,45,02c7e8cfef2db52355539cdaee0da424e4101e03,87b09cb6d2c6737c
plantvillage-2016,raw/color/Potato___Early_blight/0caf6a39-3f5f-4201-a4d7-3ea35fdf1303___RS_Early.B 6762.JPG,0,potato_early_blight,test,46,d54554eefa2d0ad0398e45af0344281805de19ce,e88c10594b0b8810
plantvillage-2016,raw/color/Potato___Early_blight/0d2325ff-4e3e-44bf-9614-e5ad6c23fc16___RS_Early.B 6797.JPG,0,potato_early_blight,train,47,d1eed30eba1126769e350fcf02d38505ccb213a0,e8c4868536a6d8d0
plantvillage-2016,raw/color/Potato___Early_blight/0d2e2971-f1c9-4278-b35c-91dd8a22a64d___RS_Early.B 7581.JPG,0,potato_early_blight,val,48,8278647c8e296bca773721273d51a092e723a20a,fedaf9b3b23e99d3
plantvillage-2016,raw/color/Potato___Early_blight/0d987d4a-26bc-4f74-8a16-12f8969dfed8___RS_Early.B 7013.JPG,0,potato_early_blight,val,49,2b9c469dc8d8d48dd0bcf409f59db9fcfb2b5512,fdf9e1cbd3e6ecf1
plantvillage-2016,raw/color/Potato___Early_blight/0d9dbf50-53a9-42b2-8b29-0360fb7dbd98___RS_Early.B 6692.JPG,0,potato_early_blight,train,50,d6fea595ddf74492dca0e13238d10e267338ffd7,73e48c9d5d1d13ec
plantvillage-2016,raw/color/Potato___Early_blight/0ddd62cd-a999-4d58-a8f1-506e1004a595___RS_Early.B 8041.JPG,0,potato_early_blight,train,51,b1ea9ce2a9e106f238b42946018b1c0077935598,78d88a32969cb8e1
plantvillage-2016,raw/color/Potato___Early_blight/0e0a1b51-f61c-4934-bc57-a820af1faacb___RS_Early.B 7147.JPG,0,potato_early_blight,train,52,6fb249e4d4fd5345dcf658545b5eb115fc7bf0e1,c0a06248480488c0
plantvillage-2016,raw/color/Potato___Early_blight/0e6b9e09-2bcd-41e0-b001-b80a33a8a78b___RS_Early.B 8694.JPG,0,potato_early_blight,train,53,fbb9856dfc4e6838e4f96042ce53a3e1f6c8c48e,fdfdf1f1d7aeeedc
plantvillage-2016,raw/color/Potato___Early_blight/0ed45bc2-c8cc-4d65-8f53-bdc10d78a7dc___RS_Early.B 8504.JPG,0,potato_early_blight,train,54,9e20db6540d989394bf8f5481ea3402cfe67c7d2,e48e9bd9dbd9f9fe
plantvillage-2016,raw/color/Potato___Early_blight/0ede4acd-3685-40d9-b52b-7b3cb6536fa8___RS_Early.B 7377.JPG,0,potato_early_blight,train,55,7a8082ef78388dc620594b3f1d80330e87966637,3c71654bb7c68c7c
plantvillage-2016,raw/color/Potato___Early_blight/0f223bbc-d2b4-4d58-8314-359d92d0102b___RS_Early.B 8052.JPG,0,potato_early_blight,val,56,8689964da77a8efad680c65d90c41b1dc02b7b17,c5f0b890a686c7fa
plantvillage-2016,raw/color/Potato___Early_blight/0f9c098f-a6df-4a73-8c14-8e7d4dbb1b0b___RS_Early.B 7991.JPG,0,potato_early_blight,test,57,f29bfd36bd863eed51d450e333da048b852e8e53,fef6f7b3b63e3cf3
plantvillage-2016,raw/color/Potato___Early_blight/0faca7fe-7254-4dfa-8388-bbc776338c9c___RS_Early.B 7929.JPG,0,potato_early_blight,train,58,83c97f05af1188977354fcade64c3095ab9326d6,3ce6e3220e2c6cc0
plantvillage-2016,raw/color/Potato___Early_blight/0fd22207-cb37-42a1-965f-7dfe43f9d579___RS_Early.B 6876.JPG,0,potato_early_blight,train,59,d8a7b191ef64fa0350db3a9e33217ea1f9285fe3,e1781e0b83c1e078
plantvillage-2016,raw/color/Potato___Early_blight/107827b3-faa5-457c-97fd-3e34d2657f6b___RS_Early.B 7162.JPG,0,potato_early_blight,test,60,0105128380f0d839b529be98e5f90b4d9d5a8f19,800024acacabe278
plantvillage-2016,raw/color/Potato___Early_blight/1082eee1-189d-4e0f-96b5-8b1393be4c4c___RS_Early.B 8743.JPG,0,potato_early_blight,train,61,54ef4f0c0788ae62305316ebce5fb74181b68b47,30d0c2821898d098
plantvillage-2016,raw/color/Potato___Early_blight/109730cd-03f3-4139-a464-5f9151483e8c___RS_Early.B 6738.JPG,0,potato_early_blight,val,62,c5d81e541e41e0b2beaac8d844d9456c40f598af,e76d643a9fc5ebf9
plantvillage-2016,raw/color/Potato___Early_blight/10a3920b-dd04-406d-8bbd-f92f221e4dee___RS_Early.B 7035.JPG,0,potato_early_blight,train,63,a0fd1838256439eeaf2621118a6cbab714951d78,1270ece0a8e4c4f0
plantvillage-2016,raw/color/Potato___Early_blight/10c438df-8ed7-4de7-94df-83298ebcf373___RS_Early.B 7001.JPG,0,potato_early_blight,val,64,a8e40e8192bc2673371c7d87993474562c957c3a,0190cc62621accf8
plantvillage-2016,raw/color/Potato___Early_blight/1131b92e-ef46-441e-ac5f-c18ac09bf69a___RS_Early.B 8064.JPG,0,potato_early_blight,train,65,537ba3f466c04f5ffd1b6467bc200eae79e4034b,c0a02622238ee238
plantvillage-2016,raw/color/Potato___Early_blight/1132bee0-fe6b-41a9-9583-7b959c2ca25f___RS_Early.B 7482.JPG,0,potato_early_blight,train,66,07f5cf010284b22016bc9c486e88e553c6c44c93,1e3c71e1cbeef4c8
plantvillage-2016,raw/color/Potato___Early_blight/11e974fa-928f-45f6-b983-e74c74c7d163___RS_Early.B 7992.JPG,0,potato_early_blight,train,67,871ced72d64e64094bc855c0acc6328e51dcafc8,f9e9e7a133b796d2
plantvillage-2016,raw/color/Potato___Early_blight/12429fa8-02ea-4017-88ef-b2d219b892f7___RS_Early.B 6916.JPG,0,potato_early_blight,train,68,277f9efa461c60baec57c7d987c2492c9a9fe701,60cc040e1e4e3c98
plantvillage-2016,raw/color/Potato___Early_blight/12826416-efc5-49d3-b615-731629c95435___RS_Early.B 7215.JPG,0,potato_early_blight,test,69,ca3fb1511d86bc3bf6f9f6434a87affa30ca2471,e1c88e8eeec0c4e1
plantvillage-2016,raw/color/Potato___Early_blight/129b1c3a-4f7d-4c45-ae03-2a4c3eb17dd4___RS_Early.B 7413.JPG,0,potato_early_blight,train,70,5de18611bdf4e4ca01b8da91312b6b022c4b4101,7fefcbcec6aef0e3
plantvillage-2016,raw/color/Potato___Early_blight/12a7bc09-8d7f-4790-8046-6e3f12f71399___RS_Early.B 7973.JPG,0,potato_early_blight,train,71,fe75d0feba9dc4fd532ecc9749c6cfc91496825d,b19c9e9bcbe7f7fe
plantvillage-2016,raw/color/Potato___Early_blight/12ebe6fe-c8ce-4a00-866f-8776aca75159___RS_Early.B 6873.JPG,0,potato_early_blight,train,72,f3fdb7f14783deeedaae16a9606359d521d90580,60f0b8988e8782c0
plantvillage-2016,raw/color/Potato___Early_blight/12f7b8bd-7aab-48de-ba2e-d2562408542f___RS_Early.B 7386.JPG,0,potato_early_blight,train,73,5591754086bd82cce15d2a9aa81d6b67bc7d2d6c,26c68e9d064cb871
plantvillage-2016,raw/color/Potato___Early_blight/1328ae8b-76e1-42e9-a0c4-7dd0612fdf99___RS_Early.B 8303.JPG,0,potato_early_blight,train,74,28bbfebd63dc2fec8b8466d99386d5f0de0a03f5,1a30c8d88a840080
plantvillage-2016,raw/color/Potato___Early_blight/1367d3e9-74fe-4d61-ab24-dd389dcb5d54___RS_Early.B 8011.JPG,0,potato_early_blight,train,75,0126200113d327460b81097af31533ba46ac9380,62c092a69e8ecc79
plantvillage-2016,raw/color/Potato___Early_blight/13cfb9dc-8951-44c0-8c16-e96fd6ccc659___RS_Early.B 7070.JPG,0,potato_early_blight,test,76,2f7b65ef9cc790c912465026f55815b016e499bf,38f0f82b1b1c4cb8
plantvillage-2016,raw/color/Potato___Early_blight/13ddd965-db42-4392-9798-fe0ba5ad7928___RS_Early.B 7631.JPG,0,potato_early_blight,train,77,761161b19c0ba869aa420fd7707683ebf2c99a16,38f084a6868ce0e1
plantvillage-2016,raw/color/Potato___Early_blight/13e2be1d-56bc-40c6-b5d1-e3bafc1b111e___RS_Early.B 8830.JPG,0,potato_early_blight,train,78,1208032d3a22e265c8ad75276334b824482237f0,70ecae2e06868cf0
plantvillage-2016,raw/color/Potato___Early_blight/14efc692-8ac6-4bd8-a71a-943192d6831a___RS_Early.B 6841.JPG,0,potato_early_blight,train,79,0cb440dc5ed40bbaafa470ee975725841e82252c,00603838180bc664
plantvillage-2016,raw/color/Potato___Early_blight/159f49c5-8d80-41cb-b730-333fdefdff62___RS_Early.B 7301.JPG,0,potato_early_blight,train,80,75545b22f8acaec9fbcd1d500e607f08342f131f,38d09322230e8c48
plantvillage-2016,raw/color/Potato___Early_blight/15ab8118-01fb-4e9c-83a9-94ab224d6854___RS_Early.B 7962.JPG,0,potato_early_blight,train,81,3b6d2ecd59f36e81280a6f80102aaf5bacf691c1,fff7d3cd0fa69cd9
plantvillage-2016,raw/color/Potato___Early_blight/16133ed7-f960-44a5-bd03-8e665e777363___RS_Early.B 7504.JPG,0,potato_early_blight,train,82,8872d8fb9d19398b79ffde66ecafdf50f903fe02,0c268e1c2c3c1c90
plantvillage-2016,raw/color/Potato___Early_blight/16a6f216-6d2a-48fe-b8bc-ff385c96d0d3___RS_Early.B 7220.JPG,0,potato_early_blight,train,83,50ac864968a20f9cdc0ccd6d8c9b97924ee5fc5b,83b09c0e23c36238
plantvillage-2016,raw/color/Potato___Early_blight/17520079-9d7b-481a-bc9e-676c5404d160___RS_Early.B 6774.JPG,0,potato_early_blight,train,84,7861b75265ab5742cce4bce22ccf5ee4d695f6f7,186cf2aaae2e1ed8
plantvillage-2016,raw/color/Potato___Early_blight/17667077-cf29-4976-9282-359c6da25cf6___RS_Early.B 6971.JPG,0,potato_early_blight,val,85,009089e6bc063519415b8b84aaa18977ef54d75c,387c76e18b2e5c98
plantvillage-2016,raw/color/Potato___Early_blight/1767fee7-18fd-4597-8c77-d41ec2d62f4e___RS_Early.B 6932.JPG,0,potato_early_blight,train,86,d30bc3fe88c7bb5e467375585969c88e5859e205,00cc986444048840
plantvillage-2016,raw/color/Potato___Early_blight/1769d41b-fd4c-49b1-adce-e89fee6a352e___RS_Early.B 6741.JPG,0,potato_early_blight,train,87,00124c5dc94518867e38e8aac5cc3c21398b041e,911c36373796cc68
plantvillage-2016,raw/color/Potato___Early_blight/17756ec1-9c95-43b3-bedc-933b6e0887f3___RS_Early.B 8251.JPG,0,potato_early_blight,test,88,cf189fccb51cbea4316dd28a5ec002376c76f4d3,ff79c9e9babab0c3
plantvillage-2016,raw/color/Potato___Early_blight/17848019-6609-4cc9-b27b-c70b296ceb09___RS_Early.B 7049.JPG,0,potato_early_blight,val,89,7a0994a883df9efb41fc7f40926c5dabe147feef,083404070f8e4c68
plantvillage-2016,raw/color/Potato___Early_blight/1797b5ac-ed8b-4b35-bd01-f8a14d34d6e1___RS_Early.B 8812.JPG,0,potato_early_blight,train,90,d085a95ad334a72ff65cdaf2eadb94b90eba3e99,78e2d282222488e0
plantvillage-2016,raw/color/Potato___Early_blight/17a06d03-8a7b-48a8-aaf9-3300741c65de___RS_Early.B 7625.JPG,0,potato_early_blight,train,91,076368527fc85f373fbd6f31bb98596c6088434b,1e3e4eded4bc70e2
plantvillage-2016,raw/color/Potato___Early_blight/1896de06-b6eb-4c01-a6c6-3247405765b8___RS_Early.B 8335.JPG,0,potato_early_blight,val,92,d0cb4c8d3dd2b8e15da0084a28aa57a55c6ec0f8,8783890c2682e07c
plantvillage-2016,raw/color/Potato___Early_blight/192c9d29-4a86-457b-a779-1dd36f225a5b___RS_Early.B 8012.JPG,0,potato_early_blight,train,93,215600f53895ed984f76b92a0f83cff256e0e22b,9138acacc7c7e178
plantvillage-2016,raw/color/Potato___Early_blight/1994cd3e-4000-4c56-bede-d35a1eecc287___RS_Early.B 6867.JPG,0,potato_early_blight,train,94,0d87cd220abd680282ee0d0c798d3c61574c329a,22c0868a404430c0
plantvillage-2016,raw/color/Potato___Early_blight/1a2970b6-bafd-4812-93bc-57ff969e1045___RS_Early.B 7330.JPG,0,potato_early_blight,test,95,f534a9b03413e3fc02c98fc171b1943bee9ceed1,60c422260486c460
plantvillage-2016,raw/color/Potato___Early_blight/1a38f06b-da2a-4c57-bef1-a73254896403___RS_Early.B 9178.JPG,0,potato_early_blight,train,96,82d584ed2a1a0ea3d39ba73d943d1db25d8d9ba6,30c0904060b498b1
plantvillage-2016,raw/color/Potato___Early_blight/1a77c047-7ed8-4f02-bfaf-a19e7a67c3dd___RS_Early.B 7076.JPG,0,potato_early_blight,train,97,9727a5d6a47a41e8b16c1ecaa42fc499dfd5c290,cccc9383a7cde7f7
plantvillage-2016,raw/color/Potato___Early_blight/1af20ff8-980d-4912-b337-804b09667de3___RS_Early.B 7392.JPG,0,potato_early_blight,train,98,74b229b4c48e7ef1867ec3bc915cbca58c522a9a,abe9743e96c7eb7b
plantvillage-2016,raw/color/Potato___Early_blight/1b0a2898-00b9-4a12-b4dc-a89b77b9e8b7___RS_Early.B 6928.JPG,0,potato_early_blight,train,99,43d2a982b4b087abb615d4ef2f0cb99d82d3e73f,f4e3c7919193c3d6
plantvillage-2016,raw/color/Potato___Early_blight/1b4304a9-88c2-4c09-bfea-830fa162a35a___RS_Early.B 7188.JPG,0,potato_early_blight,train,100,bec62623ef7c828e23325dc964d46adb8f49b197,3773c7879a36ecc1
plantvillage-2016,raw/color/Potato___Early_blight/1c42eae7-29c8-42fd-b05a-9b8255790f6f___RS_Early.B 7719.JPG,0,potato_early_blight,train,101,7e2906583cb535878d4e1ed64b054299cb2ec271,fe73b3b3b78ffe71
plantvillage-2016,raw/color/Potato___Early_blight/1c4e0445-375a-4c5d-b6fd-6123d22f009f___RS_Early.B 7972.JPG,0,potato_early_blight,train,102,dda233b6dce71ec45d175d6bb0fc6b1e22ff0af0,fce6c39bbb8feee8
plantvillage-2016,raw/color/Potato___Early_blight/1ca9e3ba-e029-48bf-b207-e8cb3546f953___RS_Early.B 7978.JPG,0,potato_early_blight,train,103,00d7436645c67b52084f223cf944dd5730d18394,c0888cc6070686e0
plantvillage-2016,raw/color/Potato___Early_blight/1cb05d87-027d-4bf0-b5c4-4c1a57896ac6___RS_Early.B 7936.JPG,0,potato_early_blight,train,104,c6a14e05f641864f462391638b013f7d1bd4d5cd,e0e08caeb69edcf8
plantvillage-2016,raw/color/Potato___Early_blight/1d038d64-7f3c-4b4d-9b3d-7736f97b59a0___RS_Early.B 7994.JPG,0,potato_early_blight,train,105,44a7ca1c0e3a8d8e07df5a901b958221333c08cb,78eccc9c58d8f0e1
plantvillage-2016,raw/color/Potato___Early_blight/1d18a770-8a16-4765-bae9-5d96f781db89___RS_Early.B 7803.JPG,0,potato_early_blight,train,106,c908408469789e75bcbeb22e19b9d3c2b298d471,fcf6d39b3fbaf6f0
plantvillage-2016,raw/color/Potato___Early_blight/1d2ec63e-acfb-4a80-ba21-853a724fff4a___RS_Early.B 8083.JPG,0,potato_early_blight,test,107,b310387bec864d63dd4316538e538be77e4cd30f,f0c4f61e2c1c9cc8
plantvillage-2016,raw/color/Potato___Early_blight/1d301622-e359-49d5-b4ca-6837f254fd1b___RS_Early.B 6719.JPG,0,potato_early_blight,train,108,6e5cfad5faef33ffdfd084c5aa869ac71e37ca59,433c16379dc9e5ff
plantvillage-2016,raw/color/Potato___Early_blight/1d466431-007d-4b3b-bd45-b09f1a6f7bad___RS_Early.B 8932.JPG,0,potato_early_blight,train,109,34442cd5dcbf6e8db006ff229055d89695d3bdd9,9aa865e6cebffff9
plantvillage-2016,raw/color/Potato___Early_blight/1d4fc5d0-fee6-40bf-8e7b-e1598ea64161___RS_Early.B 8912.JPG,0,potato_early_blight,train,110,8edb53ba14926b10aa32ac63faae5e9133ffbb3d,dbba3b293993f3f3
plantvillage-2016,raw/color/Potato___Early_blight/1daae61a-7014-4efe-b855-018999a5be9b___RS_Early.B 6852.JPG,0,potato_early_blight,train,111,00ce4874baa67e2655b44fd98ded31e72f233445,31f8dc9c060595c2
plantvillage-2016,raw/color/Potato___Early_blight/1de8ed75-0778-4364-9178-52c1bd0dffb4___RS_Early.B 6729.JPG,0,potato_early_blight,train,112,d81a9f2dc858f8db5eadd1eb43d693c1803aa523,6bdd99b3a6aece6c
plantvillage-2016,raw/color/Potato___Early_blight/1defd277-6394-4049-895d-470f1e27e189___RS_Early.B 8931.JPG,0,potato_early_blight,train,113,d93f95b94ab21de563fc6b12c004d4cbe1e28e29,f9fef2bbd6dcdcc8
plantvillage-2016,raw/color/Potato___Early_blight/1e671694-5713-4568-b8ad-06f15688d25e___RS_Early.B 7659.JPG,0,potato_early_blight,test,114,7530193240573883065eee09c14252b869bac01a,e3f0f8f9f5f6fafc
plantvillage-2016,raw/color/Potato___Early_blight/1e99ce6b-b7fa-4ae1-9076-279f430b8c5f___RS_Early.B 7092.JPG,0,potato_early_blight,train,115,271ff9b32fddaf41debb20f88d0f3e3ecf68c440,061e62c69e1c3821
plantvillage-2016,raw/color/Potato___Early_blight/1ee04a42-fa1c-4f6b-a88b-4cf583b188ea___RS_Early.B 8494.JPG,0,potato_early_blight,train,116,67cc689c621dae2f4cdbbc5ab974b8f7970e1d48,fee7fdfdbfbefcf0
plantvillage-2016,raw/color/Potato___Early_blight/1f56ef5b-9a3b-4731-bf82-b08aeb84fcb5___RS_Early.B 9032.JPG,0,potato_early_blight,train,117,50fdf366de99745a1e7bfefb5244f3f8ad685e89,1c22978d0f3e3c99
plantvillage-2016,raw/color/Potato___Early_blight/1f80f111-6a3e-4dfc-8456-0f3e9a19ae10___RS_Early.B 6879.JPG,0,potato_early_blight,train,118,6388753c8156a996f9538dd714c8599751a25469,1868d8dcbc9c88f0
plantvillage-2016,raw/color/Potato___Early_blight/1f830d02-1fc6-41d6-99c6-851e0d2af4ad___RS_Early.B 9182.JPG,0,potato_early_blight,train,119,98c14843c62c0312be7c286bda843750d9f147eb,dddc96d1f1e5e5f4
plantvillage-2016,raw/color/Potato___Early_blight/1ff86a73-9f36-45c5-8012-c5d90445b7ac___RS_Early.B 8563.JPG,0,potato_early_blight,test,120,bc28b7cf772a5843964aa4b01fd5a4a3e8d5e106,60c080464646e6e0
plantvillage-2016,raw/color/Potato___Early_blight/201fed44-8dde-4ece-9e76-3706b8afdf46___RS_Early.B 8259.JPG,0,potato_early_blight,train,121,dda7043814aaeb3455174f50570a1ae366b7328e,c00010486ca7e678
plantvillage-2016,raw/color/Potato___Early_blight/203357f4-1deb-42b2-99ed-32df34aa166c___RS_Early.B 6780.JPG,0,potato_early_blight,train,122,b6760a88486fabdbffe5e727d0477623ca257eea,dbd86c0f93d7c3e3
plantvillage-2016,raw/color/Potato___Early_blight/20421747-c083-48a1-aed5-b1097ae50491___RS_Early.B 8203.JPG,0,potato_early_blight,train,123,a5d01d5246247ec493c186c4e1688a94f281ed59,f8f86e26020a8ef4
plantvillage-2016,raw/color/Potato___Early_blight/20978e65-f4d0-419a-bab9-f6042ab2d318___RS_Early.B 6868.JPG,0,potato_early_blight,train,124,a1bf3d6a085e59a98b99c5d160453d3f6a599d3e,808018101a26e4e0
plantvillage-2016,raw/color/Potato___Early_blight/20e451e3-74a4-4a5b-b11c-257506f13a8f___RS_Early.B 6984.JPG,0,potato_early_blight,train,125,b43ef9a58443aed1b2cb22f1d2d5ae5401142ab0,f0d89e8fcf8d8eec
plantvillage-2016,raw/color/Potato___Early_blight/211094c5-4983-49ff-a92e-b992039bd048___RS_Early.B 6927.JPG,0,potato_early_blight,train,126,a3dc91574f905d89a8d0b81202168982a9465e44,d19c8eb2c3cae273
plantvillage-2016,raw/color/Potato___Early_blight/212c3c65-e30e-496f-ab5e-c2f4b0446d8f___RS_Early.B 8195.JPG,0,potato_early_blight,train,127,69e6544bb154df0b7ed433251a10deca4e1ad22e,e090207456569ce0
plantvillage-2016,raw/color/Potato___Early_blight/216a1a08-c4be-4fa9-b880-c260909e1dbc___RS_Early.B 6881.JPG,0,potato_early_blight,val,128,d56685af9ae6e6c12a2512cbc9fb5ee54ff66cbe,407070701a2686c0
plantvillage-2016,raw/color/Potato___Early_blight/21ca5caf-147b-4a1a-a2da-edfc1c81b62e___RS_Early.B 8926.JPG,0,potato_early_blight,train,129,a2c88cb63b8b9e8a3f288d7244dd2214c38180a1,20b0280e25c646c8
plantvillage-2016,raw/color/Potato___Early_blight/21d50c27-900e-4644-ab01-0cc96214d2f6___RS_Early.B 7153.JPG,0,potato_early_blight,train,130,a680fffb236e57b6011cb6b131b994a414efc2ef,041c3666c48c98d8
plantvillage-2016,raw/color/Potato___Early_blight/221c911f-e483-407c-b672-21150d09d57e___RS_Early.B 7678.JPG,0,potato_early_blight,train,131,4e94ea863124265d8b48ceacb8c86e7b614644d5,0e7ee6ae2c389090
plantvillage-2016,raw/color/Potato___Early_blight/22b28f50-4141-4ca7-be3f-ccb1c521c2df___RS_Early.B 8285.JPG,0,potato_early_blight,train,132,7b33c0d76425e9d24b5ce311e8b90a71edb03d00,fcce666636183880
plantvillage-2016,raw/color/Potato___Early_blight/22d1678a-3abd-4fe6-ac13-b654e2589280___RS_Early.B 8523.JPG,0,potato_early_blight,train,133,d3de0b543842f81f57364069a979b06e0b7a286b,f9f8d8999db9faf8
plantvillage-2016,raw/color/Potato___Early_blight/232c8d25-3bfe-41ea-b24f-2b3629a0253a___RS_Early.B 9200.JPG,0,potato_early_blight,train,134,37a82b66807cbf4db56d0abbf210149814a52ef7,f6f6e6a7afeededc
plantvillage-2016,raw/color/Potato___Early_blight/23546e04-7151-4dbd-95a1-687d963eb132___RS_Early.B 7402.JPG,0,potato_early_blight,train,135,2ab62766605d9d9ce01f8a06bfb18adc3609da92,3ce8844366348ca0
plantvillage-2016,raw/color/Potato___Early_blight/2356a4d6-8015-434e-a5f8-03197fef2c28___RS_Early.B 8139.JPG,0,potato_early_blight,train,136,67e5c3d3aa46232be349aab9f0c129f2782ac779,32709028424e8cc0
plantvillage-2016,raw/color/Potato___Early_blight/2446ca09-aa29-4ae4-8d34-45115c32cde7___RS_Early.B 8971.JPG,0,potato_early_blight,train,137,8b51dd1f9818bb288fc18376a3f7f480fead7f8b,d3cde6e3e3dbf3fe
plantvillage-2016,raw/color/Potato___Early_blight/24a34259-1c47-4e87-ac83-5decf37b42e4___RS_Early.B 6896.JPG,0,potato_early_blight,train,138,f3d21389b570bca2525f4dadd4b695f24fefe228,fffbc3c73e3cb3e7
plantvillage-2016,raw/color/Potato___Early_blight/24ced43c-a862-4e3d-8300-dffd350de2c4___RS_Early.B 6957.JPG,0,potato_early_blight,train,139,a6a171a5f14b34197623a894337c0a97f33b2cff,fcf69f3f3f3f9bce
plantvillage-2016,raw/color/Potato___Early_blight/24fb74df-0aa9-4e89-9ba4-55a4664438ab___RS_Early.B 8634.JPG,0,potato_early_blight,train,140,f55516d9da8ac4f49ffbd62f7e5a8955a30f3191,fefae1cd9737fcf8
plantvillage-2016,raw/color/Potato___Early_blight/25642761-2905-48af-b8da-1064a0f6b876___RS_Early.B 6831.JPG,0,potato_early_blight,test,141,26943b32e9a63af1a9bc493c2deafd0fbb5f9be8,0f38ea8686848990
plantvillage-2016,raw/color/Potato___Early_blight/25703c4f-ec40-4099-b249-a4fd07b07752___RS_Early.B 7040.JPG,0,potato_early_blight,val,142,b96f807e19c2b2017437e670ac56af4200d77c12,e0b4b2bbb9b9f9ff
plantvillage-2016,raw/color/Potato___Early_blight/2639ad26-c7e9-4bd6-8000-c002f676a4c6___RS_Early.B 7150.JPG,0,potato_early_blight,test,143,4ec12af608b301bce1a7acd17b5677b62ccf0625,fee6c56c76949ccf
plantvillage-2016,raw/color/Potato___Early_blight/268bb1c3-a714-46af-b6a5-bea66496158c___RS_Early.B 8678.JPG,0,potato_early_blight,train,144,313d0456e86f007d941de2e541138b4e7f6c33ea,70e8cece1a5e9cf8
plantvillage-2016,raw/color/Potato___Early_blight/26d0502d-5fb3-48fa-a86d-d1de92703285___RS_Early.B 6959.JPG,0,potato_early_blight,train,145,6f9c3f8bdd9b12b7eb813bea746be3ea39a926a6,31e88e8e0e5e9c90
plantvillage-2016,raw/color/Potato___Early_blight/26d0fa09-d463-461b-830c-3e970244cabb___RS_Early.B 7406.JPG,0,potato_early_blight,val,146,3742adacf307ed21bd8952e1b99b6b4b636936cd,e3ecb6fadbff6f78
plantvillage-2016,raw/color/Potato___Early_blight/26d2af6a-f52e-457c-8006-fa106ad39fbe___RS_Early.B 8586.JPG,0,potato_early_blight,train,147,47f35f936529a760bb92b54763db84a01b61d0ab,2e7ce2ca929eb8f1
plantvillage-2016,raw/color/Potato___Early_blight/26f15c9c-5cbf-49c8-ac4e-c5b15d03e319___RS_Early.B 9022.JPG,0,potato_early_blight,train,148,71a7bc2e19bbb746d373544feb961bf6f9ee75b5,8446c693860e0cb1
plantvillage-2016,raw/color/Potato___Early_blight/275c3337-11ee-487c-9093-bcd5e310c72c___RS_Early.B 7671.JPG,0,potato_early_blight,train,149,36e8b7f6128d4b2aa9ec220ebf1f8521e84442ee,c0c0a02434b4c060
plantvillage-2016,raw/color/Potato___Early_blight/2767ef91-3383-4872-9804-e0bcd2bc43fc___RS_Early.B 7783.JPG,0,potato_early_blight,train,150,ecb7148fe8885e14606829e67e8d9b2d41c72022,988cc663b3dbeefa
plantvillage-2016,raw/color/Potato___Early_blight/2771e005-3cb4-4e12-8868-80adca5ce02a___RS_Early.B 8640.JPG,0,potato_early_blight,train,151,4e17480e5044cea8484d1eeb2d7c92f04b54952d,c008180e0e0e8ce0
plantvillage-2016,raw/color/Potato___Early_blight/283134dd-8b32-447e-8e82-547d3b69f4d4___RS_Early.B 7494.JPG,0,potato_early_blight,val,152,ac36c62dfffd9a47efabe9c301b1c143fb5879ec,0703048cc6e573be
plantvillage-2016,raw/color/Potato___Early_blight/28f275f9-4dd9-479a-a005-ed442362840a___RS_Early.B 6790.JPG,0,potato_early_blight,train,153,4c7eeb56ca1f0334579bfaa63f285b14254c61c9,2068d1a26244c840
plantvillage-2016,raw/color/Potato___Early_blight/292a3f93-96a2-4b0d-879f-581136c57bcf___RS_Early.B 7099.JPG,0,potato_early_blight,train,154,2a4e6b84b703db6ff0b18dd7e014f24762dc6e63,1c7cc6c8985880e3
plantvillage-2016,raw/color/Potato___Early_blight/29386668-721c-4359-99a6-734f1a4b096b___RS_Early.B 8362.JPG,0,potato_early_blight,train,155,bf73f0d6062fd7001620aa8fd2a2d4e7716e68c8,32c28e8e0c1c1810
plantvillage-2016,raw/color/Potato___Early_blight/29508e75-1a9d-4838-b929-cf42f8638e83___RS_Early.B 6782.JPG,0,potato_early_blight,train,156,189567649e08e57ca32a0917f156f9a03870dc19,3043a46c8c9ce132
plantvillage-2016,raw/color/Potato___Early_blight/29922d76-0eda-4e7c-89af-7688c656bfdd___RS_Early.B 8353.JPG,0,potato_early_blight,train,157,22b525eb56d50929b3b108702251cbf26a538512,c2981c3810103020
plantvillage-2016,raw/color/Potato___Early_blight/29978e78-7d4a-4fff-a659-52e45e9b96b3___RS_Early.B 7672.JPG,0,potato_early_blight,train,158,ab937979254d2a0a5d301f481af55bb04fbafed2,77f1d9d838b4b4f1
plantvillage-2016,raw/color/Potato___Early_blight/29f79006-adf2-4d71-a6a8-bfc02c020b71___RS_Early.B 6833.JPG,0,potato_early_blight,train,159,b88cb2abee15d37558b677183e9548face6c86f1,1470141218306000
plantvillage-2016,raw/color/Potato___Early_blight/2a4fd894-0c4f-471b-b80b-d362a7b513f4___RS_Early.B 8038.JPG,0,potato_early_blight,train,160,7f37c2f73dc06376926e2e4c828c19c143eec964,e1fcb733b79bcf6c
plantvillage-2016,raw/color/Potato___Early_blight/2a9d3616-0bf1-4d98-b649-0a46d36dab7c___RS_Early.B 6703.JPG,0,potato_early_blight,test,161,2fc1e75b7adbf87840b923b15bc4db4caa8a7bad,04920c4e1d5858c0
plantvillage-2016,raw/color/Potato___Early_blight/2b1718b3-c951-4f24-b6ec-4eb7df77c913___RS_Early.B 7475.JPG,0,potato_early_blight,train,162,2fc1590332596b2222ea9a648d6cc5fbb99a3995,7160cc8997bbfcf0
plantvillage-2016,raw/color/Potato___Early_blight/2b3e46d9-09dd-4966-99c6-fe44c741b94c___RS_Early.B 8290.JPG,0,potato_early_blight,train,163,608888a010024948b40c3123998364be154c1d0f,e3a8be9fcfe3f9fc
plantvillage-2016,raw/color/Potato___Early_blight/2b6f9564-80a2-4db7-a5e6-72be5ef33a71___RS_Early.B 8009.JPG,0,potato_early_blight,train,164,f9db713be7ea9673a39ad04289a1759c7822d822,9388a6b797cfe77b
plantvillage-2016,raw/color/Potato___Early_blight/2b8cfa81-e20f-4c28-b403-2cec2e5c0f2a___RS_Early.B 8145.JPG,0,potato_early_blight,train,165,ccaf937d0e57f2d383692d54e797f81bec81b42f,3e72ed99b39ea4e0
plantvillage-2016,raw/color/Potato___Early_blight/2b982641-10ea-4426-874f-509e6377ff59___RS_Early.B 7663.JPG,0,potato_early_blight,train,166,9de52712f7b26f2c3e1ea41e7a8b27b724e7f8a6,80101c3606368270
plantvillage-2016,raw/color/Potato___Early_blight/2bc972a0-789f-4e60-9882-2f16fc363dfc___RS_Early.B 7234.JPG,0,potato_early_blight,train,167,8a0247e2bf5067b2433ef1850bd9d8571691d607,3c46c3a6068ec871
plantvillage-2016,raw/color/Potato___Early_blight/2c0e712a-fb21-44b6-bbe1-7c67cec7b965___RS_Early.B 7084.JPG,0,potato_early_blight,train,168,935f1062eb6cd72a6a88f6ea1a05c4d64bac58b4,e79899dbe7ebd9fc
plantvillage-2016,raw/color/Potato___Early_blight/2c310eaf-dbf4-4e8f-a8d8-ed8e0b51067a___RS_Early.B 6897.JPG,0,potato_early_blight,train,169,90cc848c670cf254319edc9173e95e2390cd9d62,e3f89c1e9b9bdbf9
plantvillage-2016,raw/color/Potato___Early_blight/2c48971d-9f73-401d-a62a-f3729d08b6c2___RS_Early.B 7463.JPG,0,potato_early_blight,train,170,c4f19c15abb1968ab7f8f7c61b919015825eeebc,fce6c7171f9bf9b9
plantvillage-2016,raw/color/Potato___Early_blight/2c5500a4-cfa4-4b46-8db4-443b995d39dd___RS_Early.B 8768.JPG,0,potato_early_blight,train,171,51191b29a805e4995a568462facbd3bd60f05715,83999c9c9dfbfefe
plantvillage-2016,raw/color/Potato___Early_blight/2cafa90e-af46-4d0a-9137-9780d816b96a___RS_Early.B 7731.JPG,0,potato_early_blight,test,172,f0b5798e63f2bba348438556da332ab4ee29d6a4,7ecd99b3b2b8b103
plantvillage-2016,raw/color/Potato___Early_blight/2cc3eb24-b210-4827-befe-0e3a24161ac4___RS_Early.B 6829.JPG,0,potato_early_blight,train,173,d7119a452843fc575fafd3fb47972db662e2fc76,eff9cbc3c6c6c9fb
plantvillage-2016,raw/color/Potato___Early_blight/2cce6cd6-16c4-426f-84e6-2f3c192fac2c___RS_Early.B 8999.JPG,0,potato_early_blight,train,174,df4bc35e61283a183490d0fe340c9682cef8bdb8,fffdffbfbfbbf8e5
plantvillage-2016,raw/color/Potato___Early_blight/2ce7e8d7-4cc9-4ab3-9d22-8f7ad21d8eda___RS_Early.B 8609.JPG,0,potato_early_blight,train,175,bdf9ad35dc0f38e1074dccf246ceb91dc02812d2,f1bcbeb79fc7e3f8
plantvillage-2016,raw/color/Potato___Early_blight/2cf993b6-98e7-4678-aea5-9177ea3b63bd___RS_Early.B 7692.JPG,0,potato_early_blight,train,176,131e48087859bfe3e38efbc32ee5035986db9ee1,838c8ee39bcffa7b
plantvillage-2016,raw/color/Potato___Early_blight/2d149f7a-4b0a-40a6-8d0b-1d1f14e5e696___RS_Early.B 9143.JPG,0,potato_early_blight,train,177,5d019d70db74609ecf47a95f714a894b2b9ea550,30f0c4c6ce9ab8d0
plantvillage-2016,raw/color/Potato___Early_blight/2d344be7-2d5f-4d27-aeb2-b92c8191b877___RS_Early.B 7173.JPG,0,potato_early_blight,train,178,74efebb7a0575384f74bd46cbc2b07428f398e11,3c7ac6868a1e9cc0
plantvillage-2016,raw/color/Potato___Early_blight/2dc9baab-663f-4f09-a0a4-7c07edfb4c42___RS_Early.B 6866.JPG,0,potato_early_blight,train,179,1ced23df39e0f48b96698246360cbe46fffb6862,3970f2c6c2aecce1
plantvillage-2016,raw/color/Potato___Early_blight/2e88d4ed-b11b-4123-9e4b-f3c02a65ad39___RS_Early.B 9180.JPG,0,potato_early_blight,train,180,9d995c59337a7a1a2a2126bc47a1c53256658d72,fff1e1e9e1e3e6e9
plantvillage-2016,raw/color/Potato___Early_blight/2ebb14eb-0e87-468c-a1cb-80579a77a37a___RS_Early.B 7044.JPG,0,potato_early_blight,train,181,9a76237f582ca1ebaad71b04da23c8bcc76b5397,80982c26271392d0
plantvillage-2016,raw/color/Potato___Early_blight/2ec0f91e-b8a4-4aeb-9e08-8bd32b492487___RS_Early.B 7502.JPG,0,potato_early_blight,train,182,f7ddde69a89c3a4d046f17f4ea1320eac1087781,7c7aeae7a70e1cf1
plantvillage-2016,raw/color/Potato___Early_blight/2f81d148-c62f-4d3c-baf4-72b77abea41a___RS_Early.B 7493.JPG,0,potato_early_blight,train,183,8f1990053cd34cb2519563a0c96bc74e6d185a7c,3cf0e4cc8e8ef4f0
plantvillage-2016,raw/color/Potato___Early_blight/2fe81ef1-d7ec-4395-b071-c74d5beb4037___RS_Early.B 7242.JPG,0,potato_early_blight,train,184,63d558c4444816360d9efb1088b733ce58da7011,41381c0e268b6338
plantvillage-2016,raw/color/Potato___Early_blight/306c45ac-6f97-4b7e-9fad-1c8c39870138___RS_Early.B 7673.JPG,0,potato_early_blight,train,185,a9f5483cc19bb3868024309f73189f939cc4498a,3fffffd6dcdcf173
plantvillage-2016,raw/color/Potato___Early_blight/31290247-3f4f-445d-8bad-20d7dccbf979___RS_Early.B 7019.JPG,0,potato_early_blight,train,186,c70b4ce87e73d8924f3b3c7cb9369269062b79c1,e1f08e8e0e9cd9d9
plantvillage-2016,raw/color/Potato___Early_blight/31d0ecc8-045d-4a4a-ac33-431556c83e4c___RS_Early.B 8692.JPG,0,potato_early_blight,train,187,2eeb59db136c17d7a55e95ec96dc9d916fab2f83,0040300482c36878
plantvillage-2016,raw/color/Potato___Early_blight/31d5d932-9eb3-45d1-bc85-40ef64d7a688___RS_Early.B 7255.JPG,0,potato_early_blight,test,188,a778b93ede888bd73cf05dd35f22f665d4e208a4,3968886e6c30c0c1
plantvillage-2016,raw/color/Potato___Early_blight/320be8ee-2f9a-48f2-86fa-1c1d993a2fe2___RS_Early.B 8186.JPG,0,potato_early_blight,val,189,3de0085f84939111f3b0196ab7c6230683a1c969,3662e2c2143c10c0
plantvillage-2016,raw/color/Potato___Early_blight/32c3bd85-3b12-4051-9185-12d39caaf94f___RS_Early.B 6684.JPG,0,potato_early_blight,test,190,c220b1cd9a163216ddbaedb8ceab52c20b89d49b,f9f3e3e3060e9cb0
plantvillage-2016,raw/color/Potato___Early_blight/33019904-ac3b-4083-a192-ce4092758ddd___RS_Early.B 8344.JPG,0,potato_early_blight,train,191,c9175decda845595a0694830c6da12df9976cd08,788c22636238b830
plantvillage-2016,raw/color/Potato___Early_blight/334fd34b-f4aa-4cc2-9ac9-8b85df65b96c___RS_Early.B 6773.JPG,0,potato_early_blight,train,192,ac9a9c96aebaab2ba5a127546fc54d70100cccbb,0e1666d6ac8c99f3
plantvillage-2016,raw/color/Potato___Early_blight/336e5156-8947-46a7-a6fb-e993255d9091___RS_Early.B 8085.JPG,0,potato_early_blight,train,193,daba1c4b56e88e6631f43f6f1f3fb5857047c13c,c098909ccecccc66
plantvillage-2016,raw/color/Potato___Early_blight/33d72b8e-ae59-4fd4-8c74-eaf342682b47___RS_Early.B 7884.JPG,0,potato_early_blight,train,194,511144db34f1139ea359f6f632c298c25dd5bd5b,f9ecb68786ccece1
plantvillage-2016,raw/color/Potato___Early_blight/349730da-a627-4da6-90d5-707c4a3dba88___RS_Early.B 7553.JPG,0,potato_early_blight,test,195,4ac65b0447f504ea2436a8ffcf11560425d6feed,3874e600200090d1
plantvillage-2016,raw/color/Potato___Early_blight/34b0f33c-be8b-4338-9334-5418a5f84f28___RS_Early.B 7532.JPG,0,potato_early_blight,test,196,fbb89ae7ada8d6da6a956e4c0fe6656eff1bf68a,f466ffbf1ebcf8f1
plantvillage-2016,raw/color/Potato___Early_blight/34d2260c-888c-419c-b32c-938efa379b97___RS_Early.B 8253.JPG,0,potato_early_blight,train,197,3a0198743f36bf8cd2dd26ac95b0f456a1a411a8,f8c6e3b19f9ecce8
plantvillage-2016,raw/color/Potato___Early_blight/34d62dee-797e-4f31-9063-f6a285935b4d___RS_Early.B 6733.JPG,0,potato_early_blight,train,198,802e146d1b66168bec5e6094f5ed02bf45a21969,51844c414b4383c3
plantvillage-2016,raw/color/Potato___Early_blight/34d7e068-10e6-4ea0-8547-c90937fccbbc___RS_Early.B 8198.JPG,0,potato_early_blight,test,199,bd543e0d3880579d611502a843fc9558adc0e60f,fefbe5e98bce9ce4
plantvillage-2016,raw/color/Potato___Early_blight/34f42d6e-6e09-46cb-800b-5da5fdb5e8b8___RS_Early.B 8110.JPG,0,potato_early_blight,test,200,54e61ce2abe3275983637643543b6757b7ee6582,f0ecdadac3c3733e
plantvillage-2016,raw/color/Potato___Early_blight/34f44be4-9dc5-460b-896d-cd6593166fe7___RS_Early.B 8175.JPG,0,potato_early_blight,train,201,b22a8ac7e8d3b084166883a545e172c58c5bf4a8,1e7bfb87969ef0c0
plantvillage-2016,raw/color/Potato___Early_blight/357426c8-5b7b-4d56-9cb0-13cfaecc219f___RS_Early.B 7326.JPG,0,potato_early_blight,train,202,5333bde7a3701ea7d4fb927f8718ab777c30a057,e7a5cccd94ddcf7c
plantvillage-2016,raw/color/Potato___Early_blight/357b61ef-a56b-4207-aa26-161b0ef3e635___RS_Early.B 8492.JPG,0,potato_early_blight,train,203,fd3145f20b583bbf9f255d7fab53789890311501,00602020e0e07038
plantvillage-2016,raw/color/Potato___Early_blight/3613b972-6af8-4a9a-be7f-bf68e4eb4cd0___RS_Early.B 6813.JPG,0,potato_early_blight,train,204,eff81652b99852877d85f96f6e5ebd843e91d541,fdfbcb83932f8cf8
plantvillage-2016,raw/color/Potato___Early_blight/36548ca6-33b3-4a74-9b2a-52eba7aee9a3___RS_Early.B 9205.JPG,0,potato_early_blight,test,205,44ed2955bb3b9f1eb86226afd024bc88ad8f39bd,1cc68b236202c2a0
plantvillage-2016,raw/color/Potato___Early_blight/3682433d-fb0a-495b-a6e8-d753542b042b___RS_Early.B 8189.JPG,0,potato_early_blight,val,206,9680e7af27c17a51ae455f3498833e07147284bc,81c8f0d8cce7673a
plantvillage-2016,raw/color/Potato___Early_blight/37471260-d7b4-4ccd-901e-974332ef2eb9___RS_Early.B 7967.JPG,0,potato_early_blight,train,207,cc98d886dd8e39bfdbb36b2331c79d3dc7775df4,36e6868e0e1c1080
plantvillage-2016,raw/color/Potato___Early_blight/37957a08-5b06-49f7-9973-29f167dd95b8___RS_Early.B 8758.JPG,0,potato_early_blight,test,208,396083f72a45c626c2f128606634c7bf88fc80c1,fbe7e99d9bbeb8f1
plantvillage-2016,raw/color/Potato___Early_blight/37c72e1c-7981-4d84-9587-f5014b609230___RS_Early.B 7457.JPG,0,potato_early_blight,train,209,9c130656cf7ff9fc62f9e5dc01101b83a9914e09,7ce686d69ad47873
plantvillage-2016,raw/color/Potato___Early_blight/37d5791e-19e8-4095-a1cd-36aede6d0802___RS_Early.B 7172.JPG,0,potato_early_blight,train,210,07903aff753884175a0d686481e08a0a26e6bc2a,f4e6cf8dcd8f96d4
plantvillage-2016,raw/color/Potato___Early_blight/37d94308-8783-4657-9ca6-eaca86e1015a___RS_Early.B 7825.JPG,0,potato_early_blight,train,211,cdb32cf88a7f4c87caeab8402119d74190a4017c,f8cc971bb98bf3fc
plantvillage-2016,raw/color/Potato___Early_blight/37da60b5-9c33-4fe7-95d4-3a2db2a7702b___RS_Early.B 8359.JPG,0,potato_early_blight,train,212,38e2d605f49d659372059fcf6ad4b962c2fc776e,c1d89c8d9ff7e5fc
plantvillage-2016,raw/color/Potato___Early_blight/38757e70-6278-4961-b1f3-19fccbb085f5___RS_Early.B 6968.JPG,0,potato_early_blight,train,213,a19faca435d83adcf1257f1f1b89e7e84beb770b,6074363e0e1e9830
plantvillage-2016,raw/color/Potato___Early_blight/38807f81-ce49-4978-916a-a6cd2a95bfb0___RS_Early.B 8397.JPG,0,potato_early_blight,train,214,e868d9a8fd54b31a5573fc42b7a9cdafc2110c77,82818884c2f0763a
plantvillage-2016,raw/color/Potato___Early_blight/38a72c90-ed53-4432-b625-01c1f962f791___RS_Early.B 7302.JPG,0,potato_early_blight,train,215,00c71784b0055d42e3e0d652eb4fbcddee73756c,00101018b6826030
plantvillage-2016,raw/color/Potato___Early_blight/38aa30f4-14d5-446f-80c3-ec60ce67ccc3___RS_Early.B 6789.JPG,0,potato_early_blight,train,216,d3e9aa0ffe2186c13aadf52b129f0a9ae7a981db,094ac595d3c062ec
plantvillage-2016,raw/color/Potato___Early_blight/392c5f68-3ee5-4b61-90e9-afa16375beb8___RS_Early.B 8047.JPG,0,potato_early_blight,train,217,2ffb99002d1b80803d065c234135e9418efdfcca,fffdd5b1bebc38b1
plantvillage-2016,raw/color/Potato___Early_blight/3935d2ce-2d27-45ec-ab50-a53df9d30fa2___RS_Early.B 7437.JPG,0,potato_early_blight,train,218,e0e471f01f6a849e986b9e8f95c9cdd2ab2edee5,b8dec3e7c7e3fa78
plantvillage-2016,raw/color/Potato___Early_blight/3a314933-9e92-4c90-acc2-656a04c591e7___RS_Early.B 8906.JPG,0,potato_early_blight,train,219,5143da358314d2648be2127a8eb0bcf43fcdb2c0,c18c76338bc6e218
plantvillage-2016,raw/color/Potato___Early_blight/3a8429cf-f8a7-4f64-a435-ec4f1ad692c7___RS_Early.B 8990.JPG,0,potato_early_blight,val,220,d24ff8d67abc870ed9a78f2bd19e22d0c2dfce46,8f898e8f8f8fe7fc
plantvillage-2016,raw/color/Potato___Early_blight/3a97c74a-3d6e-4cd9-86e0-10a8e716e7b5___RS_Early.B 8422.JPG,0,potato_early_blight,train,221,bbe91f48554b1c6d46b09abfc2c9dfb49da9e5ec,3160c0eeeeec98f8
plantvillage-2016,raw/color/Potato___Early_blight/3ab17a89-2e50-49c2-bb75-518369da98c1___RS_Early.B 8636.JPG,0,potato_early_blight,test,222,b4afe6e216e7476e424701cbc4a93c68b87f6f08,d3bc9adeeff7ffff
plantvillage-2016,raw/color/Potato___Early_blight/3ab92984-3126-4154-9bfd-f2c8c9fd670e___RS_Early.B 7440.JPG,0,potato_early_blight,train,223,f2aac5b0cb67e36577674733ad782f9e0e409a56,787ade869efef8d0
plantvillage-2016,raw/color/Potato___Early_blight/3aea17a1-9413-4312-bcf2-e9aadb7371ab___RS_Early.B 8237.JPG,0,potato_early_blight,train,224,66d7cc4aada75d22ca0f832dba196a408736e6a5,3664c6dca02266d8
plantvillage-2016,raw/color/Potato___Early_blight/3b090cee-ba51-44c2-9cc6-4581db95070e___RS_Early.B 7789.JPG,0,potato_early_blight,train,225,c1ecb89d8c1d785159a65d79df4ffdda204992dc,60d0d890d0f03018
plantvillage-2016,raw/color/Potato___Early_blight/3b1e3161-b02e-4aa0-a490-8a50c242d10e___RS_Early.B 8553.JPG,0,potato_early_blight,train,226,c9d4b7e137c009cbc4711ad2afdeff8fab5e7dc9,1c70e6a6ae2e8c90
plantvillage-2016,raw/color/Potato___Early_blight/3bf3bb26-3cbd-46f2-a9ba-c86700edafcb___RS_Early.B 7599.JPG,0,potato_early_blight,train,227,f5844b7b1fc7fe9a4b43abf5c1cde53c233b15b7,cbc8dadbddfdfcfc
plantvillage-2016,raw/color/Potato___Early_blight/3c3a9c2c-3387-4666-9f42-4d14142e9500___RS_Early.B 8499.JPG,0,potato_early_blight,train,228,5cf10f35e88cc68c937b0e70348c7c59e1dabc5a,04b0b032121c9890
plantvillage-2016,raw/color/Potato___Early_blight/3d3c01e1-8cde-4c0f-9468-67dd287a2dc0___RS_Early.B 7761.JPG,0,potato_early_blight,train,229,f75cfd8cc792cf09aeb250780ed86b0e27905515,dffcf7cfa5afb0f3
plantvillage-2016,raw/color/Potato___Early_blight/3db185d7-7c05-42f9-b508-7a3883e50660___RS_Early.B 7011.JPG,0,potato_early_blight,train,230,a54a515632579dbd4e06be781f643e7f555dab51,80981c2c2c02aae8
plantvillage-2016,raw/color/Potato___Early_blight/3de47a70-4a74-462f-8b56-2088507be4ef___RS_Early.B 8832.JPG,0,potato_early_blight,train,231,86cf3d33201951390ccd4936b62d50b6f4c7cb9b,e0849637361694a8
plantvillage-2016,raw/color/Potato___Early_blight/3e7543bc-4792-4b65-afd9-f9ccd52b7319___RS_Early.B 8571.JPG,0,potato_early_blight,train,232,cdfab81d20b20d97d329e747bbb079ed99cb7c75,e3602c2e9292cc7c
plantvillage-2016,raw/color/Potato___Early_blight/3ebc2af4-fe74-4918-b46f-09ec268884ef___RS_Early.B 7856.JPG,0,potato_early_blight,train,233,69eda16251896a2bea94e4bdece84ceb410ba3e5,803034722bcee234
plantvillage-2016,raw/color/Potato___Early_blight/3ec5894d-dcc2-4276-ba28-0048b6d5605a___RS_Early.B 8027.JPG,0,potato_early_blight,train,234,2f45a3979632f12bc251b2c9f55a123d4a23c525,d0cca7a30587c7f8
plantvillage-2016,raw/color/Potato___Early_blight/3ef2279b-2fda-463a-b007-e2a93ff977f0___RS_Early.B 7235.JPG,0,potato_early_blight,train,235,2aa4ba98ca564cea77b26d3cdf267097f68a3abc,80f0180c0626faf2
plantvillage-2016,raw/color/Potato___Early_blight/3fb9fd25-3f61-4983-8342-2abb34d1b010___RS_Early.B 7920.JPG,0,potato_early_blight,test,236,3842f11fb9448efd17b3481e8abfc5f42105f789,805048c6c7e37018
plantvillage-2016,raw/color/Potato___Early_blight/4019e40b-0175-462a-b6bb-228cf42c1a65___RS_Early.B 8256.JPG,0,potato_early_blight,train,237,279ed7d8cf36ef7125508372a1c90417752f10fb,7cfc9ebadebe8cc0
plantvillage-2016,raw/color/Potato___Early_blight/403aa255-393c-43b4-8f68-f68efbf4f5df___RS_Early.B 8544.JPG,0,potato_early_blight,val,238,68f59a0f49dfe8672cf2922c551b28ea6f53fb3c,caaa6263424640c0
plantvillage-2016,raw/color/Potato___Early_blight/40d1ccba-b047-4f89-b469-af79bc233524___RS_Early.B 7006.JPG,0,potato_early_blight,test,239,b0657d8df14e9f1ff638d252205faf54793ff248,367cccc6848c98e0
plantvillage-2016,raw/color/Potato___Early_blight/4138df1f-b8f7-429f-9e95-a627f6aba912___RS_Early.B 7667.JPG,0,potato_early_blight,train,240,4a42be50ab1870a364b32179e584562ebbd68dc7,3e78e2cdd7fed8f0
plantvillage-2016,raw/color/Potato___Early_blight/419611a4-5597-43d6-ae92-c3c09bc549d7___RS_Early.B 7182.JPG,0,potato_early_blight,train,241,9f5ea30bf1ad82ba154c80a6667e3672571a87c7,3870c6c7868cc858
plantvillage-2016,raw/color/Potato___Early_blight/41cc6e70-9745-413d-b13d-c4775bcdfa7c___RS_Early.B 7610.JPG,0,potato_early_blight,train,242,50ce574a4cd91e5071ad437c7b616a6860a2cdae,7978e0898c8eccd0
plantvillage-2016,raw/color/Potato___Early_blight/41e155c4-eccf-4166-83cb-f110b2312c48___RS_Early.B 6985.JPG,0,potato_early_blight,train,243,fd2a9bcf606df3e5a1a89a876203e948e1dc60aa,060e7266ce8e9cb0
plantvillage-2016,raw/color/Potato___Early_blight/41eccd84-6a67-4b04-ae69-59c1bcf17728___RS_Early.B 7964.JPG,0,potato_early_blight,train,244,f7ce7dc3579389b1fa4cc208b2d1e456a01bb4bb,1e7fe7c3d29e1cf1
plantvillage-2016,raw/color/Potato___Early_blight/41f4502c-34aa-45a5-b593-7191f7a62f96___RS_Early.B 8774.JPG,0,potato_early_blight,train,245,505379d2e11897ce327e26b46cf8b9ed89418b5f,f0989e1e1e8ecee4
plantvillage-2016,raw/color/Potato___Early_blight/42148e3c-34d6-484e-a4b8-8dc037667a4c___RS_Early.B 8235.JPG,0,potato_early_blight,train,246,202b9773a91e26ec0bae63ab1f4bb61795da9a60,d88e8393cbcde9f0
plantvillage-2016,raw/color/Potato___Early_blight/4217355a-471b-4045-9199-55003f2c9b99___RS_Early.B 7469.JPG,0,potato_early_blight,val,247,955fabb509e23f25c4f92cfc68ddad680e5b0756,80206036332fe772
plantvillage-2016,raw/color/Potato___Early_blight/422fa1a6-d0f7-4634-9233-0d002ff139ae___RS_Early.B 7218.JPG,0,potato_early_blight,train,248,ca96d3a09afc4c3b82f0d56c8e7162a0420aa1ec,1f3f62c2cadc1cf1
plantvillage-2016,raw/color/Potato___Early_blight/425e5f26-56b0-404d-b537-dc3353ecee09___RS_Early.B 7058.JPG,0,potato_early_blight,val,249,94e1429ed4e422c33f1c2f9bedd664bd044e5a7b,80880c8c8682d830
plantvillage-2016,raw/color/Potato___Early_blight/426aeefb-981d-4436-9f92-0fe230bb65fe___RS_Early.B 6977.JPG,0,potato_early_blight,train,250,e29af63f209b544bdebddd7c015631b7b70cd977,e58496a793f1f6fe
plantvillage-2016,raw/color/Potato___Early_blight/432f1b02-9493-4cf1-8ef7-a40f817e43ff___RS_Early.B 8497.JPG,0,potato_early_blight,test,251,f8c322f894586d3467c37210f0fd20231096130b,0e3af2e3a2e4c8e1
plantvillage-2016,raw/color/Potato___Early_blight/434ccb1f-7a21-47f4-96b5-3e87bf5fe2a2___RS_Early.B 6760.JPG,0,potato_early_blight,train,252,9e26518435b29840396f6be85d0c59a2c1b7c9db,31e890c2c283c678
plantvillage-2016,raw/color/Potato___Early_blight/438176fc-2e4a-45d1-9014-3eb2391c5832___RS_Early.B 8147.JPG,0,potato_early_blight,test,253,bbd3fca17d5487c0ea43e0df56e20e7e01a7242e,71e0dcbaaa9a98f8
plantvillage-2016,raw/color/Potato___Early_blight/43af6366-6c6a-408c-a10d-a4bad9428a19___RS_Early.B 7595.JPG,0,potato_early_blight,train,254,1c226f745230e22e011a5a923de718fa5045c19c,802068607212d218
plantvillage-2016,raw/color/Potato___Early_blight/43ddad18-d70a-49d3-97d6-9a5f82ddeecd___RS_Early.B 9069.JPG,0,potato_early_blight,train,255,b7949bf93d33fd1daa76f62cf0002ab5d83dc2a4,3078d0c466169cc8
plantvillage-2016,raw/color/Potato___Early_blight/450b4a32-39ae-4daa-aeb6-87559afb0b42___RS_Early.B 9202.JPG,0,potato_early_blight,train,256,bfe13138a0dda5f865d740a2c485ce2b359536ec,8efcfaee969e9cc9
plantvillage-2016,raw/color/Potato___Early_blight/454203b9-0376-4db3-92ed-047545daa7c6___RS_Early.B 6953.JPG,0,potato_early_blight,train,257,35c26bfa6cba61cc15b28f76087ca3e788d2330e,196e8e8e426932bc
plantvillage-2016,raw/color/Potato___Early_blight/45ecd7ac-7db9-49bf-b34d-ccd2e83123b0___RS_Early.B 6883.JPG,0,potato_early_blight,train,258,1abe354844ec82b26a8e8efa956109e3b6e9fa39,fffbe38f9f1eaced
plantvillage-2016,raw/color/Potato___Early_blight/467991cb-4b55-4b00-9b18-7ff5efdd7adf___RS_Early.B 7290.JPG,0,potato_early_blight,train,259,965e4b2573180c7b7c0733b19666b71830d3321b,fef3cf8f9ebeb071
plantvillage-2016,raw/color/Potato___Early_blight/46819687-0705-4628-8748-9cb356587f30___RS_Early.B 8421.JPG,0,potato_early_blight,train,260,5959467fe98c793ef0f05c04446340c342cb52c7,0e3e76cc9ebe38e1
plantvillage-2016,raw/color/Potato___Early_blight/4699d1d8-f931-4b1c-8fd4-03a58350a86d___RS_Early.B 8972.JPG,0,potato_early_blight,train,261,58f77f7c3a3298875d2f6b668f568a1315e06b9e,5cdc94b082c30c80
plantvillage-2016,raw/color/Potato___Early_blight/46dc77f0-be88-4887-b1f7-82adff9aaa39___RS_Early.B 7750.JPG,0,potato_early_blight,train,262,53c8a5106565e15ba8c49ab013c652fff310570e,fff3c5a7273e39c7
plantvillage-2016,raw/color/Potato___Early_blight/4722a31c-987f-4fac-afa1-37479556a056___RS_Early.B 6810.JPG,0,potato_early_blight,test,263,73ccb4049c9b94dd4b649ccf0876a94b7b6038af,31e5a69b92969ce0
plantvillage-2016,raw/color/Potato___Early_blight/477c3ef0-ab1e-44fb-852d-6b3ce74c93a2___RS_Early.B 7257.JPG,0,potato_early_blight,train,264,368bde0e38db42a010545aec29bbfc2c1d1d008d,70c49c3132a4e020
plantvillage-2016,raw/color/Potato___Early_blight/4849de96-2e26-4c8d-8944-bd9e8edee5d8___RS_Early.B 9196.JPG,0,potato_early_blight,train,265,169ef47b3cdf073095c1bfe04af29153374c5bbf,107486ac2c1840c0
plantvillage-2016,raw/color/Potato___Early_blight/4857420e-b28e-4bb5-aa03-5e333cf27af0___RS_Early.B 6847.JPG,0,potato_early_blight,train,266,9a300b548cd05fb001bcf2dc40f65c039ffb09bf,80a0380c0e0e86c0
plantvillage-2016,raw/color/Potato___Early_blight/48ed1384-b3c5-464d-bdc8-97b347d89a58___RS_Early.B 6744.JPG,0,potato_early_blight,train,267,2b7ac31a90b9730022b1c3b900b8b63b1907b8de,f9f1e4c282868cc8
plantvillage-2016,raw/color/Potato___Early_blight/495e73a1-0f61-43a6-b539-d7f74e3fbf71___RS_Early.B 8245.JPG,0,potato_early_blight,train,268,fb5195a8e87fedb99d92753278f04e6619e3a28f,def0e6eafefcd8d1
plantvillage-2016,raw/color/Potato___Early_blight/49b24f9e-12d4-4f32-8bc8-482d66514a17___RS_Early.B 8037.JPG,0,potato_early_blight,train,269,b1cb77201eacc7b0c7b3f11558f89602296c6753,fcded39bb9afaef8
plantvillage-2016,raw/color/Potato___Early_blight/49ecf1fe-0000-49e8-a042-fb6c9bac38c9___RS_Early.B 8940.JPG,0,potato_early_blight,train,270,0a36132e9e7024df3d50e34bfb5306271f3eaffb,fdfdfcceaaa7bbf8
plantvillage-2016,raw/color/Potato___Early_blight/49f13f57-6881-4caa-839b-d93215ce1b77___RS_Early.B 7009.JPG,0,potato_early_blight,train,271,e167793e9d9946b71967a2a0e1ac98c2e00855dd,30306c4ccccc4061
plantvillage-2016,raw/color/Potato___Early_blight/4a06db68-bed1-4ae6-80ba-e9df70fa6f7b___RS_Early.B 8657.JPG,0,potato_early_blight,train,272,570288f9b204465db4dde0678e3f1e0ab7eb4b48,1c7ce2ce8e1e0ce0
plantvillage-2016,raw/color/Potato___Early_blight/4a35b485-4f57-471a-a2cc-d5d7ebd41c40___RS_Early.B 7651.JPG,0,potato_early_blight,train,273,a57fc20125ecc0d18f66b6227b518f60e6b0225a,bcfcb8d1b7f6f872
plantvillage-2016,raw/color/Potato___Early_blight/4a4847c4-c393-4772-8035-e39b472e179b___RS_Early.B 7167.JPG,0,potato_early_blight,val,274,e8bcaaa45feac0ddf310cfd240734b7dba98c835,3170c6928a8c8cc0
plantvillage-2016,raw/color/Potato___Early_blight/4a7c680d-9c18-4065-a6e0-70cd2d0a3207___RS_Early.B 8107.JPG,0,potato_early_blight,train,275,193364e6dcf5d5812c0baa00db9183749b5502cf,6663e3c3d2dac8e3
plantvillage-2016,raw/color/Potato___Early_blight/4ab9d59b-57ee-4e22-a6bb-d8152710fd28___RS_Early.B 6857.JPG,0,potato_early_blight,train,276,a724328feb0402f27f1b08df56e47d922f157632,fbccce8b8381f7f6
plantvillage-2016,raw/color/Potato___Early_blight/4af8e9e9-077d-4c7b-859d-626f74d3b1ff___RS_Early.B 7738.JPG,0,potato_early_blight,train,277,dc8187a9d74245662e90609e367b459c1c5190c9,61380ccef5f37a38
plantvillage-2016,raw/color/Potato___Early_blight/4b484f0f-82dc-45d1-a5b6-72c8a6a96323___RS_Early.B 7262.JPG,0,potato_early_blight,val,278,baf883f71b474b2f9f090837c4e85b1c1faf48f7,9f8c9e9d9ddcf6fe
plantvillage-2016,raw/color/Potato___Early_blight/4b7b3611-d9b9-40c8-b0f5-d730fcd76679___RS_Early.B 6937.JPG,0,potato_early_blight,val,279,7b7570b2ab5a0ffe05c3f68848f122689e257949,3878c8d85e8ed860
plantvillage-2016,raw/color/Potato___Early_blight/4b925312-1973-41cf-afdf-9090d02dd539___RS_Early.B 7913.JPG,0,potato_early_blight,train,280,f8469b5e2c108720b13165119568e7f6b6a24338,78d8cc86b3629ac8
plantvillage-2016,raw/color/Potato___Early_blight/4bac4925-72ff-43e7-8726-5e2126c6c30d___RS_Early.B 8206.JPG,0,potato_early_blight,train,281,b121e38c80a7a3a9d2ae5159bb66c14739fdfb77,bffbe7abaf8f8ee0
plantvillage-2016,raw/color/Potato___Early_blight/4bba904e-b4af-4a81-8252-b8d997bc5057___RS_Early.B 7695.JPG,0,potato_early_blight,train,282,1b8c263b35b66b86a97d1b3242d54d2f5990a722,187084a4a4a4e040
plantvillage-2016,raw/color/Potato___Early_blight/4be99b40-e269-4c69-8c90-ac75514650af___RS_Early.B 6830.JPG,0,potato_early_blight,train,283,8342ea61149441d46af713e2ba56b983fc4b6f3f,f1ccce8f8da9f3f2
plantvillage-2016,raw/color/Potato___Early_blight/4c246dbf-ad6c-4563-ad59-d5ea84453817___RS_Early.B 7662.JPG,0,potato_early_blight,train,284,a988741efe47426af7d970d4c41f840c31105478,7cd09a2e161c98c0
plantvillage-2016,raw/color/Potato___Early_blight/4c7622da-663c-48df-8005-355fff221fe1___RS_Early.B 8432.JPG,0,potato_early_blight,train,285,64369a6f7f47f35d1cef8ad2e2d4b42ec60a45d7,1e3ae4cc9e9cb4c8
plantvillage-2016,raw/color/Potato___Early_blight/4c8df1cf-82bb-49eb-894c-8a516fbd1d74___RS_Early.B 6753.JPG,0,potato_early_blight,train,286,9b43428cb718bdb48e5750808a61204111518c00,048d397050504400
plantvillage-2016,raw/color/Potato___Early_blight/4d1d5d85-e67d-4007-bceb-9b577f49065b___RS_Early.B 8885.JPG,0,potato_early_blight,train,287,f2bb5dabaf0db9b0636b19d72f2b839f069b3560,0121909c86c14976
plantvillage-2016,raw/color/Potato___Early_blight/4d5d6c62-61d8-45a3-aada-3ee8bc44e1d5___RS_Early.B 6685.JPG,0,potato_early_blight,train,288,160e5c272fa12eee0eca9015ae55692a43432c6a,dfef5b4b65a70e59
plantvillage-2016,raw/color/Potato___Early_blight/4d943ff8-e048-43c6-8861-4cdc6adab6a0___RS_Early.B 8726.JPG,0,potato_early_blight,train,289,6bec68228a047bafb8acd9ee08df512b9213cc8c,f8fcdedff797dff0
plantvillage-2016,raw/color/Potato___Early_blight/4da46a9d-7709-4528-acc3-a7be6ace3714___RS_Early.B 7187.JPG,0,potato_early_blight,train,290,8ac23dd73ce381ca60639d7f94aa551c8eceeedc,c3bcb6999dcdecfc
plantvillage-2016,raw/color/Potato___Early_blight/4ddd0823-ecf4-4a0b-81d5-9844705e5694___RS_Early.B 8936.JPG,0,potato_early_blight,train,291,1c08a16b6034d6b5387a221c401b80a766cc2732,6040881c4d4e8cc0
plantvillage-2016,raw/color/Potato___Early_blight/4e40c113-4ab2-4a71-9ecc-5ceb67905190___RS_Early.B 7446.JPG,0,potato_early_blight,train,292,6eeca43909bd180a8580a85d18ae4001fde702bf,ecc6e3e3c3cb6e78
plantvillage-2016,raw/color/Potato___Early_blight/4e478f6a-b8cf-425f-85e8-d80d6aaab8e1___RS_Early.B 9026.JPG,0,potato_early_blight,train,293,29eb7aeb470d9876582217bfb9832330cb0e0b27,20184c6c1f97c309
plantvillage-2016,raw/color/Potato___Early_blight/4e7faad5-4f3c-432a-8a71-bbe198aece77___RS_Early.B 7354.JPG,0,potato_early_blight,val,294,ad41e9a39991616186c58a7ad32b4da690d563a8,c7b0bebeefffffff
plantvillage-2016,raw/color/Potato___Early_blight/4eacc117-bab5-40ff-bde0-dbc6b2a35822___RS_Early.B 7999.JPG,0,potato_early_blight,val,295,a7487c444e0b2933dff870a137afdda925827dd6,f8eccba3a7bfdce0
plantvillage-2016,raw/color/Potato___Early_blight/4eb1fee6-e288-4c32-841d-9fc1d1824508___RS_Early.B 8446.JPG,0,potato_early_blight,train,296,fde521be10eac213723a285630d23ccfc8fa00c1,202080c4c4e47038
plantvillage-2016,raw/color/Potato___Early_blight/4efd8455-c6ef-4e25-abad-d4d273f84c28___RS_Early.B 8128.JPG,0,potato_early_blight,train,297,1514f92c647c552494458a0b4e39455e65d30d0d,71c8d63e1e9d93de
plantvillage-2016,raw/color/Potato___Early_blight/4f12ef84-6c6e-43d6-b6f1-3a8b0278b3a6___RS_Early.B 8101.JPG,0,potato_early_blight,train,298,ecdbc00519e669fab0a910bd07356eade7a551e1,6860c48e9e9cf0e2
plantvillage-2016,raw/color/Potato___Early_blight/4f20f0e5-b870-414c-99a0-136575a61ce5___RS_Early.B 6724.JPG,0,potato_early_blight,train,299,ff7fe76dd31e38586267381fa80e2a664a6d756e,03382c2c31434760
plantvillage-2016,raw/color/Potato___Early_blight/4f5ed8b8-7266-451d-a726-c1dbba2e5381___RS_Early.B 7384.JPG,0,potato_early_blight,test,300,afb9d3acfd07a315837f85d6536b07d582d8829c,a1bcbe9e9fdfcf7c
plantvillage-2016,raw/color/Potato___Early_blight/4f71ba26-6612-427b-8dc0-4d8cc909f1fa___RS_Early.B 7122.JPG,0,potato_early_blight,train,301,f302451e3a4bab17add685795e5b420811840e9a,3060ecd2d8d8d4e8
plantvillage-2016,raw/color/Potato___Early_blight/510146c8-7368-4acc-847d-523f55b3d424___RS_Early.B 6678.JPG,0,potato_early_blight,train,302,7e9b9a8257fdb74194534db11fd6cb06790dc17e,0016864e5c280840
plantvillage-2016,raw/color/Potato___Early_blight/519e17be-a518-410a-ad3e-153d07fc3563___RS_Early.B 7711.JPG,0,potato_early_blight,train,303,fdaf0e72f34330f9c0042fb631490e8a522c52e9,fef2e6a68e0c39d0
plantvillage-2016,raw/color/Potato___Early_blight/51ab2ec9-d90b-47f3-8e4a-fdceeceb033b___RS_Early.B 7859.JPG,0,potato_early_blight,train,304,6fe8842aa6ec61dbef5a0590b9bcab6a5cb6b338,fef6dfb5bdbabce1
plantvillage-2016,raw/color/Potato___Early_blight/51bc94fe-ba23-4776-a9ec-727e55015acb___RS_Early.B 8267.JPG,0,potato_early_blight,test,305,e4ba3fea932895f0bbbf1c39c77132a058f8a52f,286c467663040040
plantvillage-2016,raw/color/Potato___Early_blight/51d521bb-5800-4f46-8fd0-f6cb09f37989___RS_Early.B 7572.JPG,0,potato_early_blight,train,306,9795dc741f45de0e45a72f4801343595bb005cfd,f3dc9e93b3a6ecf9
plantvillage-2016,raw/color/Potato___Early_blight/51e028c1-7aec-46e9-a389-391bc38b46f3___RS_Early.B 8505.JPG,0,potato_early_blight,train,307,a489f891353fcdf4ef7785e2d4369da4f291faf9,1978e4b4b38e8cd9
plantvillage-2016,raw/color/Potato___Early_blight/51f13c93-c8b6-4542-a81b-cb1a2e83f179___RS_Early.B 7684.JPG,0,potato_early_blight,train,308,0a4596b95b83efd00c67ba2a2848eb5eccdcf143,39f8c898b0b8f167
plantvillage-2016,raw/color/Potato___Early_blight/51f59871-72dc-490c-a550-9e7869142284___RS_Early.B 7224.JPG,0,potato_early_blight,train,309,61678a31f8a365163e164f81a18c5cad64d745f4,8739eeb2d9eff318
plantvillage-2016,raw/color/Potato___Early_blight/520475a1-5acf-433f-a306-cff6ec1a99ef___RS_Early.B 9159.JPG,0,potato_early_blight,test,310,5c9dd1d8d1874c1a8a84dde6d4aa07cd0f287bdb,ebcc8a8d898dcfcc
plantvillage-2016,raw/color/Potato___Early_blight/524142aa-78fb-4fab-895c-ddb993d07479___RS_Early.B 7435.JPG,0,potato_early_blight,train,311,9ea144809df3fc61a93687a8facea5fada670cbb,7198144e0e4ea270
plantvillage-2016,raw/color/Potato___Early_blight/52fb5725-33cf-4076-9abc-93311d027da2___RS_Early.B 8415.JPG,0,potato_early_blight,test,312,848ab4e20fc12a4761977d7ebb51115fdea00a83,0d38c2822c081880
plantvillage-2016,raw/color/Potato___Early_blight/53257270-67b3-4408-aaec-abbd9f5f19f0___RS_Early.B 7212.JPG,0,potato_early_blight,train,313,d0e38317deac69507681a91064bf3d5b9e508235,8080180c06e3c274
plantvillage-2016,raw/color/Potato___Early_blight/53de9716-fcc5-4241-9e8d-21792a5cf226___RS_Early.B 9014.JPG,0,potato_early_blight,val,314,14943c4a10d6961247532dad868c54516f23107e,016387830e0c08a0
plantvillage-2016,raw/color/Potato___Early_blight/53e30623-2023-4bbf-b904-ba39426f8628___RS_Early.B 7613.JPG,0,potato_early_blight,train,315,0e41724849cb38a8bdaf9d8c49f336f36b5fcc60,002000000280e070
plantvillage-2016,raw/color/Potato___Early_blight/541b768f-ec74-4f60-8e5a-778a5eb359da___RS_Early.B 8647.JPG,0,potato_early_blight,test,316,a3c77fd00b5dfbad347743c242afa39d54a9fdd3,1e3c64c6cebc30c0
plantvillage-2016,raw/color/Potato___Early_blight/541f3dc9-a330-4caf-97f3-88bec1b60c53___RS_Early.B 7767.JPG,0,potato_early_blight,train,317,ed22a44a87a0eb1962fe57b1a2e8720228424ee3,3868c08c8c8c8943
plantvillage-2016,raw/color/Potato___Early_blight/54260e42-8e3f-44c2-b252-c784391ce639___RS_Early.B 7508.JPG,0,potato_early_blight,val,318,1b449cde9d6aa08aae8e1f02704d3a2c80986602,1e3575d7a70e3cf1
plantvillage-2016,raw/color/Potato___Early_blight/544b5324-f697-4af8-90d4-47b7b86691c6___RS_Early.B 7028.JPG,0,potato_early_blight,test,319,37fe4e5b784cf157b97a1d55cb469f1a1551af02,1e32c28cb22c38b1
plantvillage-2016,raw/color/Potato___Early_blight/54a0c5b4-7df1-46c8-95f7-85ffb6a47939___RS_Early.B 8174.JPG,0,potato_early_blight,train,320,3bf4ef1f057f3d633da26c1a4450eff02cd141e7,f09ebba583e6f2fe
plantvillage-2016,raw/color/Potato___Early_blight/54eebf69-9501-4f9e-b923-1ef61f31d93c___RS_Early.B 7098.JPG,0,potato_early_blight,test,321,9414bbca187606ae17a36f78f017af8817e5ac48,c18c92978fcfeffc
plantvillage-2016,raw/color/Potato___Early_blight/5585ecfc-6e6e-4544-8e6d-180d958b7211___RS_Early.B 7619.JPG,0,potato_early_blight,train,322,8042dd5ef5a57a3c15d01dbd7fdc158a6c5eae4b,78cc999997e67479
plantvillage-2016,raw/color/Potato___Early_blight/55daa016-a408-4de3-a79e-53d0ec53ea16___RS_Early.B 7686.JPG,0,potato_early_blight,train,323,9525549e4be8af9af5410788659963447a35ee48,38f66666a684e020
plantvillage-2016,raw/color/Potato___Early_blight/569206bf-423e-4508-b1b4-2ca6821aceac___RS_Early.B 7554.JPG,0,potato_early_blight,train,324,c4114a4ff9b3178e7924ef3c6758d48415c57c7f,c0908800222084e0
plantvillage-2016,raw/color/Potato___Early_blight/56a6692b-15ba-4097-aba1-ba428b6fefcd___RS_Early.B 7899.JPG,0,potato_early_blight,train,325,0b28dd043543224db65bab3e46917f982ecd67f6,fcfcd9f9f9fba8e7
plantvillage-2016,raw/color/Potato___Early_blight/5720f8b8-4fd7-451f-af18-a48730691c2d___RS_Early.B 7155.JPG,0,potato_early_blight,train,326,1996c6d6dbe8760530b16ca590138621648cbfe2,3264cc8c3c383828
plantvillage-2016,raw/color/Potato___Early_blight/5748b34e-9143-4540-b4f0-37b8f7dd9e96___RS_Early.B 7198.JPG,0,potato_early_blight,train,327,7d91b3c138e089598995cc94587d4f213121f288,c0982c0c06a6c268
plantvillage-2016,raw/color/Potato___Early_blight/5755142f-0cba-45b7-a563-beb1bf6db374___RS_Early.B 8321.JPG,0,potato_early_blight,train,328,f78f22698c6e6b49688c0c0535361b22948d4af0,1e64c4c89a182810
plantvillage-2016,raw/color/Potato___Early_blight/57bb36be-b5bc-44e0-91e5-0b1b4d31bc82___RS_Early.B 7311.JPG,0,potato_early_blight,train,329,79e5d2c12e733c0a25198d1ddc45ca30e9055cf7,78f2e2e7868ecefc
plantvillage-2016,raw/color/Potato___Early_blight/57c5fe0f-ce93-412a-a29e-a70a4aa23649___RS_Early.B 6818.JPG,0,potato_early_blight,val,330,5fd2a02bc0117954019effd1d6a421c372e6a636,24ec261e9e4c0880
plantvillage-2016,raw/color/Potato___Early_blight/583fa343-d5be-414b-bd95-f674313bd882___RS_Early.B 7681.JPG,0,potato_early_blight,train,331,a9c4481141306956b02f94a847e1477511b9ec83,8a81b898d6e67a3c
plantvillage-2016,raw/color/Potato___Early_blight/585062b6-d5a4-4677-8b7f-773257399423___RS_Early.B 8558.JPG,0,potato_early_blight,train,332,8014bbfb8dbec09a68cfa2b49f00ad845c9cb2ae,e9ccdb998dc9cfe8
plantvillage-2016,raw/color/Potato___Early_blight/5888d397-4e83-4fac-bcf7-0de778966d36___RS_Early.B 7418.JPG,0,potato_early_blight,train,333,11f2a5f30b2b1a2cbebf1f064e8977aa5da795e3,18d01001031184c0
plantvillage-2016,raw/color/Potato___Early_blight/58a381f9-5315-4865-9b35-43df8fd9bf42___RS_Early.B 9027.JPG,0,potato_early_blight,train,334,68994d90151b766f749b8f626c655a8b777b9112,10700c2c069bc034
plantvillage-2016,raw/color/Potato___Early_blight/58cb5c58-3161-4476-9361-3ee2673cc82b___RS_Early.B 7368.JPG,0,potato_early_blight,train,335,bef0a981ba977788554ab59d1797279bd2a423af,61ecefa98bcbebfa
plantvillage-2016,raw/color/Potato___Early_blight/593de3cd-1e2e-4943-b5f3-ef9d5d857894___RS_Early.B 8336.JPG,0,potato_early_blight,train,336,80a0716d83507259cfff91b906c686b974691dd8,70c414320606c050
plantvillage-2016,raw/color/Potato___Early_blight/59676e33-8884-4359-83d9-e07df07f31a1___RS_Early.B 7041.JPG,0,potato_early_blight,train,337,ef4d36c59b0eefa6f0ffee7068af3ebf5d48c526,0e3262c69aec8c88
plantvillage-2016,raw/color/Potato___Early_blight/59f90f4b-add8-4f50-af1f-052b35aa99e1___RS_Early.B 9001.JPG,0,potato_early_blight,train,338,a4720a56407252277f0df7a1767f579aa6f42f0f,83b9b8fcffeff7ff
plantvillage-2016,raw/color/Potato___Early_blight/5a152fa7-7645-42ea-9c59-13258febe52f___RS_Early.B 7175.JPG,0,potato_early_blight,train,339,a5ea8ef7ccfc658d7546b84bb16ffe8846215823,c1d1f89c8e86723a
plantvillage-2016,raw/color/Potato___Early_blight/5a6f3209-223e-43e5-8680-41dd3d5091ce___RS_Early.B 7288.JPG,0,potato_early_blight,train,340,a9cfc051ddbf931bc2874171a47513bd2596c8ec,3bcb931e1a18b8c0
plantvillage-2016,raw/color/Potato___Early_blight/5a7ca2a3-5bfc-47b7-9657-85a6c95a0956___RS_Early.B 7061.JPG,0,potato_early_blight,train,341,7d0331ec88e719f97bca4d8b47eb6b8bc151e366,e5c49f8bc1c7c6f6
plantvillage-2016,raw/color/Potato___Early_blight/5abfa537-636f-41df-a833-311a3018aac9___RS_Early.B 8176.JPG,0,potato_early_blight,test,342,b2f3fdca01264c61696a5f340c01c3aeb0c676e9,f0d08690e2ceccf8
plantvillage-2016,raw/color/Potato___Early_blight/5ada96db-43de-4510-8c10-eaaebb106c0c___RS_Early.B 7216.JPG,0,potato_early_blight,train,343,3fe2b4a65e4ee6d816cc63ee2ae8330366b46977,ff77f3e7e6ee9cf9
plantvillage-2016,raw/color/Potato___Early_blight/5aee3e9f-0469-42e7-8ae7-56f7a1900fd5___RS_Early.B 9091.JPG,0,potato_early_blight,test,344,f1a54f5196ebc65d0c26ab5263ffbc22c20931e0,68801e1e1e3e3680
plantvillage-2016,raw/color/Potato___Early_blight/5b361ac7-6fb7-497a-b11d-3b8cd7ffd2e1___RS_Early.B 9206.JPG,0,potato_early_blight,train,345,0b57b2f63a58636dda9f362c8a7d7f23f5cf59eb,00382c2421212004
plantvillage-2016,raw/color/Potato___Early_blight/5bb77b39-311b-4ad1-8bfc-5a41a13b7b02___RS_Early.B 8255.JPG,0,potato_early_blight,train,346,2d96c15d8ad5f475a870fd33406e22ba0fd28098,fcf8d999bb3c99f3
plantvillage-2016,raw/color/Potato___Early_blight/5bdc7f1d-26cc-45b2-b77f-e98084418fd9___RS_Early.B 7486.JPG,0,potato_early_blight,train,347,f15de8494566b96fba7f8df65b8ae248d342b672,36d2163a2e343080
plantvillage-2016,raw/color/Potato___Early_blight/5c3363d5-5873-40f5-b179-37ab6df0328c___RS_Early.B 8828.JPG,0,potato_early_blight,train,348,15d2650a28ef9a75c9fc3a727cbd751de0b02d0e,a9accedbcfcfe5fe
plantvillage-2016,raw/color/Potato___Early_blight/5c43b799-a722-4209-b571-2a7ca23de273___RS_Early.B 7321.JPG,0,potato_early_blight,train,349,e0e9690e502945ab0aa44bd0bd6369ff2d203ace,8343838307bdcf66
plantvillage-2016,raw/color/Potato___Early_blight/5caecfc6-8e1d-401b-8014-763dec01cb98___RS_Early.B 8063.JPG,0,potato_early_blight,train,350,62e3396087ece5db3ac445572aa5216c5a6c75c1,38dc4663333698d0
plantvillage-2016,raw/color/Potato___Early_blight/5cb0b99b-2e14-43b3-aa51-51a7ce668793___RS_Early.B 7455.JPG,0,potato_early_blight,train,351,98056f7e65bb727dcc629416f8d5b31ab6b1e48d,87a11c361b9bcd78
plantvillage-2016,raw/color/Potato___Early_blight/5cf3cf9d-0f81-4c75-b1d4-2defb49033c4___RS_Early.B 6806.JPG,0,potato_early_blight,train,352,078c0b2625a4b08fa3bce95999bd59c5984ab975,0a78e1c20e1c38a0
plantvillage-2016,raw/color/Potato___Early_blight/5dbb2c15-fc42-4611-b590-9d92d4ce2a85___RS_Early.B 7312.JPG,0,potato_early_blight,train,353,6ec8a1ffea4554473a4035fc1ab15d960a26578c,1c78c2c68c9890e0
plantvillage-2016,raw/color/Potato___Early_blight/5dd2be45-9c02-4b82-a7be-ecbac29981a9___RS_Early.B 7947.JPG,0,potato_early_blight,train,354,9a58ea8d7e3ce231ddc170d2a023d6cfc7658306,3ee0c1c2c28880c0
plantvillage-2016,raw/color/Potato___Early_blight/5de34904-b1e6-48ef-9daf-73d80f5cc6c3___RS_Early.B 8345.JPG,0,potato_early_blight,train,355,d2590504d3d33f55cf25392c9efb4f856235080e,c08804423214ce64
plantvillage-2016,raw/color/Potato___Early_blight/5deee0ba-6bbb-450e-a107-102063e2f93b___RS_Early.B 7429.JPG,0,potato_early_blight,train,356,b80ec56b6acdb3c4f3d1a6e37a41208b4b92d216,e08e971e0e0e9898
plantvillage-2016,raw/color/Potato___Early_blight/5dfcdf05-e64e-4992-84b8-a9fc9c49ce3c___RS_Early.B 6711.JPG,0,potato_early_blight,train,357,2f24785f91d281bbe5ac40d9b14a13db550a3a46,dde38b9d95872efc
plantvillage-2016,raw/color/Potato___Early_blight/5f209b64-4a3c-4fd4-9151-83db4125e7fc___RS_Early.B 7284.JPG,0,potato_early_blight,train,358,abf69a134562da2ce7c0a4f9691cb8c9b7788dbf,e9ccc6ada7efeeec
plantvillage-2016,raw/color/Potato___Early_blight/5fa695b2-89f6-4c5e-b62f-2be61e2ad23a___RS_Early.B 7232.JPG,0,potato_early_blight,train,359,f8307a59327d322a69fd2360ea6cf51c1444b031,f1f0b3b3b3f7a3f2
plantvillage-2016,raw/color/Potato___Early_blight/5fbff81d-eeaf-430f-ba94-df6a92c7b8e2___RS_Early.B 6816.JPG,0,potato_early_blight,train,360,9bf93c7ea7f4e08fb0f0c0a7164d2c522142aaa6,5070d68684ccacc1
plantvillage-2016,raw/color/Potato___Early_blight/5fd6c76a-1e89-4991-9991-2b61670d5175___RS_Early.B 8208.JPG,0,potato_early_blight,train,361,e50ac3a7ed98edcad63f5b498e134e876f59180d,e1b8be9595cff6fe
plantvillage-2016,raw/color/Potato___Early_blight/60096f66-1bf2-4d8d-8137-ac2358ab71d0___RS_Early.B 6978.JPG,0,potato_early_blight,train,362,1d9fce9e02bd69ea8d579f03bf7b4f5a6b740687,3c3c38a69694ace0
plantvillage-2016,raw/color/Potato___Early_blight/60418916-8278-448a-af45-21ee8ef60a95___RS_Early.B 7957.JPG,0,potato_early_blight,train,363,9d311db9366648e64630b661927535602a0afda8,0f831cdc93f3f12e
plantvillage-2016,raw/color/Potato___Early_blight/606e216d-f0b8-4ef3-9bf1-2bee85a13361___RS_Early.B 7094.JPG,0,potato_early_blight,train,364,5667a091ea3b048e7f33437ac0db7fd49f0267b0,60c88c0808000090
plantvillage-2016,raw/color/Potato___Early_blight/610d8d2d-c28d-4d99-9f37-a6a79148b529___RS_Early.B 8023.JPG,0,potato_early_blight,val,365,85ff72ebe0c6edff9fb44f5281a4ff5e2ca9e7b7,001004027323d060
plantvillage-2016,raw/color/Potato___Early_blight/610fd102-fd1b-45c3-978b-68c65d432382___RS_Early.B 7819.JPG,0,potato_early_blight,train,366,edeefae2fdf1c2de6dd5cecb449934c509739666,60c804464646c6f4
plantvillage-2016,raw/color/Potato___Early_blight/6173dbe2-1379-4241-a43e-7cbad448b6cc___RS_Early.B 6993.JPG,0,potato_early_blight,test,367,b0b4e263ca9c2f0f05aeec3c894aee73037945b3,386860f1ab1a1c88
plantvillage-2016,raw/color/Potato___Early_blight/61a602c4-02e3-49e5-9858-5b1d4d4795f7___RS_Early.B 7875.JPG,0,potato_early_blight,train,368,fb89632792f0ac578e2c285dfd7400aed300c2ef,c0484c22b3d0e438
plantvillage-2016,raw/color/Potato___Early_blight/61d53ca2-a8e2-4e5d-b8cd-3f9608b74fc1___RS_Early.B 6746.JPG,0,potato_early_blight,train,369,99898d128d09db2cd53405d1082a968da43f3c8c,005ecc4e6a664840
plantvillage-2016,raw/color/Potato___Early_blight/61da9830-ebfd-483a-88dd-a66fcff4c457___RS_Early.B 7817.JPG,0,potato_early_blight,val,370,4e49456038bddd3661962b4962deb1cfb8f13359,c3711c9e8ee7f83a
plantvillage-2016,raw/color/Potato___Early_blight/61f4f7c5-cebe-471a-9be9-b595255b7fb4___RS_Early.B 7029.JPG,0,potato_early_blight,test,371,833ba631c96672267040d1024ec3b22d74105783,3070fc8687063cd0
plantvillage-2016,raw/color/Potato___Early_blight/62490062-4c67-4caf-bec5-df1342ec2987___RS_Early.B 7946.JPG,0,potato_early_blight,train,372,783dafb468c135eb508700654fe60fc6b80aaa8d,c1d88c9e92c2e4f4
plantvillage-2016,raw/color/Potato___Early_blight/625f9c30-b56a-4e4e-9b34-aab8d2385d02___RS_Early.B 7226.JPG,0,potato_early_blight,train,373,a1d59c509c05bf43d6c14b0b4c721ee1d7cbd76e,0e3e64ce8c1c1cf1
plantvillage-2016,raw/color/Potato___Early_blight/6269c9ec-ef8a-49b5-ab1a-451565529c38___RS_Early.B 7166.JPG,0,potato_early_blight,train,374,a7065993b7496f6828eaeb1e43b35c94bae160d2,4c1cb6c49c9cf8f0
plantvillage-2016,raw/color/Potato___Early_blight/62e81304-8d1b-46ed-a79a-52cf53a63919___RS_Early.B 7363.JPG,0,potato_early_blight,train,375,9b4c9e64c87ad279d3ecfc60d83d6d22cd64f790,30e482a30c049270
plantvillage-2016,raw/color/Potato___Early_blight/6319585f-ed2f-4657-ae79-a23db65d0fce___RS_Early.B 7033.JPG,0,potato_early_blight,train,376,1f5bafd454305ccf5e097523411ae5525c2d23b0,f9f8cecfcbcbcef8
plantvillage-2016,raw/color/Potato___Early_blight/63b61694-16e9-4ef4-ad6f-5e27d2c9eed9___RS_Early.B 6871.JPG,0,potato_early_blight,val,377,adeba408fdf049ad34c9fd5500f44db115444255,fefaf3c38b9ebcf8
plantvillage-2016,raw/color/Potato___Early_blight/63f59fdf-973f-4d9e-a1ac-4a21cdfb9393___RS_Early.B 8794.JPG,0,potato_early_blight,train,378,44cd6fabe6e142000d2ba26fcc4d02e1d44c7d0c,8090082677328a48
plantvillage-2016,raw/color/Potato___Early_blight/63f9b76b-c491-4ed3-923b-087967ea9268___RS_Early.B 7161.JPG,0,potato_early_blight,train,379,d37540837b5d6e98c3620ec992ca80329554a49b,3a768e921a0c1cf0
plantvillage-2016,raw/color/Potato___Early_blight/64cab763-3fa2-483c-abc6-1d203f26f88e___RS_Early.B 6671.JPG,0,potato_early_blight,train,380,40e94a64d4807f11a86785e3559a863fe1de07d7,08c2860e5e6c4c88
plantvillage-2016,raw/color/Potato___Early_blight/64ced002-f0b1-42b2-b448-b7b3655e38c1___RS_Early.B 9010.JPG,0,potato_early_blight,train,381,db3d21e8628f1c90b8ad10f43458af389f0f0059,fce6e3c1c1c3bbfa
plantvillage-2016,raw/color/Potato___Early_blight/64e41485-8bd1-4b5d-9482-023eb07d8a89___RS_Early.B 9078.JPG,0,potato_early_blight,train,382,aa338db8aa77429fc4a97f2cffc068a1fd56fe1d,dbbcefe9e7e5e776
plantvillage-2016,raw/color/Potato___Early_blight/654aaf22-e23a-441d-ad57-914843a36c64___RS_Early.B 7924.JPG,0,potato_early_blight,train,383,4cd7be93cc8daafc49516253ccc4333f7b850116,c9cc2672bb9dddfc
plantvillage-2016,raw/color/Potato___Early_blight/655010d0-0bf7-4cba-8ebe-591a8bc5f552___RS_Early.B 7668.JPG,0,potato_early_blight,train,384,ccceaf8c5bed5145a4fabbc8029178debefc2c34,79f0c68ebc9e9cf9
plantvillage-2016,raw/color/Potato___Early_blight/65b66b8f-2117-4876-85bd-23941349231f___RS_Early.B 7219.JPG,0,potato_early_blight,train,385,7b744128d32ee927e3c07dfbf7e396fecf1f4330,3868ac8c4e0e9c91
plantvillage-2016,raw/color/Potato___Early_blight/65cac614-d354-44f4-870b-dbb4fe26e120___RS_Early.B 8193.JPG,0,potato_early_blight,train,386,f3d9cf9f5095056ecbcf1b48a1eecb21fa89bfcf,63e1e8a6e2e6c6e0
plantvillage-2016,raw/color/Potato___Early_blight/65f6e2f1-300b-42f0-bcc8-467753411947___RS_Early.B 7591.JPG,0,potato_early_blight,train,387,96241c752edae92638ce7b4b55549cf1c49687aa,9e7aef97b6bebcc0
plantvillage-2016,raw/color/Potato___Early_blight/66642302-1334-4c23-8613-f98387352360___RS_Early.B 8766.JPG,0,potato_early_blight,train,388,6f54fb3e24c446ca5100b919b9f2cdd616c08bb3,f0eeafafb7f5f7f6
plantvillage-2016,raw/color/Potato___Early_blight/66785df0-db24-4c3d-821b-8ab94e7e6a06___RS_Early.B 7086.JPG,0,potato_early_blight,val,389,1588107ae580b3446b5ec907f5d723f8c2c690c3,1874c28e9e9e8ecc
plantvillage-2016,raw/color/Potato___Early_blight/667c593c-acbf-468a-91a3-6fd8006c46c2___RS_Early.B 7830.JPG,0,potato_early_blight,train,390,bad59747cee241ccb8774ba44cabd8c4186c450c,c0b00c4e4a4ec670
plantvillage-2016,raw/color/Potato___Early_blight/66a98640-59d3-4c9b-9853-773c78ac6375___RS_Early.B 6784.JPG,0,potato_early_blight,train,391,334d79d6633b070004eaa702a3b8ec89cbae7c43,1058b33366a68640
plantvillage-2016,raw/color/Potato___Early_blight/66b6c6d1-fe63-4c7e-8054-bdf6ff67ff57___RS_Early.B 7514.JPG,0,potato_early_blight,train,392,a8416ccbedfc915a2d7a01b6724093b1f0fdf28c,3474e6c793c1cf78
plantvillage-2016,raw/color/Potato___Early_blight/66c5930d-2169-4ec1-9919-28088d5447f7___RS_Early.B 8822.JPG,0,potato_early_blight,train,393,8c33c3ce2f7e2210508ee8fae3a0ff043bdee56f,38e8802b0206e860
plantvillage-2016,raw/color/Potato___Early_blight/67468907-b28a-4740-a9f4-ce69b93878c9___RS_Early.B 7142.JPG,0,potato_early_blight,train,394,b55bcee20e35516c95a5be4fc2dfacedce8f720b,f3b98ccec6c6e232
plantvillage-2016,raw/color/Potato___Early_blight/677662b1-2c4e-4d93-b4fd-950815b9d2c8___RS_Early.B 8813.JPG,0,potato_early_blight,train,395,987c826a8efb1b31ee8ff1d25e9526822721274c,80b0080622b2c270
plantvillage-2016,raw/color/Potato___Early_blight/6799ab86-73ef-4825-b4cf-9ae616c40ce9___RS_Early.B 7410.JPG,0,potato_early_blight,test,396,f9b5fe3ae8a42b8c1525ffd00a982321571a4517,3ee88002028c9881
plantvillage-2016,raw/color/Potato___Early_blight/67f2bf79-1d71-4748-bcd6-a65006f12981___RS_Early.B 7289.JPG,0,potato_early_blight,test,397,f0abd36d08c42dfb124d670755b42a986caf5179,c0b0185c1c1e8cc0
plantvillage-2016,raw/color/Potato___Early_blight/68662e76-300e-49f6-8467-27dd63aa18ed___RS_Early.B 7163.JPG,0,potato_early_blight,test,398,15fdcf6a386a6aafbe269cfd034465f84ecf8ca6,f8eae6acac9cd8f1
plantvillage-2016,raw/color/Potato___Early_blight/686938d8-5fcc-4482-850f-0e8720206046___RS_Early.B 7769.JPG,0,potato_early_blight,train,399,4a1cc29eeaa330b1c41adea64198830024bfb925,8210580a86cb6518
plantvillage-2016,raw/color/Potato___Early_blight/68a9df4a-f803-4cf1-bfce-1a637a2befcc___RS_Early.B 7654.JPG,0,potato_early_blight,train,400,4982b1db9f8322eb30d3057c68d861fc11ea7ff0,e0284c6e6e3482f4
plantvillage-2016,raw/color/Potato___Early_blight/68f056c9-4989-4809-b597-3739ff66afc3___RS_Early.B 8748.JPG,0,potato_early_blight,train,401,854924e9f2af684b35a6b7be559f4cfd6fa10872,fefbe9c5cdf8f9ff
plantvillage-2016,raw/color/Potato___Early_blight/691161ad-7897-4654-a7bc-14d8b5839621___RS_Early.B 6976.JPG,0,potato_early_blight,train,402,f336112936f7ebc480e7c32688ff088cdd6c0823,f6eecfab8b8eccc8
plantvillage-2016,raw/color/Potato___Early_blight/69a20537-e5fd-4f1e-8800-ef9aa4fa4766___RS_Early.B 8111.JPG,0,potato_early_blight,train,403,86d599df1f308c87c4c5abec60f72a934ece2ec4,3c228b193c0c1810
plantvillage-2016,raw/color/Potato___Early_blight/69ee53e1-a9b6-4e97-bc5f-f91617bc87ab___RS_Early.B 7987.JPG,0,potato_early_blight,train,404,ec74d42ecd62d673553731f6e7aa6349ac19ff54,3cf2c686544c0880
plantvillage-2016,raw/color/Potato___Early_blight/6a183fd9-9409-47ea-a634-dafa4ae329a8___RS_Early.B 8890.JPG,0,potato_early_blight,train,405,170a299610922ac27f94eff59d80a0d5b782c0c2,fffdf5dfdf969cb8
plantvillage-2016,raw/color/Potato___Early_blight/6a74ff09-be5a-4412-a192-2370a37c0751___RS_Early.B 8584.JPG,0,potato_early_blight,train,406,58fccf2b71003aaf06bd41b80c297751f51b04f1,faf2c3899393def9
plantvillage-2016,raw/color/Potato___Early_blight/6a903f3e-0c90-4b97-aad7-bdb1d07cb11e___RS_Early.B 6765.JPG,0,potato_early_blight,train,407,7e8287d85425291e44b9105811678840428b2255,72f6c3cb8397dffc
plantvillage-2016,raw/color/Potato___Early_blight/6a90d533-28ad-4e1b-935b-8d2dfa804c87___RS_Early.B 8213.JPG,0,potato_early_blight,train,408,7b3c0fa964b2d4041b3ebc0abe87bf34f99f0625,80100c4e06068670
plantvillage-2016,raw/color/Potato___Early_blight/6ad3d424-3e81-4b18-a029-4a20884c4ada___RS_Early.B 8380.JPG,0,potato_early_blight,train,409,e14e91a0129e6af37399c864b4fa43d7e238b6e6,6488280102008080
plantvillage-2016,raw/color/Potato___Early_blight/6b8024be-e45f-459f-9817-8d6fb0dda89a___RS_Early.B 6904.JPG,0,potato_early_blight,test,410,d20c55d799ae666a5f2ec8791f38ead34ee3b846,fef2f1b1d31f9cdc
plantvillage-2016,raw/color/Potato___Early_blight/6bb48ab5-6f0d-4bd8-a3c0-bf2b6d5ed936___RS_Early.B 7281.JPG,0,potato_early_blight,test,411,2cb0f5070779bd941655224b16ee996e06448f55,00206808424286ac
plantvillage-2016,raw/color/Potato___Early_blight/6bca5c10-8985-404c-96c3-3f77c2a77d10___RS_Early.B 7527.JPG,0,potato_early_blight,train,412,4c56f3c910b8810f5100ecfaeb817aa6d8fcd277,39fcd6cebebefcf0
plantvillage-2016,raw/color/Potato___Early_blight/6bd7d398-9cce-4282-a853-9625a641ebd6___RS_Early.B 8416.JPG,0,potato_early_blight,train,413,a8c3ae4967d64636163ffac88d8708f1a77fd08f,006028848482c060
plantvillage-2016,raw/color/Potato___Early_blight/6c5385cd-d362-4810-b4e8-58ab768c706c___RS_Early.B 8323.JPG,0,potato_early_blight,train,414,4c9b48fcc307634bafc2a30f27d75c783d5174fe,3efaccce9cb4c1c3
plantvillage-2016,raw/color/Potato___Early_blight/6cd05602-f131-47a3-a7ef-f328a13e4f1e___RS_Early.B 7079.JPG,0,potato_early_blight,train,415,68f0797b837f135c6e3d7ed98d00c94019ea6138,12c68c0c1810a0c0
plantvillage-2016,raw/color/Potato___Early_blight/6cd8e267-d5ae-4baa-a872-4c0fc5a37d67___RS_Early.B 8184.JPG,0,potato_early_blight,train,416,d9e8633d7fc6d4a8e808a7ec4eb380023cd4a5f3,f8c086b4ce9edcf1
plantvillage-2016,raw/color/Potato___Early_blight/6cec2d2b-7b6a-4044-9899-92d4f9332cd6___RS_Early.B 9131.JPG,0,potato_early_blight,train,417,0af82417839dbe0332dc855a5dc6fd26c3ab6273,cbcd9c8eaff3f3fe
plantvillage-2016,raw/color/Potato___Early_blight/6d1cebfa-ad84-484e-9f30-f8fffb289072___RS_Early.B 7703.JPG,0,potato_early_blight,train,418,6d0c0b42e03faa528ba58a12196888c4f820f663,e7c19880168ec4f0
plantvillage-2016,raw/color/Potato___Early_blight/6dfdd5be-0999-4a5c-a35d-c760043fec23___RS_Early.B 8701.JPG,0,potato_early_blight,train,419,ef1aa0d979079580a939d21b75187f64077aab73,70901e363616163c
plantvillage-2016,raw/color/Potato___Early_blight/6edb7358-f41f-4fd2-8371-12700bdbc94c___RS_Early.B 6801.JPG,0,potato_early_blight,train,420,d69eba6ac950e511344dc612f7e388ff1d7e5ed2,c1391e1e82c2e078
plantvillage-2016,raw/color/Potato___Early_blight/6eebb348-cafa-4863-937c-3b249f71df0a___RS_Early.B 9230.JPG,0,potato_early_blight,train,421,b72a35a2234e530a30f4cf6f9cced6262fc1317f,4464e8e2b2743c99
plantvillage-2016,raw/color/Potato___Early_blight/6f37a2b1-e63c-4d82-aec2-9ff036473867___RS_Early.B 7585.JPG,0,potato_early_blight,train,422,10662c20907f065f9a409117b752f7fdd4982745,83b1c83c8e86cef8
plantvillage-2016,raw/color/Potato___Early_blight/6f75cbf6-25c5-4b56-911d-c8a6ffa242d4___RS_Early.B 7914.JPG,0,potato_early_blight,val,423,a68a6c77774bc200e9fd8dbf8ee31a5a2f1e5512,0040200c46268ce0
plantvillage-2016,raw/color/Potato___Early_blight/6f8dfa1b-8c6f-4be6-93ff-e9180dde7357___RS_Early.B 6914.JPG,0,potato_early_blight,train,424,afc3c9d7c1d83130b3d6f98335576774671f29b2,68ccd993516b36fc
plantvillage-2016,raw/color/Potato___Early_blight/6fc04d72-747b-4a96-912a-db0bd967ece0___RS_Early.B 8002.JPG,0,potato_early_blight,train,425,5729447c09e3edfee3d5375e4d3595ec994c6320,71f8da9ab79edcf8
plantvillage-2016,raw/color/Potato___Early_blight/6fcaba16-dfce-431a-b268-e0826a101553___RS_Early.B 6695.JPG,0,potato_early_blight,train,426,cbdd61c8fe71a7a87b63007d86517294e6d8284f,3018383b1b0b0a8e
plantvillage-2016,raw/color/Potato___Early_blight/6fdee580-fa84-4ea7-b54a-048919765284___RS_Early.B 8187.JPG,0,potato_early_blight,train,427,c3faac1da10ef603b80f8cd423a1d08d13b5bf2f,804044642293eb28
plantvillage-2016,raw/color/Potato___Early_blight/70a2aa43-f50f-448b-bd98-9315f27cf456___RS_Early.B 7927.JPG,0,potato_early_blight,train,428,2d059130fe54907bcfb0d3f2e2a199c4c41b96bc,b369c9dc9cdc7871
plantvillage-2016,raw/color/Potato___Early_blight/70b89c8b-2850-4ec8-8da1-a4b9de5351c7___RS_Early.B 6889.JPG,0,potato_early_blight,train,429,8b08a56e34f62ceb37d1e5684a96cba32e9d0a2c,f5e7cf858f9ebcf9
plantvillage-2016,raw/color/Potato___Early_blight/70da76f2-b067-40f0-82d2-16b2dec3e189___RS_Early.B 8358.JPG,0,potato_early_blight,val,430,daffef3e7ef6d376b177606dc848b91149b10479,f0eece8edfcfd7f2
plantvillage-2016,raw/color/Potato___Early_blight/719dcce1-73f0-42c8-9941-44eb2b237544___RS_Early.B 8059.JPG,0,potato_early_blight,train,431,21e71c424ee7bd4d5f507be0448c297d24dba722,e3e93c9e8fcfe776
plantvillage-2016,raw/color/Potato___Early_blight/71ab124e-93ba-4d4e-ae53-68ac12fcb858___RS_Early.B 8129.JPG,0,potato_early_blight,train,432,dc27c8dfbf0e6cd7d42bc84bdaf8bda841c21169,2e6b99180c6c20a0
plantvillage-2016,raw/color/Potato___Early_blight/72013507-bfce-4b7a-b56e-f66a94cb4558___RS_Early.B 7930.JPG,0,potato_early_blight,train,433,5c4338c73f4935ee161111b72587d81a5f6364c1,c0908c4c2616ce64
plantvillage-2016,raw/color/Potato___Early_blight/7227b3db-c212-4370-8b42-443eea1577aa___RS_Early.B 7306.JPG,0,potato_early_blight,train,434,4ebcf06cb9d4cfa97f4c7eb28c64a48b5294cc58,073f73c61e346ca1
plantvillage-2016,raw/color/Potato___Early_blight/722bc78a-a1e0-481b-b5a3-cb3357f2f350___RS_Early.B 6803.JPG,0,potato_early_blight,test,435,908eb98c5249a8f32a3fdf61c81cc5df41efb4c8,f3bc9a83c3f1f9fe
plantvillage-2016,raw/color/Potato___Early_blight/7248171d-98a5-4bf0-9a8d-5c5a8820eba9___RS_Early.B 6680.JPG,0,potato_early_blight,train,436,00fbf038257646ef81da276d22c7f417e2c92efa,1c61c1913e1e1c98
plantvillage-2016,raw/color/Potato___Early_blight/72c4221d-f82b-48fc-a91e-8aa46f5cb0cc___RS_Early.B 8399.JPG,0,potato_early_blight,train,437,65c54d9acea2b8e68a5b37b471ddb141185f3af9,000040240282c0f0
plantvillage-2016,raw/color/Potato___Early_blight/72f7fa2c-974f-42af-99c3-fd4739d64050___RS_Early.B 8772.JPG,0,potato_early_blight,val,438,4f96957ca127ef066b930ef8d6201271a70feed4,80902c060602c260
plantvillage-2016,raw/color/Potato___Early_blight/72f9e596-8d1e-4ffd-923d-55645d6adca1___RS_Early.B 7704.JPG,0,potato_early_blight,test,439,9b9683a89faee8bd6ba4251c291d1f3777c6665f,3ee7929410202080
plantvillage-2016,raw/color/Potato___Early_blight/73273541-2855-4516-92c3-658703bd2d18___RS_Early.B 6814.JPG,0,potato_early_blight,val,440,242f4da47e7b253e35665e52c106de0b63ddb918,998c87838bcbe7f6
plantvillage-2016,raw/color/Potato___Early_blight/737c2343-228f-4155-b984-13ae0da44745___RS_Early.B 6828.JPG,0,potato_early_blight,train,441,29227b9ce83fa7a839a2bb29da936a2775891fd4,9ee6c2c1c2e0e0e9
plantvillage-2016,raw/color/Potato___Early_blight/73845010-b5b2-4604-8055-388c4222592a___RS_Early.B 6767.JPG,0,potato_early_blight,train,442,feafce42093afcc7ae44ae17e55651d26f8bf225,0c46c7e5d3238eec
plantvillage-2016,raw/color/Potato___Early_blight/73cf20a6-b2c4-4302-a664-c43dccb78cfb___RS_Early.B 6930.JPG,0,potato_early_blight,train,443,185e256413d19b1b9ab0ff9c02bf5316a04caa45,2864c6cf8f3626a0
plantvillage-2016,raw/color/Potato___Early_blight/73d47ccd-4f15-4d93-90d1-5c35dbedd91e___RS_Early.B 7567.JPG,0,potato_early_blight,train,444,fb5655cf61228bfefd329a6f076e2efc97d44857,79c89e999ba6bcf8
plantvillage-2016,raw/color/Potato___Early_blight/74316ef6-7cce-4ed9-8fbf-9bf42d14657c___RS_Early.B 7352.JPG,0,potato_early_blight,test,445,55cad79057061aa137a3fd9d094d3f13c9e44397,71e4ce9f1e9cf87b
plantvillage-2016,raw/color/Potato___Early_blight/7456db33-766c-4a68-b924-ddf69d579981___RS_Early.B 6723.JPG,0,potato_early_blight,val,446,d564d01898a0b2bc0e753b5fd6a25b5e1485880e,3e63470a0c5c2060
plantvillage-2016,raw/color/Potato___Early_blight/7486e823-64f7-4e43-ab51-26261b077fc2___RS_Early.B 6785.JPG,0,potato_early_blight,train,447,94c403df746645285081d77de4ca32cdde097032,00484c6426b36122
plantvillage-2016,raw/color/Potato___Early_blight/74bedc99-e24e-43de-a17c-003822c8af41___RS_Early.B 8725.JPG,0,potato_early_blight,train,448,2b4f6b493dcf99fff77add190a17253b947e02b3,fff7e5f5979786c0
plantvillage-2016,raw/color/Potato___Early_blight/757b3cbf-a694-4e76-939c-5a93d3c932ab___RS_Early.B 8169.JPG,0,potato_early_blight,train,449,ee6704036b0c2595ad94fa61b74af771504f899b,70b086022e26f008
plantvillage-2016,raw/color/Potato___Early_blight/7584a5b8-b701-4255-9dde-a60b6442cc37___RS_Early.B 9154.JPG,0,potato_early_blight,train,450,2144c449a1ab8baf5c5198a0c955b41d2f24bb48,3ae4880006463420
plantvillage-2016,raw/color/Potato___Early_blight/758b39d7-12bc-401f-b280-2c8435a02f43___RS_Early.B 6839.JPG,0,potato_early_blight,train,451,5c03ccb3058940bf0e16e4622ba03e95933a796d,70e4cc8e8e8fc678
plantvillage-2016,raw/color/Potato___Early_blight/769b00f1-f5cf-4dee-a2c6-6e97414450f6___RS_Early.B 9149.JPG,0,potato_early_blight,train,452,5c5f5af8ba4980e1603523393a616a1288f50de7,f1fc9b999d9bdad8
plantvillage-2016,raw/color/Potato___Early_blight/77725a5a-c0b8-4b7c-bc42-ac99f51428c1___RS_Early.B 7401.JPG,0,potato_early_blight,train,453,9820366537d60ad450224950c03b290406b99ddf,c7f1989ad9e3f23c
plantvillage-2016,raw/color/Potato___Early_blight/7795f733-eeb0-4353-bdb8-b2f4d8d622d4___RS_Early.B 6960.JPG,0,potato_early_blight,train,454,a4eac8a9df4e6e7efae90fa03cc7a3fe8417e440,1c62c78f0e1c3880
plantvillage-2016,raw/color/Potato___Early_blight/779e2b0a-0922-41bc-9393-da3750494671___RS_Early.B 8382.JPG,0,potato_early_blight,train,455,43a8a9ca0b2625e5e03f0b841079191be61d02d2,73c399999eace0c7
plantvillage-2016,raw/color/Potato___Early_blight/77b04047-8450-47d1-82f1-48f09f83387c___RS_Early.B 7042.JPG,0,potato_early_blight,train,456,68fb04c37383bf2ff60508151b881b03bf47267e,317ccc96862786f8
plantvillage-2016,raw/color/Potato___Early_blight/77c86eac-945e-4942-8eab-1269373d645a___RS_Early.B 7755.JPG,0,potato_early_blight,train,457,fd978f19f411d2f7dd4ec3e83d83dd150d7beb55,f0f4e6cd8cceccc0
plantvillage-2016,raw/color/Potato___Early_blight/78071f69-3d02-4576-bd46-28732dd528aa___RS_Early.B 9228.JPG,0,potato_early_blight,train,458,6aed0561dab5e134f8d1771d4e2c490858048b9f,f3f9fcfeae9e9ed8
plantvillage-2016,raw/color/Potato___Early_blight/78313ae7-3589-4d23-a5b6-0457e500bd1a___RS_Early.B 6768.JPG,0,potato_early_blight,train,459,368952de626346d39b3fd4b2845ef1b5bdfd6866,1272b262444c18a0
plantvillage-2016,raw/color/Potato___Early_blight/7855ccc3-28ac-4269-a8ce-618df8a27573___RS_Early.B 7834.JPG,0,potato_early_blight,train,460,694c97a6b36fefde959d88d62cfe0481656f9c5c,7cee97b723a7aff1
plantvillage-2016,raw/color/Potato___Early_blight/78ca2c95-f7b7-43b8-a91f-9ca12ac814e8___RS_Early.B 7137.JPG,0,potato_early_blight,train,461,13a777105b4a07545dfb214f3bfeda9279dd4a56,1c347478dcbcb8f0
plantvillage-2016,raw/color/Potato___Early_blight/7a04081f-dd48-4a84-b7c1-611a50ae7886___RS_Early.B 8019.JPG,0,potato_early_blight,train,462,dfdc2051878c6f22a150ce2478eb734bcfe39b59,3c72c09195bea4e8
plantvillage-2016,raw/color/Potato___Early_blight/7a3630ed-a43c-4957-a604-1de05e8e7f32___RS_Early.B 6795.JPG,0,potato_early_blight,train,463,ec5b06d2a16a11f968624aadc9bcc198c5216b33,fbeceeb3bbfbf3ff
plantvillage-2016,raw/color/Potato___Early_blight/7a7ff9ee-1d6f-4ca8-a393-9c56ca74d7bb___RS_Early.B 8158.JPG,0,potato_early_blight,train,464,19236a150dfe4617f3d256a7d02e48a5eb4808cc,1e3ee9c183868e49
plantvillage-2016,raw/color/Potato___Early_blight/7a84da2c-6c10-483f-9994-69aeedc21a57___RS_Early.B 7534.JPG,0,potato_early_blight,train,465,61e6bd0cea2d973922fbf7d4c6a9f53618c5a4fd,7e75cf8f2e78f8e3
plantvillage-2016,raw/color/Potato___Early_blight/7a8f295d-dc08-4a25-ba7a-28995729b6b6___RS_Early.B 8243.JPG,0,potato_early_blight,test,466,402011786343dcd9a215f9c1634532cc0eee6589,fef6ccdededcd8e3
plantvillage-2016,raw/color/Potato___Early_blight/7ace85c1-a488-4df2-8162-b73c17032099___RS_Early.B 7541.JPG,0,potato_early_blight,train,467,666212af6da57bda08f24f6b5b6b0e8c591bcac8,63b89e8acfe777ff
plantvillage-2016,raw/color/Potato___Early_blight/7b95c3ad-d550-4cc8-96e0-549ec04c7dea___RS_Early.B 7342.JPG,0,potato_early_blight,train,468,218e1504a16f4a6c94a24e43643c1716379d4f73,3168c6c69e1eacf0
plantvillage-2016,raw/color/Potato___Early_blight/7ba072ea-9bb3-4b5e-8fff-82758ff3f722___RS_Early.B 8262.JPG,0,potato_early_blight,test,469,ad5102d600842c69e54ee91fc342cea4d590b0db,fef2d3bdbe9e9cd1
plantvillage-2016,raw/color/Potato___Early_blight/7c0e4eed-d8e2-410f-a7bf-9f5a1c4a566d___RS_Early.B 8042.JPG,0,potato_early_blight,train,470,ae3cfb55cb702ee609751a5c3c3ba649bae08aa8,3e68c9c080402000
plantvillage-2016,raw/color/Potato___Early_blight/7c9b2deb-6f9f-4671-bdcd-56481d8f0a35___RS_Early.B 8608.JPG,0,potato_early_blight,train,471,3c730642fe33b145aa6e0380f63c19d0f7aea4c2,def6cf9f3f1f9edc
plantvillage-2016,raw/color/Potato___Early_blight/7cc0cb45-7fae-4d55-8dce-aa5e4484b7d9___RS_Early.B 7088.JPG,0,potato_early_blight,train,472,d55de10bf556fe2bf48575e5af75a1d1fd0d1f67,1010181c180a86c4
plantvillage-2016,raw/color/Potato___Early_blight/7d056cd3-76d1-49f5-8491-a25e4fc4f852___RS_Early.B 8414.JPG,0,potato_early_blight,train,473,5713bfbe38a9735791019c2ab8077efa7f884574,1938e4de8e1c98c0
plantvillage-2016,raw/color/Potato___Early_blight/7d90df0a-da17-4641-9006-75aa7de6ed5e___RS_Early.B 8702.JPG,0,potato_early_blight,test,474,1c1af58ca6af11595c12d677da7446fa30f942ce,00306c6e662b9ac8
plantvillage-2016,raw/color/Potato___Early_blight/7d92aa59-82fc-4c93-9d0e-728c0a944055___RS_Early.B 6965.JPG,0,potato_early_blight,train,475,5b8e95d1e731b10cd40f22f1a8854f4381d6a2c3,0d3ce1e68a060cb1
plantvillage-2016,raw/color/Potato___Early_blight/7dc2fac8-c581-4b69-9f54-dbe7d838956c___RS_Early.B 6677.JPG,0,potato_early_blight,train,476,19114e06e2e2525ab7b4b7a2123d04598252fe69,73e7c6c646161ce5
plantvillage-2016,raw/color/Potato___Early_blight/7ea05f87-83d3-405e-84ee-f637426f4bab___RS_Early.B 6715.JPG,0,potato_early_blight,train,477,b2ea92c235cea40bc9f56342ec66819f61c1e298,d89b36372a0e7c30
plantvillage-2016,raw/color/Potato___Early_blight/7f0c3ad4-67f7-4a6e-81da-5cdbe1c5ff8b___RS_Early.B 8453.JPG,0,potato_early_blight,train,478,d6e96256b102acb3fa8be5f775d0b484465e04c4,3170c4ce8e8ccc70
plantvillage-2016,raw/color/Potato___Early_blight/7fb3dc5c-f90b-46fe-8eb6-2d21038976ff___RS_Early.B 7256.JPG,0,potato_early_blight,train,479,1bf0739052da5347828991052ab0563935193de0,81c124243090c24c
plantvillage-2016,raw/color/Potato___Early_blight/8002c1e4-0066-4764-9ed5-52d8334cd5c6___RS_Early.B 7855.JPG,0,potato_early_blight,train,480,4b4f710dfd8c55c8516589d0433c2d7d9fdbd7b6,78ec2a6b321498c0
plantvillage-2016,raw/color/Potato___Early_blight/8081f3a1-d992-43bf-afa4-402ed06a83b1___RS_Early.B 6860.JPG,0,potato_early_blight,train,481,d907ad43b26890ec87599a021d99b010e65745f6,06ce8e16440c6080
plantvillage-2016,raw/color/Potato___Early_blight/811eba3a-112e-43dd-8b22-57f3cde4c504___RS_Early.B 7983.JPG,0,potato_early_blight,val,482,d93c286babd8713ea212a92a16da765f3fa59131,99b6b39b9b87e3fa
plantvillage-2016,raw/color/Potato___Early_blight/81bc4d94-be1f-4127-8203-da3ae29aa3d5___RS_Early.B 7305.JPG,0,potato_early_blight,val,483,454ccd5dc13445ce45612623d2f22b594c82452c,53d8d696cddfcdfa
plantvillage-2016,raw/color/Potato___Early_blight/82048f32-5a2c-491c-8771-109a1024fd5a___RS_Early.B 8199.JPG,0,potato_early_blight,val,484,a94e5ae8ea2a9c33f28240ee8804e1629d02b430,d1d09b8da5e3f372
plantvillage-2016,raw/color/Potato___Early_blight/82611670-959a-401b-8ed0-4b4fdad5679e___RS_Early.B 8003.JPG,0,potato_early_blight,train,485,40b80594cf9c9c6215c89e18d79b48e07bef0344,a1c0a092da8dd77a
plantvillage-2016,raw/color/Potato___Early_blight/82654962-5b0d-44ed-9ca4-84be55ba23a6___RS_Early.B 6877.JPG,0,potato_early_blight,train,486,b4fd5c65d0108ec6a9c0ed76e898efc879199bda,fefee3c7838783c4
plantvillage-2016,raw/color/Potato___Early_blight/82927769-4d4a-4f19-a806-a02f435ad17d___RS_Early.B 7886.JPG,0,potato_early_blight,train,487,6c8a8c424d49b2231de084b2259195a2aee24174,3ce426664e0e88c0
plantvillage-2016,raw/color/Potato___Early_blight/82a783e4-ba41-42af-96a8-ebc67abe905d___RS_Early.B 7439.JPG,0,potato_early_blight,test,488,6b312d631baf60f773b4b496b8640e9d16c34d41,7676e3e3c7b684e0
plantvillage-2016,raw/color/Potato___Early_blight/82cdc0bb-ac22-429d-ad70-2ec0d771dd39___RS_Early.B 7405.JPG,0,potato_early_blight,train,489,20834a1649f989025d27023ff7db252324156c3c,3f71c783839c99e3
plantvillage-2016,raw/color/Potato___Early_blight/833c373e-d3fc-4d1e-86e7-8bd11d41a33e___RS_Early.B 7509.JPG,0,potato_early_blight,train,490,b4e6a255b890187b8861b35d79f13321373bdd56,6cccb8712dafcefc
plantvillage-2016,raw/color/Potato___Early_blight/835e6cde-b1e2-48e6-b616-e0a4ca05b127___RS_Early.B 7143.JPG,0,potato_early_blight,train,491,fcd97386e2ec3b3b349768583fd11caa3e06333f,f9f4e38787c7cfee
plantvillage-2016,raw/color/Potato___Early_blight/838c8a0a-d112-4940-9a5d-221b4e9cc4c8___RS_Early.B 6967.JPG,0,potato_early_blight,test,492,669f3274b45c1a2900ecfc6830e53280aa75c92f,488c0c2a1a7c5810
plantvillage-2016,raw/color/Potato___Early_blight/839a8aeb-9bcc-4fd9-b196-639d6f681426___RS_Early.B 7068.JPG,0,potato_early_blight,val,493,4a2483c6ec5a40cd91110778118d34ba1b656d80,f9f0c38587cfcef9
plantvillage-2016,raw/color/Potato___Early_blight/83b7d891-0fe8-47b8-b6e1-693493a2988a___RS_Early.B 8707.JPG,0,potato_early_blight,train,494,389a324ffbe7d5e06a266ed45158f88e35d7f1a4,f1cc969b2f8fc7f7
plantvillage-2016,raw/color/Potato___Early_blight/83e334ee-bd8c-4aa5-bb8e-bc64d99bd5e2___RS_Early.B 7329.JPG,0,potato_early_blight,train,495,52ceaa3662857789124f71e33e2063580a75a22f,0191180ca6c2721a
plantvillage-2016,raw/color/Potato___Early_blight/83f244c6-e33e-4fbb-a9ef-3996cd25a547___RS_Early.B 8700.JPG,0,potato_early_blight,train,496,832434e3e0b75bced1c0e73d18c7b0f65a785969,668e1b1a1e0c1ce0
plantvillage-2016,raw/color/Potato___Early_blight/8435fd63-0136-44f9-8dd4-6ca27bcddd97___RS_Early.B 7017.JPG,0,potato_early_blight,train,497,3998b274f9d0dce7834ad500a1e510d0d4604ecc,38cc9c1a1e3c18d0
plantvillage-2016,raw/color/Potato___Early_blight/84546db4-ea7c-4357-bf3d-6afcae9a05bf___RS_Early.B 7637.JPG,0,potato_early_blight,train,498,257dbadcb1e9ec8cff5a43332b2061cc8d0eb94a,1878e4360786d2c0
plantvillage-2016,raw/color/Potato___Early_blight/848336c4-eaad-47e7-8458-5e80d5520d05___RS_Early.B 7729.JPG,0,potato_early_blight,train,499,3fef397b7804ceba70bc3aad9462cd5f94fb8880,7eecd99b929cb923
plantvillage-2016,raw/color/Potato___Early_blight/8493b49f-1b73-4d5c-b6f9-ae9a41091643___RS_Early.B 6720.JPG,0,potato_early_blight,train,500,03409414675ec4120d329e09cfc476da95f20b9a,7fdb9b9b933366e4
plantvillage-2016,raw/color/Potato___Early_blight/849daa7e-b5ea-4445-93f9-b21d43c1bd44___RS_Early.B 7193.JPG,0,potato_early_blight,train,501,fe3dc8ed0b4c5c02b3a7d82ff7de0778c9f2ac40,fadacb931bbeccd9
plantvillage-2016,raw/color/Potato___Early_blight/84a61cf3-fdc2-42bd-82d8-8dcf20e9d374___RS_Early.B 8130.JPG,0,potato_early_blight,test,502,4afd63a79f6ac81bdbd643519929c32c799d2b8c,6ce6223b3e363c20
plantvillage-2016,raw/color/Potato___Early_blight/853f6d7a-836c-4829-ba2c-2eeada2089cc___RS_Early.B 7208.JPG,0,potato_early_blight,train,503,7c3a488bbe36aa25524aca3f742a2bd78a2fdad5,7df9e3e9bb379c98
plantvillage-2016,raw/color/Potato___Early_blight/85531704-18a5-4f98-8c1d-25709ecf77f8___RS_Early.B 8214.JPG,0,potato_early_blight,val,504,1729b15fbd584d7a45c46a27f3ea0be558990235,32e09086461c59c1
plantvillage-2016,raw/color/Potato___Early_blight/85626b40-beca-4bc0-90ed-fc6090c6b18e___RS_Early.B 8598.JPG,0,potato_early_blight,train,505,9b3a1fe165fb0a8bf8faccbf38dc4a18eda9bf90,7ce2c68c9c98a1e3
plantvillage-2016,raw/color/Potato___Early_blight/85a38441-6df7-4401-9905-fba74ebfa717___RS_Early.B 8230.JPG,0,potato_early_blight,train,506,7469e9336d61337724ccbe6507722fc8c5f30b7c,c7808ce6b496ce68
plantvillage-2016,raw/color/Potato___Early_blight/85a9856f-d5ae-4740-a038-517489a25ff5___RS_Early.B 8635.JPG,0,potato_early_blight,val,507,9aa729059c83511652b759002f60e6386dbd2f80,8799ba999ddffcf8
plantvillage-2016,raw/color/Potato___Early_blight/8636092c-9357-4b4c-9d2d-c45c3dcf9253___RS_Early.B 7981.JPG,0,potato_early_blight,train,508,ab0dafad43eafa34d09302662f5c77cc86f2a6ad,fefce6878f9e98c3
plantvillage-2016,raw/color/Potato___Early_blight/86562214-f8b9-4105-9513-4847520aff9a___RS_Early.B 7515.JPG,0,potato_early_blight,train,509,082ed7430e6876876edefe2e70dc08079ebe50f4,69f9b83b3f8bdef8
plantvillage-2016,raw/color/Potato___Early_blight/86a65e8c-c7cf-45f7-8619-422eb6f1a40d___RS_Early.B 7745.JPG,0,potato_early_blight,train,510,5012580a27eef49f0a852ab898aaaa0af24f85ab,3cfe920b0a141890
plantvillage-2016,raw/color/Potato___Early_blight/86e98583-f506-4cb7-ba11-eea466662ec7___RS_Early.B 7335.JPG,0,potato_early_blight,train,511,27923b294d34b44e61625826359a1dbe0764ed32,1870f6d2aa8c8cd0
plantvillage-2016,raw/color/Potato___Early_blight/8784362f-5fc6-4ad9-b11d-d06b272cefb5___RS_Early.B 6907.JPG,0,potato_early_blight,val,512,1040b57ea3c27cf88c896759cb182c4447014a04,12921e4b1e1c18c0
plantvillage-2016,raw/color/Potato___Early_blight/879d0dfe-d17d-486a-992c-d80089133c50___RS_Early.B 7428.JPG,0,potato_early_blight,train,513,a314a190bfb2f290ce86279747236fa18b414f36,8331381c9ec6c762
plantvillage-2016,raw/color/Potato___Early_blight/87c0254c-c987-4c54-adda-45c5e7346170___RS_Early.B 8848.JPG,0,potato_early_blight,val,514,803da284d30a108046a5cf6e167c89e899244fff,e9cfe9a1a7a7ecf9
plantvillage-2016,raw/color/Potato___Early_blight/887347a3-ee1c-4141-a423-ffe050dd246e___RS_Early.B 7851.JPG,0,potato_early_blight,val,515,f74d120faf213bab38430559618c60036f715a10,e6bc9e1e8ecef8f9
plantvillage-2016,raw/color/Potato___Early_blight/88c63d75-4423-4233-9097-728af8a52033___RS_Early.B 6862.JPG,0,potato_early_blight,train,516,3911cbcf726f7c9bf8af96f0ceb97c5d075edc69,ba6fc193369cd8f1
plantvillage-2016,raw/color/Potato___Early_blight/88e29276-8c4f-4d15-b3d4-d1db0a05cac1___RS_Early.B 6973.JPG,0,potato_early_blight,train,517,260c6c9f390b33cad512a9152500a63f5b9fed2a,f1d8b48c8ac6646c
plantvillage-2016,raw/color/Potato___Early_blight/89273b26-09d5-4bf7-a6a5-22c47a613b93___RS_Early.B 7383.JPG,0,potato_early_blight,train,518,d35c32bf0d799e6af6a840b9c108aa97f63abd38,3e73e78d3d3efce1
plantvillage-2016,raw/color/Potato___Early_blight/8994b76b-6e1e-42d3-b07c-99abca3fa35b___RS_Early.B 7762.JPG,0,potato_early_blight,train,519,fc38fc8d5d2285f9b724ea6fec209f48a80b9da0,f0f6cfcd1d1a9ce9
plantvillage-2016,raw/color/Potato___Early_blight/89b2e456-737b-4020-b788-c3f6a4927e69___RS_Early.B 7371.JPG,0,potato_early_blight,train,520,8cbca6f19a6e797d442e7fe81c91ea0d34c0eb11,3c468c9c9c8686a0
plantvillage-2016,raw/color/Potato___Early_blight/89d4dba2-3d9c-46fe-bac3-6be833b01351___RS_Early.B 6749.JPG,0,potato_early_blight,train,521,dbd502c125914dc2ce1f2af1d52c708bb2cb99df,fddbdb9b8b8797f3
plantvillage-2016,raw/color/Potato___Early_blight/8a9f0340-d5d1-479b-9dc5-d8df11685951___RS_Early.B 7024.JPG,0,potato_early_blight,train,522,b3456633dc5f38b2097ec37c062a8defea342a77,24c69a2264383000
plantvillage-2016,raw/color/Potato___Early_blight/8ace7694-6cdd-495e-a987-f9c0ee82bcab___RS_Early.B 9016.JPG,0,potato_early_blight,test,523,d602d244f79a1f0a5b5550afe40f4a1502275541,0068280c12936330
plantvillage-2016,raw/color/Potato___Early_blight/8b20db6d-9c57-46d7-b40d-c6a809b49e07___RS_Early.B 9127.JPG,0,potato_early_blight,test,524,2ece23f408a8754b3b828169cd643b9c93c34830,1818183c3a0a3ab0
plantvillage-2016,raw/color/Potato___Early_blight/8b5e48c6-7fac-4c87-bae4-6dd4ca5d110d___RS_Early.B 8905.JPG,0,potato_early_blight,train,525,4a02bc05178ec90b833cb26fe0d3c868f4028708,31384e1d9383b6f8
plantvillage-2016,raw/color/Potato___Early_blight/8bcbd0ab-e530-4b6c-83a2-e0c649abbdaf___RS_Early.B 6676.JPG,0,potato_early_blight,train,526,9c7108f2224fbfcf4ccc40adca92d68a060e8f08,7ef8e191a18386a8
plantvillage-2016,raw/color/Potato___Early_blight/8be5bc25-febc-4bde-bd2b-01a54d3c6e3c___RS_Early.B 8760.JPG,0,potato_early_blight,train,527,75197c1cdf843a93dc48c630c26e386c08580747,e3a99c9edeefeffd
plantvillage-2016,raw/color/Potato___Early_blight/8c01f338-2648-4bcf-99cb-853978b39014___RS_Early.B 6742.JPG,0,potato_early_blight,train,528,e30dc88668bdbc3a67e2459b8385b7370ed5a5c9,fbe3e1c5c3c7e8e7
plantvillage-2016,raw/color/Potato___Early_blight/8c1f94fb-d8e0-4607-a967-b71408dfd1ab___RS_Early.B 8723.JPG,0,potato_early_blight,train,529,6eb37fb60f106701ff206284046d6206ef8a3ca9,78e0be9c1cb8b1e3
plantvillage-2016,raw/color/Potato___Early_blight/8c3d0f9e-3a77-4ec2-a9ad-d996caa2c562___RS_Early.B 6887.JPG,0,potato_early_blight,train,530,2837a8ea63cabbb4b7f21889b7b91dfcc1c15a01,c0804c0c49030684
plantvillage-2016,raw/color/Potato___Early_blight/8ce2ee77-109f-4a08-bee9-2877c2201056___RS_Early.B 6834.JPG,0,potato_early_blight,train,531,51bb42c152efab3a43badaa8fe1b0b633df80352,80a0281c0c9cbc00
plantvillage-2016,raw/color/Potato___Early_blight/8d015dcf-e4da-41b7-9d81-8d160000accf___RS_Early.B 7264.JPG,0,potato_early_blight,train,532,ff8eea5c565dc42faedaaf0af1852b99bf9e8928,381adb0706c66438
plantvillage-2016,raw/color/Potato___Early_blight/8d8382dc-c4aa-4118-8aae-d0c372dce562___RS_Early.B 7336.JPG,0,potato_early_blight,train,533,93347dfefb498f9c5d94b9f425fd0d901f34e207,80e0b82c8e82c2e0
plantvillage-2016,raw/color/Potato___Early_blight/8da2d8a3-159e-48eb-9ae6-fd82bdb22d5d___RS_Early.B 6923.JPG,0,potato_early_blight,train,534,8611f8c84e8441767869b273749bc09c641418b4,30f08c8692c62686
plantvillage-2016,raw/color/Potato___Early_blight/8df7a062-73d6-468e-8354-baa641dd69b3___RS_Early.B 7072.JPG,0,potato_early_blight,train,535,bd1d62cd3e6a0634d4585189acc1a6b936859698,e08018193b3a3c94
plantvillage-2016,raw/color/Potato___Early_blight/8e05b766-d0a9-4621-9bb4-d16bef411dda___RS_Early.B 7238.JPG,0,potato_early_blight,train,536,f061ab273719f1d5dcba3c8760bc9b8060a7afd0,e1798ca687cfe5f5
plantvillage-2016,raw/color/Potato___Early_blight/8e384f1d-1a56-4fcc-8e06-a65ee86270a8___RS_Early.B 7278.JPG,0,potato_early_blight,train,537,17085e4d28a02f3a9908710d3b3badcc73afa62a,30e0c8ce86c6cc78
plantvillage-2016,raw/color/Potato___Early_blight/8e8ec280-1469-4286-ac93-0d88f393d21c___RS_Early.B 7891.JPG,0,potato_early_blight,test,538,d6f4b6161aa567c158cef8b7bc0cde785a4373e9,e1f4b23323caecf1
plantvillage-2016,raw/color/Potato___Early_blight/8e99bd85-9c90-4d29-ba2c-2110f46cef07___RS_Early.B 8570.JPG,0,potato_early_blight,val,539,67584460b3ba41db44d822affcb70e4d7b43f2cd,3c66c6c68e8c88c1
plantvillage-2016,raw/color/Potato___Early_blight/8ee79bf1-78d0-4c93-b42c-301d54e64f41___RS_Early.B 8388.JPG,0,potato_early_blight,train,540,9fc2337193b0692c11d94a76ad7ab0268a3a4f7f,838060068ec0781a
plantvillage-2016,raw/color/Potato___Early_blight/8f0e2872-e5c6-43b2-97f9-269da00cd400___RS_Early.B 8089.JPG,0,potato_early_blight,train,541,e693ca41815528f75bfddea970698e70a7b93bd0,9cffceae3e3af4d1
plantvillage-2016,raw/color/Potato___Early_blight/8f0e6484-7d27-4ee1-849a-316c6195b139___RS_Early.B 6840.JPG,0,potato_early_blight,train,542,b1878322c0a675fe1c76cc389acb2279a8673517,1060c68e1c181890
plantvillage-2016,raw/color/Potato___Early_blight/8f3f9eed-1a3d-4f0f-adcc-0fe3a832d95f___RS_Early.B 8518.JPG,0,potato_early_blight,train,543,02fed9a4f987d4bf633d5d3e222e7d4be7f8ed89,087cf8f0c2868080
plantvillage-2016,raw/color/Potato___Early_blight/8f6d9148-ae73-42cc-be78-baca869d1543___RS_Early.B 6805.JPG,0,potato_early_blight,train,544,45197670949a7526f5932b03918df18666750eec,70f89c96868392f0
plantvillage-2016,raw/color/Potato___Early_blight/8f78af6a-aec1-4e63-a27b-bada4a56d636___RS_Early.B 7643.JPG,0,potato_early_blight,train,545,be7146bb6a99d138dac18733dd90ce2b5e76822a,78e4dc9cddce6c79
plantvillage-2016,raw/color/Potato___Early_blight/8f9aef15-0a7e-4b1f-883f-30b8cbc72fe4___RS_Early.B 7898.JPG,0,potato_early_blight,test,546,7ee9057a2587bfb6f03978a0dec4d75dcb56e86a,befefcf9b8fcfcf9
plantvillage-2016,raw/color/Potato___Early_blight/8fcea4b7-97df-428e-a0ac-635108307e88___RS_Early.B 9229.JPG,0,potato_early_blight,train,547,200b9528234c4bca70188aeebe00dbf2d87e0e88,0676f0961e3c71e3
plantvillage-2016,raw/color/Potato___Early_blight/8ff3274d-02b2-4859-9415-982aa4ec7d8c___RS_Early.B 7465.JPG,0,potato_early_blight,train,548,84e48f3115b3e48a7446a432b756f270beccc566,78c4a133b8c96c98
plantvillage-2016,raw/color/Potato___Early_blight/900514b4-8768-4370-bc53-998e390644db___RS_Early.B 7788.JPG,0,potato_early_blight,train,549,d6bad9f1dcc0acba1b6487992a4d5b36fce2a1f9,7ce44e1640e0c0c0
plantvillage-2016,raw/color/Potato___Early_blight/902d81fd-7e78-44b6-b71b-efa61e018c65___RS_Early.B 8100.JPG,0,potato_early_blight,train,550,d6ce68467cb197d3c4e8026ac087f19dd2e88c0a,f1b8be8fc5e3f578
plantvillage-2016,raw/color/Potato___Early_blight/904770c5-2c05-43a1-a4d7-bccb5eafe1b7___RS_Early.B 7129.JPG,0,potato_early_blight,train,551,93a9e85428fcefc6d34e0d78aabe12b07cda5ece,3c3676d8d88cacd1
plantvillage-2016,raw/color/Potato___Early_blight/904dba96-8ff1-45e2-af16-9c9cc5865c32___RS_Early.B 7349.JPG,0,potato_early_blight,train,552,f0a05863e8e7807e90cd9cf8028038bb46e842b6,60c687a6a6ec3830
plantvillage-2016,raw/color/Potato___Early_blight/906218cf-65e8-4713-841f-01707a9dd20c___RS_Early.B 7270.JPG,0,potato_early_blight,train,553,4ac89cd47d477540a9086161b80febe1bce27c18,1676c696969cb8c1
plantvillage-2016,raw/color/Potato___Early_blight/906bb6f0-e61b-42f2-83a9-22593dadcedc___RS_Early.B 8564.JPG,0,potato_early_blight,train,554,7131fd0c82c957107902afd7703f1a906052cac0,0040408486c2e03e
plantvillage-2016,raw/color/Potato___Early_blight/907f26c5-5996-41b3-877b-7de6122699a9___RS_Early.B 7758.JPG,0,potato_early_blight,train,555,bdaa9940785ba02f6538a01e457c91292c54d72e,80880c04cacae238
plantvillage-2016,raw/color/Potato___Early_blight/90d47c2a-c84e-498c-b30d-f368e75611a7___RS_Early.B 7778.JPG,0,potato_early_blight,train,556,69e05278b75a8979c8b358847d18102d541c7233,e0c08e0647c3c078
plantvillage-2016,raw/color/Potato___Early_blight/90efe2c3-3e9b-4c76-9ab9-b74b2b2ecf36___RS_Early.B 7582.JPG,0,potato_early_blight,train,557,48b8d2ed7de3e843591e9609c4396d4f4db12f0d,f1666373bb9bdafa
plantvillage-2016,raw/color/Potato___Early_blight/91008080-0b15-41f0-ab72-5b6a3582239d___RS_Early.B 6954.JPG,0,potato_early_blight,train,558,e65a4763b305dc34710102930b8eeb69b90a6261,0ae8a06246444050
plantvillage-2016,raw/color/Potato___Early_blight/911b9166-40ba-4dc8-974e-c916e6866142___RS_Early.B 9089.JPG,0,potato_early_blight,train,559,c929df9c70a60f3581f8a287d0f538364c2deb14,1c78de879f279ecc
plantvillage-2016,raw/color/Potato___Early_blight/9125d133-5b86-4363-8fbe-79c813ac8795___RS_Early.B 6748.JPG,0,potato_early_blight,train,560,9ca1a78f529944c4555abefb7eed1d8ed44ba8eb,e1c59e2a2c3c90d0
plantvillage-2016,raw/color/Potato___Early_blight/9141a8b4-6144-446d-b71d-925bcd432840___RS_Early.B 8648.JPG,0,potato_early_blight,train,561,6cd345066c8d63e9ebea131d95b0fc71ab3f1f51,22e0cc86060386cc
plantvillage-2016,raw/color/Potato___Early_blight/91721448-8786-49f6-a66d-d410fe714676___RS_Early.B 7725.JPG,0,potato_early_blight,train,562,eb3587b6f4891e946d4b8bc460e1f3bc6e410a21,8031190c66a2e071
plantvillage-2016,raw/color/Potato___Early_blight/91a21acf-c95a-4ffc-90f2-8c64456f4032___RS_Early.B 7139.JPG,0,potato_early_blight,train,563,fd3d30904f5fcf132794c85bff76be44ed378e61,60c2862e1c5c30a0
plantvillage-2016,raw/color/Potato___Early_blight/91d11576-f040-43ab-8e08-e7ef4926707a___RS_Early.B 8054.JPG,0,potato_early_blight,train,564,e90b41c5c149e7ffd53fe70684001d5d30f4e4ed,8080100c022686c2
plantvillage-2016,raw/color/Potato___Early_blight/92757a8e-b68a-45b3-9d70-0281c8ea90ca___RS_Early.B 7199.JPG,0,potato_early_blight,train,565,6a114ae81bd905795ace24f30f8b9cd227d96cd9,79e4c6e6a686cce0
plantvillage-2016,raw/color/Potato___Early_blight/92a30efc-6b2f-4e17-8688-e477e5d39bd9___RS_Early.B 7343.JPG,0,potato_early_blight,train,566,52499a2d74f8288433477d9ebaf57b4136f86356,c3818c86c6673238
plantvillage-2016,raw/color/Potato___Early_blight/93701beb-c734-41ea-a5ef-9e5ca4728dfc___RS_Early.B 6885.JPG,0,potato_early_blight,train,567,29286445125ad4e336b4457a1f28fa22b03e7d97,71e8d0c7470782c4
plantvillage-2016,raw/color/Potato___Early_blight/93992994-fcb0-4d3e-b528-e6fd9fd1b317___RS_Early.B 6686.JPG,0,potato_early_blight,train,568,4174030323e5944119d0a3818f4319145743efa4,0a4d85862e0c1840
plantvillage-2016,raw/color/Potato___Early_blight/93c3dfcc-de7c-4ae9-9d18-4042f53e3d1f___RS_Early.B 7872.JPG,0,potato_early_blight,train,569,ea001511d373611ade41b33d826577e7a5fbeb67,7cec8c8889f8b0c0
plantvillage-2016,raw/color/Potato___Early_blight/93c6b48d-cde9-4e8b-bbfb-1a9c06234419___RS_Early.B 7000.JPG,0,potato_early_blight,train,570,a960a8150cde60e7b9114203000d619e81130713,3870e4e4cc8a84d0
plantvillage-2016,raw/color/Potato___Early_blight/93eaec77-3e91-415a-a029-c054a42c18aa___RS_Early.B 8296.JPG,0,potato_early_blight,train,571,704e9f94ae741d88bc7b6239c277097de3ef419e,38f2d8b6aebc98e1
plantvillage-2016,raw/color/Potato___Early_blight/945f4d4b-5e0a-4cc0-8b7c-d82854730b9d___RS_Early.B 7836.JPG,0,potato_early_blight,train,572,cab4c084d7be10e4fc2e566d7b9f3c9bf6ea431e,3e70e5d3b34644c0
plantvillage-2016,raw/color/Potato___Early_blight/94eb2aa6-7f9e-4a5a-b519-2106984e9a7d___RS_Early.B 8770.JPG,0,potato_early_blight,train,573,adf5e0507c0f21ecc4edc87a88393e59a67389a9,c1d08c2e0a86c670
plantvillage-2016,raw/color/Potato___Early_blight/9541d815-f209-4f13-892e-ca4e97ae5d8e___RS_Early.B 8981.JPG,0,potato_early_blight,train,574,19989aaa8ff9d149cf43be6180a908b94930f16d,999c8f878795c5e5
plantvillage-2016,raw/color/Potato___Early_blight/95a4df95-bec8-4c93-bb07-48b0118f99be___RS_Early.B 7740.JPG,0,potato_early_blight,train,575,c9585528d9a8f30b8619b04cd02d79aa2807b53f,711c8ea7b1d9f9fd
plantvillage-2016,raw/color/Potato___Early_blight/95cd8c85-b3b1-4d90-828d-1c93ea98977a___RS_Early.B 9109.JPG,0,potato_early_blight,train,576,9ef31e04157286bb0cd61686e53986369f652f76,30c08c0c0c262828
plantvillage-2016,raw/color/Potato___Early_blight/95d42b98-1945-4cb3-ab27-0dbd56def41b___RS_Early.B 8866.JPG,0,potato_early_blight,test,577,4b6e2f5ee9fe0a643f0e784cbc5fc12a0e64e888,004030382c8cec00
plantvillage-2016,raw/color/Potato___Early_blight/95fba7f6-23a4-4c3c-a2b9-335c5b4c3810___RS_Early.B 7743.JPG,0,potato_early_blight,train,578,2a3425e3999e396515dd422f19c97188f6c0e5d2,387cd69717869cd8
plantvillage-2016,raw/color/Potato___Early_blight/96ab8c2b-9067-4af7-821c-b14a3c7e618f___RS_Early.B 8816.JPG,0,potato_early_blight,train,579,0de8b6541b7d49d925955a2e61ef39a9166925b4,fdfbe3c9899f9ef0
plantvillage-2016,raw/color/Potato___Early_blight/97c1fe0d-72f6-421d-bb82-542f0766176c___RS_Early.B 7448.JPG,0,potato_early_blight,val,580,7e2f2d5911ad197f4dea5f31759e13c964c8629d,3c78da8b9b96cc68
plantvillage-2016,raw/color/Potato___Early_blight/983cf28c-872f-423a-a774-41ed2939f249___RS_Early.B 7660.JPG,0,potato_early_blight,train,581,fed8f2a56f8c152541a7145d59833efac5e78515,fdf4dcb8b7bed8e8
plantvillage-2016,raw/color/Potato___Early_blight/9846eead-9fc1-4c35-8b63-1adfbdf0b118___RS_Early.B 8325.JPG,0,potato_early_blight,train,582,23a3efe211b68c2f68bcd572f696c6cfef78da0d,f8f8dadade9edc99
plantvillage-2016,raw/color/Potato___Early_blight/985f3b47-d5ee-45d4-a020-f43ca80fb59e___RS_Early.B 9211.JPG,0,potato_early_blight,val,583,acf6004dc48bc7270e7d75363f18d4145f55b5a9,4d7e3189d2f6e9a3
plantvillage-2016,raw/color/Potato___Early_blight/98d40b59-5c50-45b6-9b8b-268c40547334___RS_Early.B 8031.JPG,0,potato_early_blight,val,584,32a1ece99537e4670364fc0d73e50b26d4798341,c1d09c72779bc372
plantvillage-2016,raw/color/Potato___Early_blight/98de061b-990e-4395-a50a-975c0fab5a4a___RS_Early.B 7394.JPG,0,potato_early_blight,train,585,db286aa8f852ce3db1437c364490d15cc70c3db3,a7c9a4a6cfc67a78
plantvillage-2016,raw/color/Potato___Early_blight/98efaa2d-7587-48e8-8c19-4f7483e395cb___RS_Early.B 6982.JPG,0,potato_early_blight,train,586,9ca2433cb511e988dedf65ae09cca849200a8aa3,5e76e6ce8e9e98f1
plantvillage-2016,raw/color/Potato___Early_blight/992a06a6-1aeb-4876-b33e-4267aa1a0c43___RS_Early.B 7618.JPG,0,potato_early_blight,val,587,960ded8fec84cf08bde6d43fc06d978cb4c65d6b,b7b4b68fcfe7e2f8
plantvillage-2016,raw/color/Potato___Early_blight/993bc916-4517-45cf-a5bd-90ee95dd35fd___RS_Early.B 8452.JPG,0,potato_early_blight,train,588,eaa5e066f35e506eb7a21fc01432b16c7aaf10bd,d3f8e8eef6e7fafe
plantvillage-2016,raw/color/Potato___Early_blight/996c0f04-a33a-4620-8971-469e009abae7___RS_Early.B 8869.JPG,0,potato_early_blight,train,589,df41fb473428af358e6fce8a241ab2d0e5d0053a,f1b687c7c5ebffff
plantvillage-2016,raw/color/Potato___Early_blight/99821810-926a-4ac4-9bc7-cbae991f7e68___RS_Early.B 7626.JPG,0,potato_early_blight,train,590,4c9e1042867d342a07c241bb69b69c89292fe27a,7eefcfb8a294b8a3
plantvillage-2016,raw/color/Potato___Early_blight/99d75573-472e-4f57-ab82-b49b78853d03___RS_Early.B 7847.JPG,0,potato_early_blight,train,591,09f9752d6b895bc8be5f809276f384a84bf3fb45,e0e02c64709aec2c
plantvillage-2016,raw/color/Potato___Early_blight/99fedd87-d173-4b2f-8bb1-26465641af4d___RS_Early.B 7372.JPG,0,potato_early_blight,train,592,67e723b520a79917eb2d51a0aec8f589d5a9eb65,71a028191b13d2e0
plantvillage-2016,raw/color/Potato___Early_blight/9a157bfb-073a-46b2-95c6-16792e30e03f___RS_Early.B 7409.JPG,0,potato_early_blight,train,593,626daeee461c4a590756f2dc1d7d1b83f2ab295e,63d0d4a6c6c67238
plantvillage-2016,raw/color/Potato___Early_blight/9b5f25b9-9f30-478a-9710-fc79dafaf62e___RS_Early.B 6739.JPG,0,potato_early_blight,train,594,1c2b2d9d56f0e001daf31a2156bcdab21698569c,f2f0c499119b87e6
plantvillage-2016,raw/color/Potato___Early_blight/9badd590-45ed-4636-9590-b12342ea8a84___RS_Early.B 6944.JPG,0,potato_early_blight,train,595,a3c26f98011d2081a669ac879cf6ccd9bcf4b29b,3ee6f2b8bebef8c1
plantvillage-2016,raw/color/Potato___Early_blight/9bc2ecbb-4a3c-43be-80ce-c6ac77e4b498___RS_Early.B 7145.JPG,0,potato_early_blight,train,596,b14ac83d5f293684b9a827e43dddbe9c389c2aed,70e4d0f0cc84c860
plantvillage-2016,raw/color/Potato___Early_blight/9bef32f0-dc02-4223-a378-6a41c6bfc7a9___RS_Early.B 8444.JPG,0,potato_early_blight,train,597,8f99063f98f59ff8b832892d5a8854548f3f3a57,64e4c29e861e9cf8
plantvillage-2016,raw/color/Potato___Early_blight/9c77f930-5d28-4b1f-8274-30c2c2dc82fb___RS_Early.B 8347.JPG,0,potato_early_blight,test,598,856b4ddbb3723f3b61f9d63a47fec9c67dbf969d,d19c82888e86c672
plantvillage-2016,raw/color/Potato___Early_blight/9ca7d203-7b7c-4f5c-911f-fc225f3c5b77___RS_Early.B 7557.JPG,0,potato_early_blight,train,599,ee2f109e2a6f39791618cae1ad2b673a619f010d,fcf6e68b8fcdecf9
plantvillage-2016,raw/color/Potato___Early_blight/9cb0c796-fde2-406b-87fe-3926b722f8f7___RS_Early.B 8300.JPG,0,potato_early_blight,train,600,bbc365e8c18d8668360a155b50e403ae23d7ce1c,9efee6cebcfce0c3
plantvillage-2016,raw/color/Potato___Early_blight/9cba8b9a-68a7-483a-bc77-6bacbbe7fc46___RS_Early.B 7588.JPG,0,potato_early_blight,test,601,d41d44244e784b089989b9cedc017c742ff97ecb,fffbc7b7af6ec4c5
plantvillage-2016,raw/color/Potato___Early_blight/9cd81447-0701-4969-86aa-5f20269923c5___RS_Early.B 8790.JPG,0,potato_early_blight,train,602,df4af7dfd230a145859748a230b1504dcdf56ef8,1f79f286ca8cb8d1
plantvillage-2016,raw/color/Potato___Early_blight/9ce9c6dc-b20c-47f8-91e0-31886945c4bb___RS_Early.B 8094.JPG,0,potato_early_blight,val,603,9bd41a003caf095599abbce4fac636f7276787a5,805048445484c660
plantvillage-2016,raw/color/Potato___Early_blight/9d0c69df-f5dc-4118-a654-ab40d100b9b6___RS_Early.B 8870.JPG,0,potato_early_blight,val,604,ad1815ee51139ca4a2364c1edb5420343819af8b,93d9ccc6e2f7fffe
plantvillage-2016,raw/color/Potato___Early_blight/9d2f37ae-aa02-4b04-b0cb-9fe125cfdbe2___RS_Early.B 7691.JPG,0,potato_early_blight,train,605,78d622349f6be7847f4728a5fa2a1131d1cdae9b,f1e4e6a6b3f2f8f3
plantvillage-2016,raw/color/Potato___Early_blight/9db872fc-f367-4dfa-b1f7-23490bb4552b___RS_Early.B 8842.JPG,0,potato_early_blight,train,606,e5ee163f15474e6239824f55e9305a829a0ef627,60cc8e4f262690c0
plantvillage-2016,raw/color/Potato___Early_blight/9e092cd4-dcd4-4f9b-a901-48ac13a6deb0___RS_Early.B 8343.JPG,0,potato_early_blight,train,607,bc64544af3f8e6a3c593263601f7f67ab7ba8da8,80988c047c9ece70
plantvillage-2016,raw/color/Potato___Early_blight/9e506566-6697-4444-a2f3-a3931d34bbf3___RS_Early.B 6899.JPG,0,potato_early_blight,train,608,edb9505a80c17a498c39ed247f78456b52ad50dc,30e8ce8e0e0686c2
plantvillage-2016,raw/color/Potato___Early_blight/9eb646d2-e908-43d1-8dd5-0d6b8dcb21eb___RS_Early.B 7569.JPG,0,potato_early_blight,val,609,bf059123c99b74ec42ee72a8b9345acf9394cf1e,70c81a46474353c4
plantvillage-2016,raw/color/Potato___Early_blight/9ebf9d7d-0cfe-44f5-9126-89c70d38321a___RS_Early.B 8986.JPG,0,potato_early_blight,train,610,c9997b685fc3312c3ae849178b960b214af694f5,000020283898c262
plantvillage-2016,raw/color/Potato___Early_blight/9fa151cd-43d7-42e1-9235-72f58c584a4b___RS_Early.B 8581.JPG,0,potato_early_blight,train,611,ba2542db0a1f759e4279d333a2626393c00f2b66,0020300c6e2682c0
plantvillage-2016,raw/color/Potato___Early_blight/a01521f0-27be-4688-9d28-07d09ef80920___RS_Early.B 7119.JPG,0,potato_early_blight,val,612,bda60fd8a7f98554ba5c1d41315216396e86a88e,fffbe3cf8e969df1
plantvillage-2016,raw/color/Potato___Early_blight/a02f78b3-da52-400a-ab11-7184df9ea485___RS_Early.B 8403.JPG,0,potato_early_blight,train,613,215d5f42e8e554e6097c7e60dd4cc33302228db0,cc8e8f8787cfcffc
plantvillage-2016,raw/color/Potato___Early_blight/a08eec21-8500-4ac5-92a9-d9b14067f01c___RS_Early.B 8985.JPG,0,potato_early_blight,train,614,96aadf78fa35206fb2c31ab218c16e5f3a2a6265,30c0880870700810
plantvillage-2016,raw/color/Potato___Early_blight/a0d8a499-e9e4-4c88-829c-7c2270073735___RS_Early.B 8525.JPG,0,potato_early_blight,train,615,4aef7cf657fb4f44a790c0a566224ee378d32e22,5c72eece9e9ab8d0
plantvillage-2016,raw/color/Potato___Early_blight/a10b278a-fcce-4cf4-aada-254e89050be5___RS_Early.B 7524.JPG,0,potato_early_blight,train,616,4e384a273cd41579137ca9b743e7f4245e063db0,f1f8fa6befabbef0
plantvillage-2016,raw/color/Potato___Early_blight/a1dd3cdf-0ff5-49f6-b66e-9b3632a07019___RS_Early.B 7833.JPG,0,potato_early_blight,train,617,e9568b5fd0404d933dca897746f13861521e1986,ffebcbbbb767ccf1
plantvillage-2016,raw/color/Potato___Early_blight/a29559c6-1d80-4486-a3c9-26986d6e28e0___RS_Early.B 6890.JPG,0,potato_early_blight,val,618,9b05ac7e1f8582e1b9ce9e706a7c6b58f9b28493,fcde93a70f8fc7fc
plantvillage-2016,raw/color/Potato___Early_blight/a29ed5b2-153c-4f0e-a633-f698c9ff51d2___RS_Early.B 8840.JPG,0,potato_early_blight,train,619,204387cc8cad9251b33c2b8eee176cfbea944f72,60ec9e0f3f1e9cd0
plantvillage-2016,raw/color/Potato___Early_blight/a2fe15c2-1900-4fbd-9e69-771b1693cc68___RS_Early.B 7398.JPG,0,potato_early_blight,train,620,8f1a1d57c8b7e194695d4d487069f40a3ee1b738,1e3bfdbdb9a72ee9
plantvillage-2016,raw/color/Potato___Early_blight/a38df468-bb4a-4bb3-9ee9-a2dffae718e9___RS_Early.B 8690.JPG,0,potato_early_blight,train,621,455c85518fecff8299b0412df7bf31f54ee02b48,38f49492028fcec8
plantvillage-2016,raw/color/Potato___Early_blight/a3ed964c-36f1-403c-8146-b2a3b79a352d___RS_Early.B 8310.JPG,0,potato_early_blight,test,622,6f2ac1e3f3c4d1d033e40310669cccd124d5b848,1e1e76cc9eb6bcc1
plantvillage-2016,raw/color/Potato___Early_blight/a3fe02f0-6d49-4e9a-ba9a-ac26e8b65ca9___RS_Early.B 7560.JPG,0,potato_early_blight,train,623,984a89672d70859cd237a6c8fd71e13853f13572,c7c0d8cc86e6dcec
plantvillage-2016,raw/color/Potato___Early_blight/a4168403-2458-4f28-84f7-949050905878___RS_Early.B 8450.JPG,0,potato_early_blight,train,624,0b3e0499ff563cb623a4c1e547c8a43fdc0161ad,fef6fdffaff8f8e1
plantvillage-2016,raw/color/Potato___Early_blight/a41c6816-0755-4e55-b589-42b665a97a02___RS_Early.B 7064.JPG,0,potato_early_blight,train,625,64da0ca9cc4336d7936880233bf6d0d78df342d8,c0802028506810c0
plantvillage-2016,raw/color/Potato___Early_blight/a4ac4e39-1342-4b1d-806a-98789876a701___RS_Early.B 8953.JPG,0,potato_early_blight,train,626,2f19d853f6f22dd74fce167bf50d7d2f20a5e792,f9babdb5fdf9fffe
plantvillage-2016,raw/color/Potato___Early_blight/a4cc86e3-ac4d-4b72-89a2-6cf106831908___RS_Early.B 7346.JPG,0,potato_early_blight,train,627,d4a582eace6ef4d8123c261777809ab4aaace789,e19ccec7c3e3647c
plantvillage-2016,raw/color/Potato___Early_blight/a50c5f93-a5db-4eaf-9d82-2e420d2351e7___RS_Early.B 7060.JPG,0,potato_early_blight,train,628,7323ad55005393fab9fddfee16cfac1357804eee,903eb381c3e0fc7c
plantvillage-2016,raw/color/Potato___Early_blight/a5b278e7-448e-40ae-80c2-d286f2681d10___RS_Early.B 7900.JPG,0,potato_early_blight,train,629,7f98f2dcc11fbb497141b5432ad3b3cba3da64f9,d3e0e2ebfbfbf6fe
plantvillage-2016,raw/color/Potato___Early_blight/a5e73fd4-6d3e-4037-b440-f4e5234e4459___RS_Early.B 7645.JPG,0,potato_early_blight,test,630,5ba844e6e1a2a176b2d24ca8e535991102efa46c,60e0b07262b0e838
plantvillage-2016,raw/color/Potato___Early_blight/a60106e3-e037-495f-8b5a-080adcb9bdd9___RS_Early.B 8561.JPG,0,potato_early_blight,train,631,38a87cbb746f45e11cdd028ac3c47ee8f3483f12,3060ccccc6c6e4f0
plantvillage-2016,raw/color/Potato___Early_blight/a601dd4d-4e81-4327-9e4e-fd19262a1306___RS_Early.B 8265.JPG,0,potato_early_blight,train,632,d5c00f9708936bea9666975b3ff8e1648dbf40ea,b8eec6a6b4b8b0c3
plantvillage-2016,raw/color/Potato___Early_blight/a6995958-6344-4d37-9b99-d3bc3d40ab67___RS_Early.B 7210.JPG,0,potato_early_blight,train,633,3505e7e2f479f2d9e9ff734173ad4348b6b5e7c3,1c38e2a236143060
plantvillage-2016,raw/color/Potato___Early_blight/a6dbc59a-ca8a-40e0-a896-3e2270d771bb___RS_Early.B 7195.JPG,0,potato_early_blight,train,634,007dc576075c6233d9fa7f5d1a7989d05e806447,3ee6c3800a36b8a2
plantvillage-2016,raw/color/Potato___Early_blight/a6fef9f4-0006-4faa-95ab-3aadde49b229___RS_Early.B 8783.JPG,0,potato_early_blight,val,635,82e76d0c3d64fff51162dde947494d888bee98ee,60e03062838b88e8
plantvillage-2016,raw/color/Potato___Early_blight/a801f66c-b8bc-42e5-ad5b-99f68d219fa9___RS_Early.B 8552.JPG,0,potato_early_blight,train,636,0e4c9ad812ea67e5f69d9da695bdb35fe730be94,3e62c68c9cbaf4c9
plantvillage-2016,raw/color/Potato___Early_blight/a85029ca-881b-45a8-bb64-d8c77492a49d___RS_Early.B 8833.JPG,0,potato_early_blight,train,637,b291caeb6de253218e9b2b44e4558924780199d6,20305c3492c06128
plantvillage-2016,raw/color/Potato___Early_blight/a8933319-d98e-4e71-a2ac-e22f7e1bca08___RS_Early.B 7499.JPG,0,potato_early_blight,train,638,d0711c89ee302ed8185825ca8441ef38fc6733d8,d8ccc7c7c7c5ed78
plantvillage-2016,raw/color/Potato___Early_blight/a89d6e67-d60e-49b5-8b87-e137b6a5181c___RS_Early.B 7472.JPG,0,potato_early_blight,train,639,a2ceb3c4084367f41c3efedb1624830c1960b53f,dcdcde67979fd7fb
plantvillage-2016,raw/color/Potato___Early_blight/a938ba0c-780a-41e0-b26c-3c6b87047ac6___RS_Early.B 6878.JPG,0,potato_early_blight,train,640,bc31591591e0788f1041226b8fd80b3a65f637ed,f3f8be9bf7d9ecfe
plantvillage-2016,raw/color/Potato___Early_blight/a9659799-4093-4d84-855e-2f4382729c01___RS_Early.B 8784.JPG,0,potato_early_blight,train,641,2fcc8f788640841bbdafe0324b2176aae6881dad,00a0280c22e06664
plantvillage-2016,raw/color/Potato___Early_blight/aa0ad1ba-f08a-4376-82a1-fec51fbf6810___RS_Early.B 7478.JPG,0,potato_early_blight,train,642,4166138f5e9159afd974257925dcff3c07cb22ec,010018283a98c864
plantvillage-2016,raw/color/Potato___Early_blight/aa342b8f-88f5-4d9d-9740-4b1b4147c590___RS_Early.B 7939.JPG,0,potato_early_blight,test,643,213aa74a419292496bc3befbe7967d450272e53f,e0080c66329acc70
plantvillage-2016,raw/color/Potato___Early_blight/aa687aac-2f1a-44d8-89aa-3f7d413b4763___RS_Early.B 8055.JPG,0,potato_early_blight,train,644,1c3f225eb92f4ce6e083ee28a23294e1e7c3317a,3e70ceae2c38e0c2
plantvillage-2016,raw/color/Potato___Early_blight/aa7e5986-6fa1-4b25-9861-cbae56886280___RS_Early.B 8545.JPG,0,potato_early_blight,train,645,72926000e6d8c531c5321afe96bfb7f0b7cb4a6a,e0a042426222c050
plantvillage-2016,raw/color/Potato___Early_blight/aaa394b2-f7d5-41a5-97eb-acc4068ef72d___RS_Early.B 9155.JPG,0,potato_early_blight,train,646,3428e369af8e892808fe46167cb81d9b837307d4,808020142686c664
plantvillage-2016,raw/color/Potato___Early_blight/ab0878eb-0310-4788-b2d7-14102cdd241e___RS_Early.B 7026.JPG,0,potato_early_blight,train,647,e18aead2c25422130d5ddd1d5f272ca136b271d5,f09cb8b89c9ccce3
plantvillage-2016,raw/color/Potato___Early_blight/ab23a940-3124-4101-b562-08ca34a8334b___RS_Early.B 7790.JPG,0,potato_early_blight,train,648,6ca778d6d084df45c2cf30d501ec942f152d487a,3efc868eb8c88083
plantvillage-2016,raw/color/Potato___Early_blight/ab808dff-e0fc-42d0-ad9a-c4cb7f69e59b___RS_Early.B 9210.JPG,0,potato_early_blight,train,649,758389581fcee5bb6fb490f1f6a18fdfb2d35be0,f7de96933d7dbffc
plantvillage-2016,raw/color/Potato___Early_blight/abb9a8c4-5d0f-443a-b7c9-780036ffe76c___RS_Early.B 7380.JPG,0,potato_early_blight,train,650,db6459f03f22ef664af43271c4ff6b569580ffbf,70c0900b2f1f86f0
plantvillage-2016,raw/color/Potato___Early_blight/abfaeb8b-fe1e-48e6-ab8f-c9a72680420d___RS_Early.B 7427.JPG,0,potato_early_blight,train,651,adfb6a073a4f72b8661a0b8ba9cb60b58a615db2,3cde8e0f0e2e20a4
plantvillage-2016,raw/color/Potato___Early_blight/ac40d7e9-e650-40f1-b894-22f495febefd___RS_Early.B 7276.JPG,0,potato_early_blight,train,652,504477c85c64ba04d47eef86d25f6705caec5b45,f1e6decfefe7e77c
plantvillage-2016,raw/color/Potato___Early_blight/ac6c3aea-ad58-4b46-b0d2-195dba86e0f6___RS_Early.B 7926.JPG,0,potato_early_blight,train,653,90186ce604e3f880a0b54b180aac88a765010c2b,1e7cedcd9a76ecd0
plantvillage-2016,raw/color/Potato___Early_blight/acb59a95-cbe4-4602-9b8a-9adbf12899af___RS_Early.B 6754.JPG,0,potato_early_blight,train,654,a4cb86f31cab612c4a366cc6bc29b04aa8977ad4,08bc3c0e2a7a3888
plantvillage-2016,raw/color/Potato___Early_blight/acb84d77-5b1c-4beb-be27-99fee467bf1f___RS_Early.B 7577.JPG,0,potato_early_blight,train,655,079b34812c7187f7cbb81eee229a387626289585,0636c686264c4840
plantvillage-2016,raw/color/Potato___Early_blight/acff9d5e-4b38-4817-a239-93c115a0b3ff___RS_Early.B 8993.JPG,0,potato_early_blight,train,656,39ee63a2dd38e6b60967518da76e64f0660d5d35,1970c68616309ce8
plantvillage-2016,raw/color/Potato___Early_blight/ad8c76f3-16b3-4d7f-a9e9-cbec8c398d34___RS_Early.B 6694.JPG,0,potato_early_blight,train,657,c51c5cd347a2535d45c3d9fccf24690ce0498b90,0e86964d3b2b1c40
plantvillage-2016,raw/color/Potato___Early_blight/adc573cd-bbf3-4742-9bd5-1e3e6f27319a___RS_Early.B 8685.JPG,0,potato_early_blight,train,658,93537c34e2a37fcccdbab9716016904b51c9385d,fee3cb9331a387ee
plantvillage-2016,raw/color/Potato___Early_blight/ae25f262-234e-4ee1-96ad-3e47ddfbea9d___RS_Early.B 6670.JPG,0,potato_early_blight,train,659,57670a79ec0920133955f3fba8604696f0ce69d1,f1e4c68f9333e7e6
plantvillage-2016,raw/color/Potato___Early_blight/ae38f458-d36e-43ce-95a5-45b775692d8d___RS_Early.B 8644.JPG,0,potato_early_blight,test,660,0d4db0a184574f8db531fa4503b6207c143f1ecb,e0cc8f9f9fdfeefc
plantvillage-2016,raw/color/Potato___Early_blight/ae5a9be8-5bd6-4542-8766-6c7bb8c61ded___RS_Early.B 8182.JPG,0,potato_early_blight,train,661,863c9a2bfc308c56746b223efe5cb8defd8d8cad,e1ec8fada5c6e674
plantvillage-2016,raw/color/Potato___Early_blight/aed93c24-f226-4dd4-b5fb-b1f2d1202c63___RS_Early.B 8363.JPG,0,potato_early_blight,train,662,12dbabaa8a677f10dc015de34a5d57bb6ba7fd1d,8090383a3a2320c8
plantvillage-2016,raw/color/Potato___Early_blight/af0ee942-50f5-43a7-a9fe-486ba1f5f989___RS_Early.B 7700.JPG,0,potato_early_blight,val,663,2067977b62c0b342607728219ba6cec3867a6294,e3988c8e86cfebfd
plantvillage-2016,raw/color/Potato___Early_blight/af3bb3a3-e022-45f3-b209-6b3b53f13a47___RS_Early.B 7333.JPG,0,potato_early_blight,train,664,17ead2523f812e0deeb259cfaa9102d533f5440a,e1c89e3f8f8ed6f4
plantvillage-2016,raw/color/Potato___Early_blight/af79e762-c2f7-4e37-926b-ce27dbc52fc4___RS_Early.B 6858.JPG,0,potato_early_blight,train,665,f5459fa13a074f34560fd29b14b829722cf9312e,1c70ce8e84ae8cf9
plantvillage-2016,raw/color/Potato___Early_blight/b05850b8-bfb9-487d-b0ba-8f406eba933e___RS_Early.B 6936.JPG,0,potato_early_blight,train,666,bfe8d088b635c76bd1e7e91bfcc124e571911c63,b3b19496dffdfcfe
plantvillage-2016,raw/color/Potato___Early_blight/b09e0cba-0564-4dde-a90d-3c0d90d6336e___RS_Early.B 7776.JPG,0,potato_early_blight,train,667,0ea8530157a2da347e4c0dfbcbef14cfe4a3ddcd,77e3c19cd8f27878
plantvillage-2016,raw/color/Potato___Early_blight/b14e0de2-ab48-45b5-9d4d-e45e7c88b68f___RS_Early.B 8554.JPG,0,potato_early_blight,train,668,f24467c843c32df11509a0b57e92c3858a25ebf2,071198cc86cee670
plantvillage-2016,raw/color/Potato___Early_blight/b17bf28e-c272-4a24-9f45-7d3a343de49f___RS_Early.B 7620.JPG,0,potato_early_blight,train,669,eb67fc79929fe9cc4438552aa789c25fca726aac,24e282ca82c81081
plantvillage-2016,raw/color/Potato___Early_blight/b1b3c9c7-a4b9-4048-be45-fa9c5e507c66___RS_Early.B 7466.JPG,0,potato_early_blight,train,670,1836a91a3384c4022974243c6535814238d0e8e0,3958968e89dbdc71
plantvillage-2016,raw/color/Potato___Early_blight/b1b55149-b5bc-460e-87af-a745fb01855d___RS_Early.B 7477.JPG,0,potato_early_blight,train,671,ed31e120f300b2307f78a613d718be30589f36a6,1c64ea82123058c0
plantvillage-2016,raw/color/Potato___Early_blight/b21bc878-7b63-481e-a6d1-7e972627210e___RS_Early.B 7656.JPG,0,potato_early_blight,train,672,c8f5092ff16cb1a9f2ccab5519cdbe0aecc962c1,80808084c4c2e838
plantvillage-2016,raw/color/Potato___Early_blight/b29e0fdf-c39f-4b3a-b12f-c693374f15cf___RS_Early.B 8820.JPG,0,potato_early_blight,train,673,577bb0b046c53ae2fc55a857bccd4490cc46c107,70e0c28a8686e4f0
plantvillage-2016,raw/color/Potato___Early_blight/b2b7758e-f201-4d9c-bc27-d53bb09b2dac___RS_Early.B 7025.JPG,0,potato_early_blight,test,674,278241b71a19352e178ba31e46904a383a6e6336,802044642692e030
plantvillage-2016,raw/color/Potato___Early_blight/b2e21749-afe2-4392-8d5d-23088d37873c___RS_Early.B 9028.JPG,0,potato_early_blight,train,675,10493997e115437d5e0e8a8fb8d8de5267f8d106,479726771e1e9c71
plantvillage-2016,raw/color/Potato___Early_blight/b2e6d502-8a02-4493-ae91-34bad50b6040___RS_Early.B 7537.JPG,0,potato_early_blight,train,676,904fc9759f20d8e8e137ce42384f5aef121b1d20,8030188c969ace64
plantvillage-2016,raw/color/Potato___Early_blight/b301c9cd-7624-4261-ab4f-962936ebb92a___RS_Early.B 7632.JPG,0,potato_early_blight,train,677,3bafb6d0375a39ad19af6c43b321d5c0490f1b74,ffe7c7ce9eacf1e3
plantvillage-2016,raw/color/Potato___Early_blight/b328c22c-c9c6-41fd-9bac-daf2f26143b1___RS_Early.B 6854.JPG,0,potato_early_blight,train,678,5aba383391710e05bb29cfef522c62f68bf6bfc7,802024340c0684e4
plantvillage-2016,raw/color/Potato___Early_blight/b35e4c48-e54e-4e42-a399-b236209314f4___RS_Early.B 8231.JPG,0,potato_early_blight,train,679,74be3b0cd3b73ef40b96a58494568b39dbe6b740,66e4d0b122627410
plantvillage-2016,raw/color/Potato___Early_blight/b39bbf50-eae1-49ca-bd12-e776e3680d8b___RS_Early.B 6775.JPG,0,potato_early_blight,val,680,b743597c1fc3dcb123b15d24b1bdba9e0891565a,a7f3f81cbecbc73e
plantvillage-2016,raw/color/Potato___Early_blight/b3d44557-f696-4fc9-b144-dec4f4ba9452___RS_Early.B 9110.JPG,0,potato_early_blight,train,681,da631ce5fdd2e7bc2b0c35694b3be633db08c3ca,3c60c69c9c51d3c3
plantvillage-2016,raw/color/Potato___Early_blight/b4021eae-d195-400a-b7b7-9888367f5f2f___RS_Early.B 7881.JPG,0,potato_early_blight,train,682,de425f62d068c25eb100e7fb4953b7edcbd69b59,f0b6b2b199cdec78
plantvillage-2016,raw/color/Potato___Early_blight/b472654c-a32f-4c8f-b424-da6e415febf9___RS_Early.B 8930.JPG,0,potato_early_blight,train,683,a33b3f7b1dcc5b05bd99d3f2f077e6c7deef47b4,fff7b9cd6977cde5
plantvillage-2016,raw/color/Potato___Early_blight/b475147c-92bc-419a-b2c3-7d5aabbb79ec___RS_Early.B 7379.JPG,0,potato_early_blight,test,684,94848acbb75eb08a618db597436138b910a50eeb,e3398c9a8acbe270
plantvillage-2016,raw/color/Potato___Early_blight/b5127f55-debe-459a-98e5-4629750f9c38___RS_Early.B 7496.JPG,0,potato_early_blight,test,685,a77b3b0a00a379990cb5587cd6bccfc944829c5e,0000200888c0f23a
plantvillage-2016,raw/color/Potato___Early_blight/b512ab1a-0ea5-47d6-b998-7c9f32ed3329___RS_Early.B 7250.JPG,0,potato_early_blight,test,686,00ac140aad278bcc9087b84772b4fdd5b63a62b6,4cc486163e3c8851
plantvillage-2016,raw/color/Potato___Early_blight/b549ab3b-06f1-45ef-bf34-86071552d870___RS_Early.B 8576.JPG,0,potato_early_blight,train,687,357867698f0a7247adaa086edced69ac203d4d03,d99cbe9b87cfeefc
plantvillage-2016,raw/color/Potato___Early_blight/b54a2105-b9a4-4665-9e34-44df46d0be5a___RS_Early.B 8507.JPG,0,potato_early_blight,train,688,feb8e0bffe7b3d85ce6c03664f4dbcaacfa9bf06,b3e8c6b4b39eccf8
plantvillage-2016,raw/color/Potato___Early_blight/b6220993-c51f-48fa-bee9-fb5cb89cc0c4___RS_Early.B 7467.JPG,0,potato_early_blight,train,689,0c84037e2e9248d4d486a438e4a4de7d2ecdbcc3,cfc7cc6ecfc7e33a
plantvillage-2016,raw/color/Potato___Early_blight/b692a411-91aa-4388-b641-a6c02286840c___RS_Early.B 7784.JPG,0,potato_early_blight,train,690,ee76487e7cca9d9b3c034a1c7a9c7bbe6489f419,feeadbb36246c8f3
plantvillage-2016,raw/color/Potato___Early_blight/b6b036b0-6869-48b8-b861-a6a85d1b2b97___RS_Early.B 6850.JPG,0,potato_early_blight,test,691,6b05d1db0b28b12fd9d28588771b81604d2ffab6,f074e7c7c7c7c7e6
plantvillage-2016,raw/color/Potato___Early_blight/b6b4aa28-edc4-4e9f-bc0d-bd4b0ec085a2___RS_Early.B 7559.JPG,0,potato_early_blight,train,692,9b3423917a2899d061bc3c3d3e77a37de381041a,7e7cf0f2869ef4c9
plantvillage-2016,raw/color/Potato___Early_blight/b6c68639-ad01-41f9-a10c-4233423ea2b0___RS_Early.B 8573.JPG,0,potato_early_blight,train,693,97d4f52b9e1e0e55a3dd12e12be434f45c3069ff,2020389092c26636
plantvillage-2016,raw/color/Potato___Early_blight/b7157976-61c2-4366-87c5-e3de23aa7c10___RS_Early.B 7227.JPG,0,potato_early_blight,test,694,94ca551474fb349def3265873a5cd710a34ede02,18181e9a9a83cbe4
plantvillage-2016,raw/color/Potato___Early_blight/b76550de-8e3a-46f1-b06f-6bd4ed3dc8a5___RS_Early.B 8456.JPG,0,potato_early_blight,train,695,ef1ac22e2e5db702a68e26cb9276092b2d135af7,80901c4c4a62e2f0
plantvillage-2016,raw/color/Potato___Early_blight/b7712e86-f508-4485-8a42-5dd447f3b510___RS_Early.B 7103.JPG,0,potato_early_blight,train,696,61c47e3a388d3afe90b0f4f0d1d99629fb913f97,04603014168ec270
plantvillage-2016,raw/color/Potato___Early_blight/b7883606-5157-4dc1-b965-fc10f8fe1796___RS_Early.B 7598.JPG,0,potato_early_blight,train,697,491d6bf7157e7d0750ff1dc1cdb8b31732f534ba,fcf2cb99d9b1f2e4
plantvillage-2016,raw/color/Potato___Early_blight/b805f812-ef18-47ed-9756-1f5a5dd05b5d___RS_Early.B 7746.JPG,0,potato_early_blight,train,698,a846ef10d22ea36cc3d0b835eeb7cb676b487355,f0b026630a4ac6c0
plantvillage-2016,raw/color/Potato___Early_blight/b817817e-a6b1-4123-88e7-db98b453ce17___RS_Early.B 6880.JPG,0,potato_early_blight,train,699,444c78c84da3abe60ecb03acf8bde5712369b12b,56ce9e7870584880
plantvillage-2016,raw/color/Potato___Early_blight/b83aea19-9485-412f-808d-c0a590d75388___RS_Early.B 6951.JPG,0,potato_early_blight,train,700,ce69a1d13f705cfc2fc6e102ae0e37b5748e65a1,063c62cc8e8ce4b1
plantvillage-2016,raw/color/Potato___Early_blight/b8578828-0e34-4511-9739-9ef0170774b2___RS_Early.B 7416.JPG,0,potato_early_blight,train,701,53d650ec992f2628bf821d2cc46e06cb5ffb5545,3cadf9e3c7ce98c1
plantvillage-2016,raw/color/Potato___Early_blight/b8803558-9e0f-404e-80b3-c78d0bc7f6d0___RS_Early.B 7548.JPG,0,potato_early_blight,train,702,49a4109bdda61a8bef2ee4260d142b27c72bc45a,fe7ec39b13afaee0
plantvillage-2016,raw/color/Potato___Early_blight/b8e08567-5193-41a4-b637-140b503830d9___RS_Early.B 9133.JPG,0,potato_early_blight,val,703,d47a59ef1d195e2052b920ea98bbbf15d350e41c,1c70e4368e1a1ad1
plantvillage-2016,raw/color/Potato___Early_blight/b954c296-ae18-4efb-8a8c-450486faa919___RS_Early.B 6998.JPG,0,potato_early_blight,train,704,e4e05dea70a2d5173a30082162358c37b19239f0,e3dccee7e5a3dffc
plantvillage-2016,raw/color/Potato___Early_blight/b95c05a8-2d70-4af5-a384-5b5b4450b7c6___RS_Early.B 7724.JPG,0,potato_early_blight,train,705,d04916cb8ccd3e9d2f55d1de06479075777aec72,78e4824222a3e038
plantvillage-2016,raw/color/Potato___Early_blight/b99ba68b-4608-4335-a292-b4249d83762d___RS_Early.B 9096.JPG,0,potato_early_blight,train,706,eb1a92c17cb8e22fe20c2cb06268ec627ff1bbb2,a3b3a8a6c3e3f3fa
plantvillage-2016,raw/color/Potato___Early_blight/ba5dfd98-89d6-49d5-b398-beb05cb9d8ad___RS_Early.B 7824.JPG,0,potato_early_blight,train,707,99092a2c9f1331bcb9c92a1891ec730d6589dd17,bff1c1993b0fcef0
plantvillage-2016,raw/color/Potato___Early_blight/ba96aab6-adb5-4021-b6ad-3305f50aec12___RS_Early.B 7317.JPG,0,potato_early_blight,test,708,8958b8f8d645f8e19d4a5723da365fa8850ff8a5,bffbfbdf8f96bcf9
plantvillage-2016,raw/color/Potato___Early_blight/bac19c19-ab8b-466a-a317-56c1f35fb082___RS_Early.B 7141.JPG,0,potato_early_blight,train,709,444c77d03932a5bf62336119736d4e8b5b054610,31e48c9c0c9db9f3
plantvillage-2016,raw/color/Potato___Early_blight/bb07a1b7-b9ad-4016-a013-9ff0e4636d4a___RS_Early.B 7156.JPG,0,potato_early_blight,val,710,2da00f592332dd3016dd0bb69f3afe3f23966516,7865edcd89b9b3a7
plantvillage-2016,raw/color/Potato___Early_blight/bb38077f-ee91-4c0b-af46-f90b21b9e9db___RS_Early.B 7121.JPG,0,potato_early_blight,train,711,efacebf932b536fbb18dcce941f32959be041077,1c3c448c9c9c39a3
plantvillage-2016,raw/color/Potato___Early_blight/bb3d6df0-683e-4f04-afaf-277a36edad6c___RS_Early.B 9070.JPG,0,potato_early_blight,train,712,36b8812ab1a92104da444c50c76372afda8a06ed,4083b53024249050
plantvillage-2016,raw/color/Potato___Early_blight/bb4e9c01-6166-424d-a379-9ef405fdd555___RS_Early.B 6843.JPG,0,potato_early_blight,train,713,fdd3dc891f847e1375314dd3f87d6977f6b58c72,fffdf9e3c72fecdd
plantvillage-2016,raw/color/Potato___Early_blight/bb569e8c-4f57-481f-86d9-291ebd67336e___RS_Early.B 7543.JPG,0,potato_early_blight,train,714,e5fd9843394d260ce614b068403aa48dc518cc38,8fa1a8e48ec6e678
plantvillage-2016,raw/color/Potato___Early_blight/bc378ba0-533d-42db-a8b2-82decc73f4d5___RS_Early.B 9092.JPG,0,potato_early_blight,train,715,efc579840bfd0d4f252f7b119a0dc12a036e97df,e8c01e1e1e1e3680
plantvillage-2016,raw/color/Potato___Early_blight/bc7552e4-3901-41b8-8bef-727eeca4270e___RS_Early.B 7942.JPG,0,potato_early_blight,train,716,92de540efa11ef075df91e358cb49bdb6ac2159a,ff77cb9b9e9cb9e3
plantvillage-2016,raw/color/Potato___Early_blight/bc8a7fa5-1f77-4829-a1ee-0ccbeef289eb___RS_Early.B 7228.JPG,0,potato_early_blight,train,717,3ee0373fb3620c0a202bb9240c929681f6fe8299,8381f03c5bc5e62c
plantvillage-2016,raw/color/Potato___Early_blight/bcc2199e-a6c6-4e0d-a7a7-f7c4b25f2c04___RS_Early.B 7007.JPG,0,potato_early_blight,train,718,16463620c21338ca2501d0ae6e02ff837e50b694,30f0c6862386cc60
plantvillage-2016,raw/color/Potato___Early_blight/bcedd1ec-17b4-495b-b47f-5877ef836f88___RS_Early.B 7248.JPG,0,potato_early_blight,train,719,c985a2ceba1d99e857f99fbd3de1d30f6de3f0af,3870c6c62e589060
plantvillage-2016,raw/color/Potato___Early_blight/bcf169b0-dea7-49eb-b976-4a2d1f36c574___RS_Early.B 7870.JPG,0,potato_early_blight,train,720,0c1a8651a0cd702060464b6bd07b97b8c2cf5d43,d9dc763299cdecfc
plantvillage-2016,raw/color/Potato___Early_blight/bd4c7de8-0616-45d4-a060-54b8329a9462___RS_Early.B 6902.JPG,0,potato_early_blight,train,721,cc89bf71156d611ea47bf7c06d9d33250d684dbc,1c3864c68c9c99b3
plantvillage-2016,raw/color/Potato___Early_blight/bddc2487-ecc6-447e-902f-3560a62e5e83___RS_Early.B 7307.JPG,0,potato_early_blight,train,722,b7344c66427b4b09e65e679390cfcadd191f3f31,3876c68e0e0684e0
plantvillage-2016,raw/color/Potato___Early_blight/be5f03e6-810f-4f22-9e5a-37a66826f7e5___RS_Early.B 6807.JPG,0,potato_early_blight,train,723,bd1157333c465bae721cc673da2c3e4a22b5288b,988c0e238387ce7c
plantvillage-2016,raw/color/Potato___Early_blight/be89d35f-e382-4b1c-95e8-af88d969d306___RS_Early.B 6758.JPG,0,potato_early_blight,train,724,7e20cb397077c563d12366505946273c455fc256,b1cccfc785c1e1f9
plantvillage-2016,raw/color/Potato___Early_blight/bea108c2-bdf1-484d-807c-fa9431f4dc95___RS_Early.B 7265.JPG,0,potato_early_blight,train,725,10a744f8bf9e7054967b97c6c45d18697789de11,068e0c2c1c102080
plantvillage-2016,raw/color/Potato___Early_blight/beb20b26-07f9-4215-8264-dca1283514ac___RS_Early.B 7644.JPG,0,potato_early_blight,train,726,14c97d01455ea2b71873e0db934e75532d005dc6,87b1b8343a8ec6f4
plantvillage-2016,raw/color/Potato___Early_blight/bf972aad-9f3f-40c8-9fc7-fdcf57a94c6f___RS_Early.B 7151.JPG,0,potato_early_blight,train,727,65d960370d63b175e36f0af8a6a13de6ff6eac07,f9b896b2b3e7f3fe
plantvillage-2016,raw/color/Potato___Early_blight/c03a3f69-00b7-4aa5-a49f-794416af0598___RS_Early.B 8112.JPG,0,potato_early_blight,test,728,70d394e8a3f837312bb43d899b409392377ee598,f0a4565d9e86d071
plantvillage-2016,raw/color/Potato___Early_blight/c09e4b05-b196-4955-abd4-6aed44c40132___RS_Early.B 6823.JPG,0,potato_early_blight,train,729,5f5717ba326dc01538546dc29d171aa3c6f6ce82,91fcfdfdbb9fcefe
plantvillage-2016,raw/color/Potato___Early_blight/c0d9fcd4-79cb-43e4-82bc-1e48e9e2a572___RS_Early.B 7279.JPG,0,potato_early_blight,train,730,562bd56cb6f3cedb75490085a94a303433160cd4,83a0ac8ecae6ca7c
plantvillage-2016,raw/color/Potato___Early_blight/c10de41b-4c38-41c4-b278-600071051453___RS_Early.B 8093.JPG,0,potato_early_blight,train,731,03faf2e512f862f882cbd2bf69ef64e687f8f5fb,3cf8da9a1c181080
plantvillage-2016,raw/color/Potato___Early_blight/c10f959b-1f3d-4581-8299-640e87b1b653___RS_Early.B 7949.JPG,0,potato_early_blight,train,732,7838d316c1ca951d89f4469d3fefc0f6e80f44ad,808088020287c070
plantvillage-2016,raw/color/Potato___Early_blight/c14e2b11-510b-4967-ac96-ae965972ad50___RS_Early.B 7327.JPG,0,potato_early_blight,train,733,a23e55aff0f9a1f183d11f4f89d8b2f62947baa6,1e3a1a161e2183d3
plantvillage-2016,raw/color/Potato___Early_blight/c17c36ed-c36f-42d4-812d-3b17158063d3___RS_Early.B 8398.JPG,0,potato_early_blight,train,734,029e20279bc96d472cba06d7f62d076d14223a95,74c0925242440080
plantvillage-2016,raw/color/Potato___Early_blight/c18f83e1-2144-440f-9603-74fe58c66073___RS_Early.B 7844.JPG,0,potato_early_blight,val,735,451c68e13ef8f14e6812aef12a40bd3d7c41c25d,f0ce8eae9ef8e1e3
plantvillage-2016,raw/color/Potato___Early_blight/c28107c6-ea57-4044-bb6e-508d6d360cd7___RS_Early.B 7057.JPG,0,potato_early_blight,train,736,16ad1c704bd1344f78a00a0b1e5e4d16256ea021,2ae6c68a0c0c1000
plantvillage-2016,raw/color/Potato___Early_blight/c2cc82b8-9f74-4e40-9792-c121a89a84c0___RS_Early.B 8524.JPG,0,potato_early_blight,train,737,08fc6889d11db89e0e0eb4ce23b9611046c7238a,1e7a66cc8ebaf4e0
plantvillage-2016,raw/color/Potato___Early_blight/c30ce1e1-5f05-4cb7-a95a-f22d3621c54f___RS_Early.B 6964.JPG,0,potato_early_blight,train,738,7495f75ca7d91262afa0c77a23549f92665564c9,f3ccce8b81cbcbf2
plantvillage-2016,raw/color/Potato___Early_blight/c3356ff5-91b3-4673-b1d2-d47195b162cd___RS_Early.B 8352.JPG,0,potato_early_blight,val,739,c4b7012c03373a647c1dce135c1cead410431583,61c0c0a4148ecee6
plantvillage-2016,raw/color/Potato___Early_blight/c3bf3f15-b1ae-4e36-97a4-f341879db6ae___RS_Early.B 8263.JPG,0,potato_early_blight,train,740,cb5f9cd480befe160a3557db874f4fdd7b050264,e391b0b4becf77f8
plantvillage-2016,raw/color/Potato___Early_blight/c3ce9bae-e62a-4dd9-afa0-f020c48b87cc___RS_Early.B 6704.JPG,0,potato_early_blight,train,741,fcc6ecfa51f5cbe68ba10a97ea5fe2883bcf2a7b,0088181c0c2c8450
plantvillage-2016,raw/color/Potato___Early_blight/c3d68a2f-0c7a-4060-bfc4-8baf01d3f2fe___RS_Early.B 8010.JPG,0,potato_early_blight,train,742,a91335c821efde007be7530d602b267185df4478,7ceca89826aebedc
plantvillage-2016,raw/color/Potato___Early_blight/c419a9f0-5fb9-4db6-a229-5c08c36896fe___RS_Early.B 8585.JPG,0,potato_early_blight,train,743,aaead023e847b1d1a0b60168497da216a7eee876,87989696dbc7e7fe
plantvillage-2016,raw/color/Potato___Early_blight/c42b5e69-2673-42ef-8e14-a785fea3aad6___RS_Early.B 9107.JPG,0,potato_early_blight,val,744,b35c1a16e58ce59a4f2bd40d9b2c570b10bcc71d,3170ec888e8e9cd8
plantvillage-2016,raw/color/Potato___Early_blight/c42e79e4-76c0-406e-9779-6168330f4ca5___RS_Early.B 9008.JPG,0,potato_early_blight,train,745,33f484b50a1015e336c7740d72882ae124cd7b5d,b39c86c3c1e0e278
plantvillage-2016,raw/color/Potato___Early_blight/c43a5fd7-c60c-4a04-9835-bd35b551ec44___RS_Early.B 6701.JPG,0,potato_early_blight,train,746,2e7371b591d97c319095d4bc908a0df4c92d67ad,7be7e4ce2e2e6cf1
plantvillage-2016,raw/color/Potato___Early_blight/c47fa8ac-b2a5-4470-bda6-26dec4000409___RS_Early.B 7395.JPG,0,potato_early_blight,train,747,5e735117a2e620185000e3eeb7321ac3ce0b8807,30d08402269490a0
plantvillage-2016,raw/color/Potato___Early_blight/c48693cf-14bb-48ec-96fe-240bd2269866___RS_Early.B 7609.JPG,0,potato_early_blight,train,748,87760e5de58c26082c0595f15e3a37f0ec6866f1,0e3c72c6c71c18f0
plantvillage-2016,raw/color/Potato___Early_blight/c4b16bb7-f358-4010-a04c-10206bad02e9___RS_Early.B 8391.JPG,0,potato_early_blight,train,749,9739ec522934a99057459c04e0c0cb9f1d5bdbde,70ccbc1686cee062
plantvillage-2016,raw/color/Potato___Early_blight/c4dd703b-1d4c-4e4c-8064-0e1d743c47ae___RS_Early.B 7050.JPG,0,potato_early_blight,train,750,d8a941a30993e0472d4ff0d498753adc8fc81505,050d06060c9cb0e0
plantvillage-2016,raw/color/Potato___Early_blight/c4ec31de-5466-49c0-b034-84a825327e0b___RS_Early.B 8062.JPG,0,potato_early_blight,train,751,43744e3f6cef201cc2e84419bd91f7d208b8dcfc,36d693933b3e3400
plantvillage-2016,raw/color/Potato___Early_blight/c53d85d7-bddb-422b-955c-6842cce9a927___RS_Early.B 7253.JPG,0,potato_early_blight,train,752,40c68aa68110124af78d8387fd45614e8343cff2,38664686cc60e8f1
plantvillage-2016,raw/color/Potato___Early_blight/c53efbea-fddd-481d-aec5-14fd3c3e1723___RS_Early.B 7796.JPG,0,potato_early_blight,train,753,6579a3cf19b77f123a20f16f1f56aaf3914819cd,3cfcde8e8cb8f085
plantvillage-2016,raw/color/Potato___Early_blight/c5464947-d6f8-4d5e-9cad-009db19adf67___RS_Early.B 7181.JPG,0,potato_early_blight,train,754,320618d13d035b47a8df263b9a809dd5c14a5332,1a72c6ceae8c98f1
plantvillage-2016,raw/color/Potato___Early_blight/c59f2dde-4805-4f63-b47a-79fe9cd9364b___RS_Early.B 7510.JPG,0,potato_early_blight,val,755,10bbc5ca649409a372210fb12499c4393cbf7a27,18929610381c0cc0
plantvillage-2016,raw/color/Potato___Early_blight/c5a12e34-99ea-443e-a67e-3f2651508773___RS_Early.B 7647.JPG,0,potato_early_blight,train,756,f1c9d3001d61c846d6e8e2aab479dfa3383fea57,c0c8a860e5a4e278
plantvillage-2016,raw/color/Potato___Early_blight/c5b121ff-fc3c-406a-8127-2a7e413a0903___RS_Early.B 9006.JPG,0,potato_early_blight,train,757,272634c36060a51c24fc0ba4c018d34a7bbc62cc,002008446321c464
plantvillage-2016,raw/color/Potato___Early_blight/c5c57ff6-cff1-4be6-a2fd-324efc139881___RS_Early.B 7450.JPG,0,potato_early_blight,test,758,ae649b1adcbd53367cb8bde3cab9a41d3a3e67eb,30d88c0616128af0
plantvillage-2016,raw/color/Potato___Early_blight/c5cb3e89-f00f-4032-80ca-eb39bead0796___RS_Early.B 8645.JPG,0,potato_early_blight,val,759,bc8a0ed013ea98fa459193ca6735f5bbeb822225,b3b89c9ecff7fbfe
plantvillage-2016,raw/color/Potato___Early_blight/c5dc57d8-9a0d-4046-9eb4-b9db2f720a47___RS_Early.B 7047.JPG,0,potato_early_blight,train,760,ac91e2783c44047ddcb1a67f448c18e6b5bcc50e,f4e6c38b1b9bd9f9
plantvillage-2016,raw/color/Potato___Early_blight/c630212c-205f-469d-bb8d-9a143f65ab03___RS_Early.B 9000.JPG,0,potato_early_blight,train,761,cd417832ff5aa63b2d2ec4d5031c4d00b0c8fe82,d3f8febdbdbdfefc
plantvillage-2016,raw/color/Potato___Early_blight/c653b79e-4f42-4a9e-8c5c-7a85483a3c29___RS_Early.B 9108.JPG,0,potato_early_blight,train,762,68c41035414ce098486544e5939c608fa5d30631,c4e0b01c9e9ec666
plantvillage-2016,raw/color/Potato___Early_blight/c7067769-af82-46d6-8f42-d7a184e3f59a___RS_Early.B 7916.JPG,0,potato_early_blight,train,763,c824533c95608131074800efaf7c8ba1335de988,f7f3fcb6ae8ce1e7
plantvillage-2016,raw/color/Potato___Early_blight/c71ad6f9-6258-4602-84dc-ecf75296672c___RS_Early.B 7525.JPG,0,potato_early_blight,train,764,12e47454dfe27ab622015642fe07ea9d6c98fc09,d1cce6e7d77b3b5f
plantvillage-2016,raw/color/Potato___Early_blight/c7212fa9-df1e-485e-a471-1011dd797865___RS_Early.B 8680.JPG,0,potato_early_blight,train,765,9f409a5dd2edab46ecff4b1c31c00f83b8ae5898,70e28667465e1830
plantvillage-2016,raw/color/Potato___Early_blight/c74c801d-a6e5-44dc-a7e8-f3a5f39a300e___RS_Early.B 7864.JPG,0,potato_early_blight,test,766,f766a39d92ca7e71f865b49d464b795369d583c1,7cd2b32322229040
plantvillage-2016,raw/color/Potato___Early_blight/c777a0ce-5d2b-4e87-8cc4-d5f8847a4553___RS_Early.B 8239.JPG,0,potato_early_blight,train,767,d54734c285caf74a6cbfd9b744d9054f515faa85,3ce4c0b2b03438a0
plantvillage-2016,raw/color/Potato___Early_blight/c7f27f40-6634-4118-9990-6897e0c68579___RS_Early.B 7197.JPG,0,potato_early_blight,test,768,25aa9b0d85963bc75b529c43909a9bf7fc13c1b0,30c5c7a60c0888c0
plantvillage-2016,raw/color/Potato___Early_blight/c7fb1eeb-741c-4583-ad3f-ed46d5c2c920___RS_Early.B 8865.JPG,0,potato_early_blight,val,769,f3070bb29a2f1931379841bb2e83311a16e58460,90183c641c4ce020
plantvillage-2016,raw/color/Potato___Early_blight/c82e587c-a0f2-451e-9057-e3719a3d9562___RS_Early.B 6824.JPG,0,potato_early_blight,train,770,a966077b66d6290fe1bd1da16993f72ee9196deb,0c74c6ced85cb181
plantvillage-2016,raw/color/Potato___Early_blight/c8a008b3-a81d-410c-97aa-94e92118e572___RS_Early.B 7616.JPG,0,potato_early_blight,val,771,24465bc656339ab4fc641ee5753486bd70e3057f,b9ecccc9cb9e9cd0
plantvillage-2016,raw/color/Potato___Early_blight/c8dedd98-c5d7-4ef4-b4f4-70d0bae0e178___RS_Early.B 7128.JPG,0,potato_early_blight,train,772,708c339fe9e7dd628bfa445bc583b71076a161b7,d1a4f4faf9fdfdff
plantvillage-2016,raw/color/Potato___Early_blight/c91060f7-f9dd-4930-ad0a-8a4a6bd803d2___RS_Early.B 7869.JPG,0,potato_early_blight,train,773,3c67cb5b97ad161ecc79de55e5548677577fad3b,fef3999b199bbaf0
plantvillage-2016,raw/color/Potato___Early_blight/c9296b35-7b8b-4ac2-99db-07c426ec774b___RS_Early.B 6832.JPG,0,potato_early_blight,train,774,d628cf5da261b6df110272ffa2f431b9adab8312,30e8c0a21a929cf8
plantvillage-2016,raw/color/Potato___Early_blight/c9bd759f-bd34-4333-a7b9-23ad810bba32___RS_Early.B 8033.JPG,0,potato_early_blight,train,775,8374d789220a9f8b341b8d25a238227e0bc3a612,c0d05c4e4217c2e0
plantvillage-2016,raw/color/Potato___Early_blight/c9bff7de-c589-4ed2-92fe-cd9ca2a1df16___RS_Early.B 7846.JPG,0,potato_early_blight,train,776,4064926095cfc48094f131fac678aaf6d00f82de,fcd866246020e0e0
plantvillage-2016,raw/color/Potato___Early_blight/c9d5a9b6-4e5c-42df-8f9b-5f57e13000df___RS_Early.B 6933.JPG,0,potato_early_blight,train,777,d28533652cd39f70a65209820e07ded94baded02,4040482cae985834
plantvillage-2016,raw/color/Potato___Early_blight/ca1bc7af-3220-4b45-b76d-8f950128c489___RS_Early.B 7266.JPG,0,potato_early_blight,train,778,2477645373b9ff63c0d73597a49b64ea70f0c555,68989a1f6616a428
plantvillage-2016,raw/color/Potato___Early_blight/ca2c9c12-f2ba-4864-806c-b85f4fb36f92___RS_Early.B 7640.JPG,0,potato_early_blight,train,779,35bad9b8834ab0c16fb44cfd9fb15070aeaa00b1,bbf9c99f8e9cf8e3
plantvillage-2016,raw/color/Potato___Early_blight/cac99520-3403-4602-961d-3a668bb980fb___RS_Early.B 7388.JPG,0,potato_early_blight,train,780,323febfd7090df6b98d0fd14f1fae5ec84192c34,0c48860b1b1b92d0
plantvillage-2016,raw/color/Potato___Early_blight/caef0735-6517-4194-b124-5916815e4a71___RS_Early.B 7956.JPG,0,potato_early_blight,train,781,301823d5dd8cd7ed936524df5dae8ff0d427f43b,c7c1989ec6e7f69c
plantvillage-2016,raw/color/Potato___Early_blight/caf7512b-4e4e-44fc-ae7d-8544168cf903___RS_Early.B 7120.JPG,0,potato_early_blight,train,782,3b4d46d63a7aa0917635c97d4f9416effb4c5ceb,d3998ccec7f7fbff
plantvillage-2016,raw/color/Potato___Early_blight/cb5241ed-1a40-488a-9236-64ed07e6ebbf___RS_Early.B 6712.JPG,0,potato_early_blight,train,783,3609e872dadb678a5057d463f19a8f5c74213d4e,000a8e864c5c1880
plantvillage-2016,raw/color/Potato___Early_blight/cb615e16-034f-465a-89a6-91e091698723___RS_Early.B 6796.JPG,0,potato_early_blight,train,784,420cf15990d961ca40159570b9e2613d69c0315a,1a2665dacaac98f1
plantvillage-2016,raw/color/Potato___Early_blight/cbd4ef4a-1e84-41ac-8744-b5a1c52461be___RS_Early.B 8191.JPG,0,potato_early_blight,train,785,1c28ed1f04178d06c26e3dd7e84a4179a6f3eaa7,ecb8b33999b9d2f8
plantvillage-2016,raw/color/Potato___Early_blight/cc48c415-4a2d-4d8d-94db-c736e7b7c882___RS_Early.B 7705.JPG,0,potato_early_blight,test,786,c327d5de077079402f50882bfe53de78177eb68f,1c76ce8c0c1c80e0
plantvillage-2016,raw/color/Potato___Early_blight/cc63b147-ad2a-4bc1-aa05-a07b3c6b7761___RS_Early.B 7091.JPG,0,potato_early_blight,train,787,c745bda27eee3324891f1429ecd66e3c4d2f93c1,c9cc8e87878fc7e6
plantvillage-2016,raw/color/Potato___Early_blight/cc716d92-3d2e-4cce-bc77-bb4c8155b88c___RS_Early.B 8288.JPG,0,potato_early_blight,train,788,4f3f6385bf4c40c6dbb7fca98f30ef9508854d61,8161609c8ce2781e
plantvillage-2016,raw/color/Potato___Early_blight/ccec0636-2984-4164-aad7-34b1b84ec42b___RS_Early.B 7766.JPG,0,potato_early_blight,train,789,eaf39cd13557d97e76c4df0ec92df408ba028e58,3e62d08e0c183081
plantvillage-2016,raw/color/Potato___Early_blight/cceeec9d-e0d9-4512-a1f0-faa5dc6bbf40___RS_Early.B 8381.JPG,0,potato_early_blight,train,790,9f6b16986b75ec1566d6693c85d4189501af92aa,000064460286ea3c
plantvillage-2016,raw/color/Potato___Early_blight/cd025ad0-9486-4ee6-b545-c9040dc4e1c7___RS_Early.B 8821.JPG,0,potato_early_blight,train,791,c670a7afe96902b4e889efa5a2360ace4f1e10b7,78cc9808028c9860
plantvillage-2016,raw/color/Potato___Early_blight/cdc5ed26-b023-41cb-9cd8-07e62df1e369___RS_Early.B 6864.JPG,0,potato_early_blight,train,792,e02993eda99c1cede25f2a64cbde5f3ee815cfa0,fcce8fc7273766e4
plantvillage-2016,raw/color/Potato___Early_blight/ce9d9a96-23cc-4d24-ab68-3932cba59ae2___RS_Early.B 7080.JPG,0,potato_early_blight,train,793,83deb4a4a00b2310a32160672c1157a40d5ce2a8,60c818180d0d9430
plantvillage-2016,raw/color/Potato___Early_blight/cea35641-b4f8-49cb-bbeb-c98cfc79870e___RS_Early.B 7189.JPG,0,potato_early_blight,train,794,abd580ca84f2f68ee6add96b28f02947793ef886,3870c6878f8edc61
plantvillage-2016,raw/color/Potato___Early_blight/cf3169aa-b842-46ed-bb1a-3e02b6858c86___RS_Early.B 7566.JPG,0,potato_early_blight,train,795,36b3f1bbbe90b956c8166cca9ea175a2f46fe955,d1d8cee7c7c7667c
plantvillage-2016,raw/color/Potato___Early_blight/cf38c261-5bae-4b5d-92b4-16c634557d2a___RS_Early.B 7169.JPG,0,potato_early_blight,train,796,60a5f627b57085c450f33ec213915c9af29da41d,00203820320c8868
plantvillage-2016,raw/color/Potato___Early_blight/cf761f3d-755a-42b2-83cb-729443246c6a___RS_Early.B 7319.JPG,0,potato_early_blight,train,797,ed8db3c51b00374791d908f850ffdf35b622f126,070f0f9f8c9e0c80
plantvillage-2016,raw/color/Potato___Early_blight/cfa37804-6d71-45fe-bd88-c899b9534992___RS_Early.B 6673.JPG,0,potato_early_blight,test,798,155c9e86ca81fd480f2e9c476d2fbefc09a275e9,a2303c4683c36272
plantvillage-2016,raw/color/Potato___Early_blight/cfd3112d-e376-4b82-bc06-de0bfba0ab41___RS_Early.B 8389.JPG,0,potato_early_blight,train,799,97788d043721bf5fb5689d2497c27cd3b3b0e0e1,d01858301484e060
plantvillage-2016,raw/color/Potato___Early_blight/cff1ed1b-51ec-4d44-ab1f-7a3dc1ec9ea9___RS_Early.B 7100.JPG,0,potato_early_blight,train,800,fb28a155e48bdc51c11432a8df6fcdfc18c54719,0c18468a9a1ab4f0
plantvillage-2016,raw/color/Potato___Early_blight/d0221e13-4d76-45e5-9cd1-7cac63833f52___RS_Early.B 7191.JPG,0,potato_early_blight,train,801,bdff43a2701f66f21c4c586e451383af7e7273cf,c080040626a6c238
plantvillage-2016,raw/color/Potato___Early_blight/d031102c-679d-4323-a5ee-4c52ed2d5740___RS_Early.B 6947.JPG,0,potato_early_blight,train,802,d49a500f0c7b5360d2149799b35c861a45519b7b,c0901c4c6c2c88d8
plantvillage-2016,raw/color/Potato___Early_blight/d036af36-99a4-4b25-aa40-2477883e73cf___RS_Early.B 8269.JPG,0,potato_early_blight,train,803,74609778607763dee4e7f1e4034ef3ebe4406deb,18f3c5b6262688a1
plantvillage-2016,raw/color/Potato___Early_blight/d03ee4f8-b77d-4f0f-8d13-d0a019a37a66___RS_Early.B 6970.JPG,0,potato_early_blight,train,804,433ab4949cbee7f0a33dd5070401682549fbdceb,f0d5c5e5c3c7ceda
plantvillage-2016,raw/color/Potato___Early_blight/d063f825-aa36-4cfd-a227-4c3f30760aa2___RS_Early.B 8307.JPG,0,potato_early_blight,train,805,2a4e2ad19ac4beef6cea640678fe3c3325cfa398,fffbe7c78f9ebce1
plantvillage-2016,raw/color/Potato___Early_blight/d06681cc-3ed1-4af2-ae40-2597eaea3dd4___RS_Early.B 8691.JPG,0,potato_early_blight,train,806,6868ad8a696d60aba7f71b33e12cd13a8769befe,c09018140626c624
plantvillage-2016,raw/color/Potato___Early_blight/d0719ccc-a4c3-406e-bf73-94115fefde12___RS_Early.B 8569.JPG,0,potato_early_blight,test,807,174341b24750f35d08f62d042cbb6327aa08dc47,9e7a66dcb8503cb1
plantvillage-2016,raw/color/Potato___Early_blight/d0be9a48-d0f6-4d34-9c80-3eb7631e2d8d___RS_Early.B 8143.JPG,0,potato_early_blight,train,808,110a8bc736e5477e5fe32cb57d14b897c29eb6d9,fffbed8db59fdee0
plantvillage-2016,raw/color/Potato___Early_blight/d0fc4557-34a0-4324-8b2c-865853e0face___RS_Early.B 6912.JPG,0,potato_early_blight,train,809,7c41a7a5133f501adbed6a3393fba15d1d709568,9fc8aea7a7cffefc
plantvillage-2016,raw/color/Potato___Early_blight/d1072068-911c-4656-8bf2-e662982199e1___RS_Early.B 8141.JPG,0,potato_early_blight,val,810,d42e7f9f3c849f2be37b78df15843360e213bf48,80784c4e62a3cc74
plantvillage-2016,raw/color/Potato___Early_blight/d1184bb1-defe-44b3-aa71-d03fe11bf535___RS_Early.B 8787.JPG,0,potato_early_blight,train,811,3fdeeda4511509bba75fda0f5dc3953efd32f732,fffbf3e7ebcabce9
plantvillage-2016,raw/color/Potato___Early_blight/d1625c19-c90f-4a5f-bfc8-cb406ad20753___RS_Early.B 8649.JPG,0,potato_early_blight,test,812,f45625c5c2e81b8296242da9d92ad47befe1be39,c39198c6c3e36238
plantvillage-2016,raw/color/Potato___Early_blight/d1b4cb77-db0e-42db-b1c0-25d222844241___RS_Early.B 7130.JPG,0,potato_early_blight,train,813,08e857786b282138d3c6afa116d60ef0b1f2cbc9,0c5cda86dada9ce0
plantvillage-2016,raw/color/Potato___Early_blight/d24073c7-875b-4e86-b8cd-58853f13c191___RS_Early.B 6761.JPG,0,potato_early_blight,train,814,08fc8b287e3add8ee90ab2f074092e6afa0a6294,63c2a42010089880
plantvillage-2016,raw/color/Potato___Early_blight/d286d101-227f-48ba-b906-586879eb6a00___RS_Early.B 7095.JPG,0,potato_early_blight,train,815,a3a52bffeb8ecf2e5dbe7899d3481e9bd8fe2f76,80002038183020f0
plantvillage-2016,raw/color/Potato___Early_blight/d2dcbc63-47c6-4a67-914b-cb1e117b58b0___RS_Early.B 7159.JPG,0,potato_early_blight,train,816,3b864cc656e287a7787225221c8fad51b887ac2e,a7a79ccee7e3f1fb
plantvillage-2016,raw/color/Potato___Early_blight/d3240683-1636-4373-84aa-01ce594c19a0___RS_Early.B 8340.JPG,0,potato_early_blight,train,817,3ee05ef7777fd27fe944af7c4dfc5e78c546fa91,c9c88e9fdbf3fbfe
plantvillage-2016,raw/color/Potato___Early_blight/d32f991e-d1da-44a3-b3e0-2f99cc038900___RS_Early.B 6994.JPG,0,potato_early_blight,train,818,2f898c2a81a030741ea30916605a6c0db78fd50a,0b58c89810202121
plantvillage-2016,raw/color/Potato___Early_blight/d3a1b356-0ffa-4d47-9f52-410bbd0e3e3d___RS_Early.B 8884.JPG,0,potato_early_blight,train,819,db2f04e53ed770d699b7320fa6a074351ef8929e,3970f49c8c4484c1
plantvillage-2016,raw/color/Potato___Early_blight/d435f2db-74fc-4b82-9dd8-9ffdc51650c6___RS_Early.B 9181.JPG,0,potato_early_blight,train,820,0b0fbbc998c8cf72bb3ab6c41f31d5777c884f41,fcf6d3d1f1f3f6f4
plantvillage-2016,raw/color/Potato___Early_blight/d44a363d-c186-416e-8fad-1a456699bba2___RS_Early.B 7229.JPG,0,potato_early_blight,val,821,09b8796799dcea0bcfe8480247c880047a7213cd,6cdc381092b0d4d0
plantvillage-2016,raw/color/Potato___Early_blight/d472b6e3-a00c-4b4e-b13a-cdababff9d24___RS_Early.B 7699.JPG,0,potato_early_blight,train,822,89944cbe3d9ec3285cd3f37189822581e789dce8,fefad3979e9cd8d3
plantvillage-2016,raw/color/Potato___Early_blight/d4cd2357-1142-4f0c-8c44-201241a27573___RS_Early.B 9146.JPG,0,potato_early_blight,train,823,171cc13666de891ef054d29fd8b0831b735a63a8,0010303222e36312
plantvillage-2016,raw/color/Potato___Early_blight/d4f3066f-adb8-401b-a27f-19a12c336ebe___RS_Early.B 8626.JPG,0,potato_early_blight,train,824,509c210ce231ea0023412c928ee417f6b045fd94,60e09c0e0c8cd841
plantvillage-2016,raw/color/Potato___Early_blight/d50dde4d-fe2f-4e8c-b336-69be71e34ce8___RS_Early.B 6905.JPG,0,potato_early_blight,train,825,085a99b2ab0f4506a2100dc3e4eafae4237aad6e,1f1efcca863c31e3
plantvillage-2016,raw/color/Potato___Early_blight/d55f09eb-e463-4abd-aac6-fb144b30ead7___RS_Early.B 9004.JPG,0,potato_early_blight,train,826,6a9ef3521ef739868b8155ac984e0ddd31cb3bba,088a33061e444c40
plantvillage-2016,raw/color/Potato___Early_blight/d5673be4-4d62-4287-b9a4-3653b88d1604___RS_Early.B 8304.JPG,0,potato_early_blight,val,827,5374a4618816ad0766b33534b0339d3ee3293ad6,c0c01022223380c0
plantvillage-2016,raw/color/Potato___Early_blight/d59c5aa9-8d45-45db-be3e-0276e24641f5___RS_Early.B 7897.JPG,0,potato_early_blight,train,828,29a9613a5d6fae228528e50d2d14938d88aa24ae,8060583e2e96d670
plantvillage-2016,raw/color/Potato___Early_blight/d5c51ec6-506e-4b85-b774-66f6a5493c90___RS_Early.B 7071.JPG,0,potato_early_blight,train,829,eed86e0c3a06406e7e0faddf556a3e0e2503b2e2,d096341c5a021880
plantvillage-2016,raw/color/Potato___Early_blight/d6ffc732-27cc-4391-9820-be9d386fb245___RS_Early.B 7032.JPG,0,potato_early_blight,train,830,30b257a326d51a2e1ab2c9bf230d443f5782b3eb,fdfdedcf8a16cce9
plantvillage-2016,raw/color/Potato___Early_blight/d7c9765e-4a73-4eeb-9f9e-9ed98b7e93fe___RS_Early.B 7601.JPG,0,potato_early_blight,train,831,c7d93f7e998ee23841d475aee017a546ed5d78fa,3a76c6eccd5c38d1
plantvillage-2016,raw/color/Potato___Early_blight/d825093a-2bd7-458d-a9a1-036db6c08dec___RS_Early.B 9018.JPG,0,potato_early_blight,train,832,01e7466afd94ac8a6f9265fb4893336bb7f8b3ad,633d352e1b133734
plantvillage-2016,raw/color/Potato___Early_blight/d829c0d8-016e-4337-b80f-bb1f329b1d4d___RS_Early.B 8797.JPG,0,potato_early_blight,train,833,d8b41238190c1aa83a56f023f6f118feef380649,fffdf9e595afeffc
plantvillage-2016,raw/color/Potato___Early_blight/d84ba2ee-6ef5-45b7-a15a-b677b99cd3f6___RS_Early.B 6772.JPG,0,potato_early_blight,train,834,cc1f5120b7eaa3a61dda0e94de7d902888e4c0bb,fbf3f59fbd9393fb
plantvillage-2016,raw/color/Potato___Early_blight/d87f93fa-f6f8-49f1-b9e1-8f196f377df8___RS_Early.B 7244.JPG,0,potato_early_blight,train,835,446f52a155350f2f0d38c3901100066ded389793,78c6869396acb9b3
plantvillage-2016,raw/color/Potato___Early_blight/d8a55ed1-7b3a-4b25-84b2-6046c0d9e3ab___RS_Early.B 7443.JPG,0,potato_early_blight,train,836,a6107727d62ed18767df03c7dd3855aa94c2038b,c0c0928acbcd7438
plantvillage-2016,raw/color/Potato___Early_blight/d8a8d6e5-d82d-4f7c-aac5-183e85549d9b___RS_Early.B 7799.JPG,0,potato_early_blight,train,837,1d86b4b15e360f7d3d5143597dfd8f7822729060,1cf486061e1a98e0
plantvillage-2016,raw/color/Potato___Early_blight/d8efc91f-6e85-4508-8d49-9c4a11c4c71a___RS_Early.B 7484.JPG,0,potato_early_blight,train,838,ebbaaa7a39e058b2447aad83a9a53feec3caaef8,39e4bc9c9c93f26c
plantvillage-2016,raw/color/Potato___Early_blight/d91d88d1-89d4-4017-b0f0-9e875bedfcab___RS_Early.B 7201.JPG,0,potato_early_blight,val,839,59b0f81ac722c460e435e6c8d5c68376a815dd9c,f1ecc6e7ab9fcff7
plantvillage-2016,raw/color/Potato___Early_blight/d9293730-8ba7-4f41-936a-eb129bde096b___RS_Early.B 8102.JPG,0,potato_early_blight,train,840,a5bee5090a1dd550f87f357ff03ea2dad04e5300,6c68d0c88c040000
plantvillage-2016,raw/color/Potato___Early_blight/d9303294-b0d9-4066-85d1-4ef58977b78e___RS_Early.B 7337.JPG,0,potato_early_blight,train,841,578519d86f4e6a98be82e53c15786374d9b3efcf,34c41656070e0c98
plantvillage-2016,raw/color/Potato___Early_blight/d97f6469-bef9-4276-b918-efb1a1859fb7___RS_Early.B 6958.JPG,0,potato_early_blight,train,842,6ca07fadb76b23136f39d8c5cfe91ccb49ef5dc0,a771587535ddddfe
plantvillage-2016,raw/color/Potato___Early_blight/d998c614-017c-4f90-8e39-f8c500d21218___RS_Early.B 8292.JPG,0,potato_early_blight,train,843,5b8173afb49d68aa2b3189677e2cd2c8f2edb312,987ce6de9c9c98e1
plantvillage-2016,raw/color/Potato___Early_blight/d9a1cd5f-e2f2-49f7-b5f1-22cf02eb5ba4___RS_Early.B 8891.JPG,0,potato_early_blight,train,844,25f34ccf8d4371dde3a6e81f749bbb30e1ebcc7a,f9f8dbb9bb9b97dc
plantvillage-2016,raw/color/Potato___Early_blight/d9b34eaa-9d54-41fe-9ea2-335fe0b572ee___RS_Early.B 7735.JPG,0,potato_early_blight,train,845,9ec5fb9667a22f6c2af900737e070b13d79d85db,0010182e221286c0
plantvillage-2016,raw/color/Potato___Early_blight/d9ebe6a0-d46e-47fe-950e-938f7ce83afb___RS_Early.B 7419.JPG,0,potato_early_blight,test,846,ec41cce99a4202a65fca2248e818a83d1f32eec1,03010c6602088a62
plantvillage-2016,raw/color/Potato___Early_blight/da3115aa-a34b-42b2-97a9-9a1922770c8d___RS_Early.B 6708.JPG,0,potato_early_blight,train,847,ab12ddccfa5419a5af2d43d280f4f1537c51bcff,e8cec7cf67a7b7f5
plantvillage-2016,raw/color/Potato___Early_blight/da412bf6-6bee-4dfb-8bc7-b6e9f80971ff___RS_Early.B 6808.JPG,0,potato_early_blight,train,848,75ba737cd6c667d2b5ff75be31a86619b7123935,fae7c3c38387c6ec
plantvillage-2016,raw/color/Potato___Early_blight/da4c4f0f-ea7b-489a-8ac1-f8c63ff59bc4___RS_Early.B 8818.JPG,0,potato_early_blight,train,849,cda747f884a6f7dd1a87e4b6a5ec356d1ba3be75,878c9e9ecfc7f3ff
plantvillage-2016,raw/color/Potato___Early_blight/daa35c03-7307-4e2e-8b15-f33bfff5a12d___RS_Early.B 7712.JPG,0,potato_early_blight,train,850,625054dbeca1483dbe0ad4f39ccf48c24be492b4,79e8e48686cecc79
plantvillage-2016,raw/color/Potato___Early_blight/db4dbc48-209d-4615-95cd-1d7ee7f1d7e0___RS_Early.B 7545.JPG,0,potato_early_blight,train,851,91fe6d276452f799bc6080397ccec79f672e4a12,80a1b030188ec470
plantvillage-2016,raw/color/Potato___Early_blight/db5d0f5f-a722-4f12-96bf-c9608e5c7f2a___RS_Early.B 8945.JPG,0,potato_early_blight,train,852,2c19b75784edfa84b229c04cb241157fd1efc4f4,20c6a6226162c6c0
plantvillage-2016,raw/color/Potato___Early_blight/db60c4cf-30f1-460c-a345-3045f192f725___RS_Early.B 6722.JPG,0,potato_early_blight,train,853,5ace64e853691d5a076df3ee42a1c33fe9ee1959,18889a12173324a4
plantvillage-2016,raw/color/Potato___Early_blight/db79941d-3ca1-42f1-b06e-d150a49d476a___RS_Early.B 8742.JPG,0,potato_early_blight,train,854,72784bd4ac849a30184bacf58dbf87abf0cc47e5,43828c8c8dc52404
plantvillage-2016,raw/color/Potato___Early_blight/dbdf96e5-2f8c-475b-b2dd-40a5862e10f7___RS_Early.B 8017.JPG,0,potato_early_blight,val,855,4926f9d82d34f15f1afac01265e4cd794944e620,f8e4c9b1959fd6f0
plantvillage-2016,raw/color/Potato___Early_blight/dbe05365-9166-45f7-94cf-cefca787215a___RS_Early.B 9144.JPG,0,potato_early_blight,train,856,6f5faa05749993bb462a74238f7a101cce571cc6,05a389ac86c6673a
plantvillage-2016,raw/color/Potato___Early_blight/dbee10d3-333b-4c62-aa90-23c1f859519c___RS_Early.B 7252.JPG,0,potato_early_blight,val,857,06127fc15dd4270a4fd9c2c1b5d3ac80590cd265,f8fa9d8d1b3af1df
plantvillage-2016,raw/color/Potato___Early_blight/dc0536f7-e777-4751-8733-f643eb18329a___RS_Early.B 7492.JPG,0,potato_early_blight,test,858,08a30412ed0515103c14cc9374cba41021abf205,2e3dcf9d9ba6b8f0
plantvillage-2016,raw/color/Potato___Early_blight/dc2775b9-e62e-4fe5-921f-e1cf5c4e2fe4___RS_Early.B 6942.JPG,0,potato_early_blight,val,859,ca07b3d37ee1e8ebffa1f18ce3c62385f4ad5dc8,fcf49caeaf96cce7
plantvillage-2016,raw/color/Potato___Early_blight/dc34096f-8974-4a76-8d15-42ee86038015___RS_Early.B 6734.JPG,0,potato_early_blight,train,860,74e5e50d3181a145e787e38deec7f0d4b7d9900a,c33034564c822119
plantvillage-2016,raw/color/Potato___Early_blight/dc3e6480-10c2-429b-bd9a-b8dd7d538594___RS_Early.B 8061.JPG,0,potato_early_blight,train,861,06c548630f60deba3657e2939189f62688ebab9e,61f88ede9f9ecc78
plantvillage-2016,raw/color/Potato___Early_blight/dc6516c4-a74c-465f-85a1-55608ee518da___RS_Early.B 8843.JPG,0,potato_early_blight,train,862,9fe608b8803d99344c40ce83b88f3ad3ac706b93,6070281a93834a28
plantvillage-2016,raw/color/Potato___Early_blight/dcb9073d-df5b-4a15-aecf-1c3af587cd74___RS_Early.B 8982.JPG,0,potato_early_blight,train,863,abf48b71316e8be9b439b7b5912c8db9f6a59ee6,9c9e8f878d91e7f4
plantvillage-2016,raw/color/Potato___Early_blight/dcc46f93-d842-496d-980b-4b29a00551d5___RS_Early.B 8424.JPG,0,potato_early_blight,train,864,d3fe825e737ed47ffd99b8634638b32119529f2a,3060e0a0644620c0
plantvillage-2016,raw/color/Potato___Early_blight/dcc9e3a4-04dc-46fd-9bc9-739334aa23d9___RS_Early.B 6799.JPG,0,potato_early_blight,test,865,cc94ee46b6b207477330120ab79cceaf64cdeb07,60b0343c1c9e9c1c
plantvillage-2016,raw/color/Potato___Early_blight/dcdcc724-b029-4987-9d12-ccc8893ac6b4___RS_Early.B 8387.JPG,0,potato_early_blight,train,866,b5457a4ab4d1a25241a2516082395bc584a10098,61e0903496c4e033
plantvillage-2016,raw/color/Potato___Early_blight/dd1e0739-c899-4c1e-99c8-fd83a6d55694___RS_Early.B 7862.JPG,0,potato_early_blight,val,867,176c11f7153f2f820ce9c1e68223c060e066df3b,7cecc8ada8baf071
plantvillage-2016,raw/color/Potato___Early_blight/dd875158-7897-4f5d-ada1-46e7e382ea96___RS_Early.B 7912.JPG,0,potato_early_blight,test,868,79f58854e90cecc773805f030e32d79cb831ec03,38e2e2343c141080
plantvillage-2016,raw/color/Potato___Early_blight/dd9c3ad3-aa94-4d00-88c8-8e4618e8832e___RS_Early.B 7633.JPG,0,potato_early_blight,train,869,fa01c7aab47755cb4f41681d4634469a1e2bd573,f9fccecfcdcbd870
plantvillage-2016,raw/color/Potato___Early_blight/ddc6aed7-43bd-49bc-88d0-6f942acb362a___RS_Early.B 7328.JPG,0,potato_early_blight,train,870,73a76d80870d7d783f37ff6c9bfd540695e92ab1,3870da8e8c8cc8f0
plantvillage-2016,raw/color/Potato___Early_blight/de1ff62e-87aa-420a-9eeb-cb0e3475e84d___RS_Early.B 6918.JPG,0,potato_early_blight,train,871,ae8a479ac895a96be71722fd52bbeed46d095d0b,e0b8921b33168ecc
plantvillage-2016,raw/color/Potato___Early_blight/de44f09b-b207-4805-8970-2999f9c2dc7c___RS_Early.B 7917.JPG,0,potato_early_blight,test,872,325ef652948274b8a9dcfefea64d8b9e0b19e30a,60c88c8e8fceecf8
plantvillage-2016,raw/color/Potato___Early_blight/de8d212e-1bbf-41d7-b13b-29f0746223aa___RS_Early.B 8022.JPG,0,potato_early_blight,train,873,13f7c8167e7e290309722775177859ef9dc975f9,38e8e263414884c0
plantvillage-2016,raw/color/Potato___Early_blight/dea6a6e4-cfb0-4c00-a0f7-bdd1e52f82e0___RS_Early.B 7246.JPG,0,potato_early_blight,train,874,2bcd5ba7a805eca5917ec465ab328649be833d91,81b80697d3cb733a
plantvillage-2016,raw/color/Potato___Early_blight/deb1d849-ecf2-4451-8ff7-ca6b0bbbf434___RS_Early.B 7677.JPG,0,potato_early_blight,test,875,f619b6af440bb16ef9c16378f1e49fffd69784a7,cfc1b1a68ecef3fc
plantvillage-2016,raw/color/Potato___Early_blight/df67aec2-c706-4a6f-8a4a-e11d7eb41eb8___RS_Early.B 7287.JPG,0,potato_early_blight,test,876,2b3def3dee30a8519a79b563f5102a59767a0355,3078ccbece8eac58
plantvillage-2016,raw/color/Potato___Early_blight/df7e4d39-fb74-4e6d-9d32-04d7d2165135___RS_Early.B 6700.JPG,0,potato_early_blight,train,877,5c32fdb2b5e2d3c304f3e1cc540aa80cc6fa74ca,7d71e4ce9b363cb9
plantvillage-2016,raw/color/Potato___Early_blight/e0042931-92f3-4527-b292-872075f4261d___RS_Early.B 7203.JPG,0,potato_early_blight,train,878,462ec4df429f67e70595c5c0647671515cae2027,1c3862c6e60e8cc0
plantvillage-2016,raw/color/Potato___Early_blight/e00d7014-a909-4d98-892b-da96a2be9a2e___RS_Early.B 7535.JPG,0,potato_early_blight,val,879,7e70d39d8c770ea6caa35a11a5ee6e97f3d115ea,71cccc8e8bcedcfc
plantvillage-2016,raw/color/Potato___Early_blight/e016d105-f5cd-4082-a8c9-1913ea3fcfbb___RS_Early.B 7800.JPG,0,potato_early_blight,train,880,e2dfc9613ca8f818b3ca7b094ec75efd8707f6e8,c080084e4a0d8eca
plantvillage-2016,raw/color/Potato___Early_blight/e0326fde-a613-4ec2-bc3b-e1d2154bdbcd___RS_Early.B 7679.JPG,0,potato_early_blight,train,881,951e0b4793d4c6b0a2fbb3cdae88ba177aa83b87,70c18c8c268e8670
plantvillage-2016,raw/color/Potato___Early_blight/e0552fed-9af3-4fbd-80e8-09151a839cf9___RS_Early.B 7576.JPG,0,potato_early_blight,train,882,975c1baa08e01d6eb2bf47b968f06aaa4a4af8d3,d8d9da9e8eac68e3
plantvillage-2016,raw/color/Potato___Early_blight/e0654927-6cc0-491f-86d3-acb5ad261904___RS_Early.B 8341.JPG,0,potato_early_blight,train,883,c69ebcc674781db0816b77fb67a4fb191bd01415,07899c9693f3fffe
plantvillage-2016,raw/color/Potato___Early_blight/e09798e4-23b1-4485-873b-605bc350f327___RS_Early.B 7320.JPG,0,potato_early_blight,train,884,e6208359e871cc1a21b73e06a7890cd3140db304,3868632b6a3d1750
plantvillage-2016,raw/color/Potato___Early_blight/e09c5edb-1e38-44bb-bb55-260fa32d6a58___RS_Early.B 7340.JPG,0,potato_early_blight,train,885,7d887f8d1c3ccc8e1d34531897b4623590136184,7f73e38f9b93bfee
plantvillage-2016,raw/color/Potato___Early_blight/e11d63b8-93fa-41ba-b826-99811ee4c232___RS_Early.B 7387.JPG,0,potato_early_blight,train,886,e3ab01421a2408e7af55483b8a8d79e04d5947bb,9fb97456938dcf7d
plantvillage-2016,raw/color/Potato___Early_blight/e12f2cbd-6ced-45c5-8d83-96e19b92bfdd___RS_Early.B 8367.JPG,0,potato_early_blight,val,887,8dbdb3c28aa42fb866df7a3ac99120129eff45f5,e1d89e8f9f8fdefc
plantvillage-2016,raw/color/Potato___Early_blight/e1710bad-79c1-4b36-bbd2-b257c50697a5___RS_Early.B 7426.JPG,0,potato_early_blight,test,888,2945c5fbf9d695c8e540b27f9e5e3e98b68d6a39,3e67a78e0e0cb183
plantvillage-2016,raw/color/Potato___Early_blight/e217c2fe-b0d5-45e6-a7fa-98f253444d54___RS_Early.B 7067.JPG,0,potato_early_blight,train,889,a332b341207e6578ca9a80c3c86abc161eb890f3,feeecb8f4a5edcd9
plantvillage-2016,raw/color/Potato___Early_blight/e24cb505-5756-4269-aa4f-57d27da31b20___RS_Early.B 8973.JPG,0,potato_early_blight,train,890,f73c41722a9217f846d746cf370760c3848752f7,38d48a3b1a0a26cc
plantvillage-2016,raw/color/Potato___Early_blight/e3007682-ad4b-4a62-b64d-ebb0c4537077___RS_Early.B 7772.JPG,0,potato_early_blight,train,891,66dcda02d2ed7a3e15b08833eee2a95b09561f71,3d75c7c78f17b9f3
plantvillage-2016,raw/color/Potato___Early_blight/e304fbf5-d145-433c-8f67-7b486581166a___RS_Early.B 7434.JPG,0,potato_early_blight,train,892,1164185c278b192f851fd783f722adbf48889f3d,8041584a0794c662
plantvillage-2016,raw/color/Potato___Early_blight/e3779bc5-a8e2-4be6-8e15-4a4713ab9531___RS_Early.B 8431.JPG,0,potato_early_blight,train,893,0341da8d78a8ec1b53bb3aed9287609cea55060b,f9ccae8d9d9deefd
plantvillage-2016,raw/color/Potato___Early_blight/e40b6718-52b6-46a7-970c-5f1b6bae23af___RS_Early.B 8287.JPG,0,potato_early_blight,train,894,d03300346bf467cc15441ab13dfe253c38549031,7ac6bea48838c086
plantvillage-2016,raw/color/Potato___Early_blight/e490f736-a52f-434f-ada7-3bb255d99635___RS_Early.B 7417.JPG,0,potato_early_blight,train,895,a9b962b62a8113d0a08e48a41f1e171a62da3f12,97990c428b93d266
plantvillage-2016,raw/color/Potato___Early_blight/e4b0f6ac-2b1e-4e10-8733-de421a01c390___RS_Early.B 8254.JPG,0,potato_early_blight,train,896,04285b6094c32cb2b3736fb95e7677f06a0d6063,388ceefadbeb733c
plantvillage-2016,raw/color/Potato___Early_blight/e4bd2479-dd2f-41ce-9544-4f1804c4ab8b___RS_Early.B 8601.JPG,0,potato_early_blight,train,897,8d5977a4b58f63cefb49c824f94ca4df2f2454d3,a3b89e8fc7e3f3fa
plantvillage-2016,raw/color/Potato___Early_blight/e50bd734-03b9-479b-9ca0-48ef217a2c59___RS_Early.B 7976.JPG,0,potato_early_blight,train,898,e7b96eba2f3a34b43dd8fca1b333d926e98eff9f,b1b89c8e86a7c7f4
plantvillage-2016,raw/color/Potato___Early_blight/e50e7166-a67d-4207-a49c-0240b0218d48___RS_Early.B 8907.JPG,0,potato_early_blight,train,899,faac86945188deea580ba16d164fe1819132cb13,60a4424363222c64
plantvillage-2016,raw/color/Potato___Early_blight/e57ca76e-a4c3-40f2-a673-9f48b3b357ae___RS_Early.B 7539.JPG,0,potato_early_blight,train,900,e2b5eeb59272e71d72a1c82071f9e765216a5369,bef3e3cb8aaeece7
plantvillage-2016,raw/color/Potato___Early_blight/e5c94100-3e1c-4fb1-8b6b-f281b491adff___RS_Early.B 8604.JPG,0,potato_early_blight,train,901,cebf9f5fb676d5c89a936afa1ecc105ad66523ad,1ec60e36064c1830
plantvillage-2016,raw/color/Potato___Early_blight/e5d559da-71d8-4999-9d5a-05da9e6bf12e___RS_Early.B 7491.JPG,0,potato_early_blight,train,902,968109e68eda4d2f6978eadd26bdc6c3a5e539b5,5f7dcdde9ab458e1
plantvillage-2016,raw/color/Potato___Early_blight/e6693b54-623a-4323-aa79-3e0fc3c07288___RS_Early.B 9198.JPG,0,potato_early_blight,train,903,074bf306950d0bd37c4405c5b81cbe566a6c95f8,1c7152d6ccf891b9
plantvillage-2016,raw/color/Potato___Early_blight/e6aec621-1699-433a-8cf5-7310ec895810___RS_Early.B 8764.JPG,0,potato_early_blight,train,904,6a7e34e299e2cee5b8fa4a651565fc01ad78d3ad,fef7ddcdec9cf1e3
plantvillage-2016,raw/color/Potato___Early_blight/e6d543a1-8e5e-4709-9329-b93d63f52edf___RS_Early.B 8324.JPG,0,potato_early_blight,train,905,d07e2a43e3fd4d491d8786ed63781af3e58701c5,8190849e8fe6bc1c
plantvillage-2016,raw/color/Potato___Early_blight/e6d7262c-803d-4346-a36d-4f384196e21c___RS_Early.B 6893.JPG,0,potato_early_blight,train,906,3c9897d25773dcd41011ad744045c1000906ce77,0c4e968240581010
plantvillage-2016,raw/color/Potato___Early_blight/e786a4fe-5aa1-4da2-a16f-4ee82c56e317___RS_Early.B 7245.JPG,0,potato_early_blight,train,907,cb80cd18f04a16ec55b3349089b8d5e9c13d3dab,fce28393b6acb973
plantvillage-2016,raw/color/Potato___Early_blight/e7b48816-19f7-4dc2-bf52-dfbb85e1f59a___RS_Early.B 7240.JPG,0,potato_early_blight,test,908,a5a52a8ef4d5a19d947fa4395634f9b0428bfa33,0c66c686260e84d0
plantvillage-2016,raw/color/Potato___Early_blight/e7cab6f5-308b-41ea-af82-e20cfe540729___RS_Early.B 7177.JPG,0,potato_early_blight,train,909,4ae8feee2a77e196b5058fa15b6ba74f4ae2ea0c,38f0c09899b1e38f
plantvillage-2016,raw/color/Potato___Early_blight/e8db5472-3858-478a-b1ae-9198329a49a5___RS_Early.B 7528.JPG,0,potato_early_blight,train,910,de2d2d93f533a4f09de3884e33d53b6f5dcfc1c3,1a78a361484ca0e1
plantvillage-2016,raw/color/Potato___Early_blight/e912f95d-d159-47bc-b1ed-f0f08c3c391d___RS_Early.B 8366.JPG,0,potato_early_blight,train,911,7405a128c03195add9a481eb24de04a629509a02,fffbe3c787beecec
plantvillage-2016,raw/color/Potato___Early_blight/e9643c88-239f-4587-8093-3b96eb3723f4___RS_Early.B 7353.JPG,0,potato_early_blight,train,912,e4dda7ed0b337f5ce19d0738b5b7d010330116dc,f2e2cf9bb7efe8e3
plantvillage-2016,raw/color/Potato___Early_blight/e9f9e200-b7ff-4a59-af32-b4faf3f27b17___RS_Early.B 8028.JPG,0,potato_early_blight,val,913,1ed76de327cf8e0983881329711115a6fea3cf1c,7f7adc9993862c38
plantvillage-2016,raw/color/Potato___Early_blight/ea403e5a-34b3-4b06-a94d-65ad2e78831f___RS_Early.B 8136.JPG,0,potato_early_blight,train,914,71aabaee85e23467867eb6c3df40543ca919082b,99186e6ebd9dc967
plantvillage-2016,raw/color/Potato___Early_blight/ea87f5c8-69f9-44e0-997b-bb896350765e___RS_Early.B 7798.JPG,0,potato_early_blight,test,915,16919e71b81d2630255c07ba369eda319ad4573d,8f80b8a888ddc7fc
plantvillage-2016,raw/color/Potato___Early_blight/eb4fbc2b-c1a4-473f-a4e1-71ba04a7133c___RS_Early.B 7716.JPG,0,potato_early_blight,val,916,b88a0b0d6da9766b158107a55623381e3490fe49,7ce38717368ed870
plantvillage-2016,raw/color/Potato___Early_blight/ec4e730c-02c1-4b4e-b9fc-9387e2f30a8a___RS_Early.B 7701.JPG,0,potato_early_blight,val,917,2630ed667cabbf6455a13733601e7bccf873a477,3e7ccb868c98b1e7
plantvillage-2016,raw/color/Potato___Early_blight/ec6b34ed-69c6-466a-81a9-4ca18eb25275___RS_Early.B 7038.JPG,0,potato_early_blight,train,918,3c05a0380e4c599abd67c8c2b3be2905d641ca7c,387468d0a6ccd9e3
plantvillage-2016,raw/color/Potato___Early_blight/ec9a34ed-90de-417e-bf87-31e748c8c770___RS_Early.B 7968.JPG,0,potato_early_blight,train,919,c5aafadddd034239d6ed60c5d8634536037f381c,58dc9e1e27269ec8
plantvillage-2016,raw/color/Potato___Early_blight/ec9ea109-34c7-48c5-bbac-40a36b21fa05___RS_Early.B 8761.JPG,0,potato_early_blight,train,920,c4fc6352adb8d5d85de4839b643edef2ae98c92f,60e0ce4ececeec30
plantvillage-2016,raw/color/Potato___Early_blight/ecf9d01d-b97f-4cf8-99e5-7036bd91b5d1___RS_Early.B 8650.JPG,0,potato_early_blight,train,921,d8b70d274caf6448f38bd7fadd34a91ecb8fb4f1,38e0820202060c20
plantvillage-2016,raw/color/Potato___Early_blight/ed270d5d-3523-4bc2-b208-4f5304bbfeef___RS_Early.B 8218.JPG,0,potato_early_blight,test,922,8b0ad7bf71abc14256339068a54a23f7216780cb,8bacbe9397cff2fe
plantvillage-2016,raw/color/Potato___Early_blight/ed64bc0c-d2e5-44fd-a21a-f4d6b4f2f219___RS_Early.B 7366.JPG,0,potato_early_blight,train,923,1f1fb2fbb5602e8ba384995862e36330b5c486a0,e3ccc6cba38acae2
plantvillage-2016,raw/color/Potato___Early_blight/ed78ac4f-ce50-4de8-b508-ad07b9d99176___RS_Early.B 7313.JPG,0,potato_early_blight,train,924,e3180a5e513de732415e7f1877cd35affcf1ae22,307cec3c3e0280f0
plantvillage-2016,raw/color/Potato___Early_blight/edc5f476-dd30-4fab-a8a1-71faf6210420___RS_Early.B 7315.JPG,0,potato_early_blight,train,925,160a316df499b6ca66334dfb737e592f803faa79,48cc2c6a0f1a10e0
plantvillage-2016,raw/color/Potato___Early_blight/ede5199d-4bf1-4bd0-a460-2168350ed05a___RS_Early.B 8773.JPG,0,potato_early_blight,val,926,e4732ad11251ddb106f4d8121357ea47d7773003,3c71c18eae9c98e3
plantvillage-2016,raw/color/Potato___Early_blight/ee584747-fea1-4d16-9c03-40bfc9bcf1c7___RS_Early.B 8600.JPG,0,potato_early_blight,train,927,ab482d7af5d0e3c31df3a46b1ecdf1d1ec0e15a6,fffbe787871e3cf1
plantvillage-2016,raw/color/Potato___Early_blight/ee8df9d4-1893-49a4-b2e9-aee2b1e85ca0___RS_Early.B 6926.JPG,0,potato_early_blight,train,928,c426fccbded4ca24b4285e51a27d3cbc666a8f5e,7cc68fb3868e9cb9
plantvillage-2016,raw/color/Potato___Early_blight/eec2262a-d16b-42e1-99bd-6891ef392988___RS_Early.B 7085.JPG,0,potato_early_blight,test,929,a498eba533e77c11c99422e5e98750b761b37273,061e160e0a468cd9
plantvillage-2016,raw/color/Potato___Early_blight/ef5b06f0-4c81-4e47-9ec3-499af1571d9e___RS_Early.B 8455.JPG,0,potato_early_blight,val,930,5d510dc667c249c7a165dd9e432167010d4861fc,2004a46eca84e420
plantvillage-2016,raw/color/Potato___Early_blight/ef722b35-2ab8-409d-a971-b3a853a72cb3___RS_Early.B 7184.JPG,0,potato_early_blight,train,931,8ea8bfe44c20bf684aa3b2cedd899a96f90a5a1c,88080c02168e8e68
plantvillage-2016,raw/color/Potato___Early_blight/ef825fcb-d776-4dfd-a6ed-3bd49912806e___RS_Early.B 7985.JPG,0,potato_early_blight,train,932,08f45072a18290b71c1dcbd7cf097f0ad08fb489,70ecc4861696cee0
plantvillage-2016,raw/color/Potato___Early_blight/efa2f117-a774-4fcc-8445-142742aa7816___RS_Early.B 7458.JPG,0,potato_early_blight,train,933,856237dc741bf9a5c525ad324d10fe65a157ae5a,c391147c4cb7dd0e
plantvillage-2016,raw/color/Potato___Early_blight/efb6e5e5-d83c-4634-a9f6-3f2332713497___RS_Early.B 6788.JPG,0,potato_early_blight,train,934,f7b9f3df982e326288fc78375708184cce9d2e22,b7786c6c6e7bdafe
plantvillage-2016,raw/color/Potato___Early_blight/efd49e70-b8d6-493f-9099-b3d9d534f365___RS_Early.B 7854.JPG,0,potato_early_blight,train,935,d0f81f1bb219290f228679da06efad48dd4755bb,81f82eb2bee7713a
plantvillage-2016,raw/color/Potato___Early_blight/f069744b-375b-4fee-b1f9-23963195e936___RS_Early.B 6837.JPG,0,potato_early_blight,train,936,73d5cb8a2f8fe99fa5d441623d4b6874b9f01740,9f8486efefe7f7fe
plantvillage-2016,raw/color/Potato___Early_blight/f0a1af30-47b5-430b-b563-ef9a32a55dc7___RS_Early.B 6781.JPG,0,potato_early_blight,train,937,28001f7e835dab95532231b0535bf97725eec502,063668caae1c18b8
plantvillage-2016,raw/color/Potato___Early_blight/f0b444a4-ddd7-4286-8a80-423f7e71c526___RS_Early.B 8753.JPG,0,potato_early_blight,train,938,2a4afb6846532f83dd3b6bc41ea5c8fe1fdc5820,394892b264482181
plantvillage-2016,raw/color/Potato___Early_blight/f0cdbf74-8401-48d1-b1cc-94862e1a4452___RS_Early.B 7447.JPG,0,potato_early_blight,train,939,d87bbf698b33535649e146434ae5081cca0eea8c,b11ccecfe7e77b1f
plantvillage-2016,raw/color/Potato___Early_blight/f0f41a0d-7679-4e56-85df-44934fe0cb3b___RS_Early.B 7054.JPG,0,potato_early_blight,train,940,987db3b693af021e56fe10e334bd8bdb424b9b46,f3f9be939b9b97f6
plantvillage-2016,raw/color/Potato___Early_blight/f12d7916-b4f0-46f7-91bd-8dc097743149___RS_Early.B 8963.JPG,0,potato_early_blight,train,941,154c193bb3288463ad5b27b9bd4977785cf84546,31382821218796d0
plantvillage-2016,raw/color/Potato___Early_blight/f15637d3-829d-46f9-b45e-1e1768d6b8c9___RS_Early.B 7635.JPG,0,potato_early_blight,train,942,7cc76cc3ddd0fa8a973c18d2d7a25b0530a53ff5,393cf4cccececcf9
plantvillage-2016,raw/color/Potato___Early_blight/f164ce92-d109-47ca-9f75-380a7f16155a___RS_Early.B 7104.JPG,0,potato_early_blight,train,943,3da77fdf39dde80a0a62aa58a65f0f50bb9a4343,7f7dc193868eccd3
plantvillage-2016,raw/color/Potato___Early_blight/f188a6c1-fbed-4941-a5a7-e11a6b4ddcfb___RS_Early.B 6910.JPG,0,potato_early_blight,test,944,76c31cfefd81981e9879d50491a96e817aa4f78f,c7e1b88e8692ea78
plantvillage-2016,raw/color/Potato___Early_blight/f194debe-e829-4bfb-af09-681e50358f50___RS_Early.B 7739.JPG,0,potato_early_blight,train,945,5e6ab9c10feb2850fc0dc03765d0c33b7124eb72,fee3d3b1e3cb8ae1
plantvillage-2016,raw/color/Potato___Early_blight/f20b88af-30e2-4270-a035-2cf217469cf8___RS_Early.B 8266.JPG,0,potato_early_blight,train,946,699dbf74169e43ffcc8cc4d9ee9a40abfa7b79ee,0a72c292b2000080
plantvillage-2016,raw/color/Potato___Early_blight/f217f3ba-56fa-4f97-bf9a-07697e08e845___RS_Early.B 9161.JPG,0,potato_early_blight,train,947,8f2d738527cf0098dc209c59a2fc8227790ecb94,1ef8e6c4cd9e9cd1
plantvillage-2016,raw/color/Potato___Early_blight/f2540cea-220b-4ba2-bf16-7c1c7f32c38c___RS_Early.B 7997.JPG,0,potato_early_blight,val,948,4968adecaf5610a8365cfaa01ff64102ded1ab44,80100c8e86c66232
plantvillage-2016,raw/color/Potato___Early_blight/f2a56e13-438e-4bef-a3ea-beb9f347d481___RS_Early.B 6691.JPG,0,potato_early_blight,train,949,92022c32b6111f558838f5327ab334d10443db8f,e6f7cfcfc1a78fd8
plantvillage-2016,raw/color/Potato___Early_blight/f2e7be26-b7d3-4e99-8630-8b1650192b02___RS_Early.B 7275.JPG,0,potato_early_blight,train,950,adcd35ddc7a48440b7c70689d369406aa6aedaa4,87939c9ecee3f67c
plantvillage-2016,raw/color/Potato___Early_blight/f32a2d3d-9ac5-426c-81d1-bc279def9ba4___RS_Early.B 7636.JPG,0,potato_early_blight,train,951,4ad0d0f1e9e5f9b110e85a8c36e5c0adb313865c,8be18c8ed6e1e478
plantvillage-2016,raw/color/Potato___Early_blight/f3360814-9e4c-46b0-85ed-73fc77ef7810___RS_Early.B 7550.JPG,0,potato_early_blight,train,952,e0cb5aeed69351a5ebf4eac3ae98f217c9e4eb33,1e3ee4899d2644d8
plantvillage-2016,raw/color/Potato___Early_blight/f3483bdf-7adf-40fe-b478-044b7c9daff2___RS_Early.B 7034.JPG,0,potato_early_blight,train,953,42c0bdc0ed0e9e70eccf2464d1d386f1f08a11f3,020e3662c2966ee0
plantvillage-2016,raw/color/Potato___Early_blight/f3ad73cc-2e88-4157-97ea-d57d87c5760c___RS_Early.B 6687.JPG,0,potato_early_blight,train,954,62f2476bc81cc0f547bdf8d62330a09e4ae5e3f8,980c8c3e0f9bcf64
plantvillage-2016,raw/color/Potato___Early_blight/f3b29f09-c337-4233-8968-0fcc66c9fa2a___RS_Early.B 8115.JPG,0,potato_early_blight,train,955,c2b587998f40ffe769021e7ba1829f2c9dcb3a96,ecebcdcfa7cecceb
plantvillage-2016,raw/color/Potato___Early_blight/f400079a-ff67-45c2-8a50-5c5b1e08dc25___RS_Early.B 8491.JPG,0,potato_early_blight,train,956,4327980b7f41d405bc6ada12a2437c546aef1f2d,70f0e0e26260e0e0
plantvillage-2016,raw/color/Potato___Early_blight/f48fc3b4-b7e7-4ad5-a651-0bf61a5173ff___RS_Early.B 8597.JPG,0,potato_early_blight,val,957,edb8d897e2a26c704f769e135330792a32c230a4,8030381e1e0626b0
plantvillage-2016,raw/color/Potato___Early_blight/f536e055-666e-41cc-8ee2-c1af2fbf754a___RS_Early.B 8104.JPG,0,potato_early_blight,train,958,5cbb6f7b383322f02068519103e87c6b27dbbbfd,c090c0d0c0d0f83c
plantvillage-2016,raw/color/Potato___Early_blight/f56f07b9-9f3a-4c80-a4f8-daf49f479db2___RS_Early.B 8741.JPG,0,potato_early_blight,train,959,4cb4b912a517fc73bda2412828b2169a187ebfca,40c0889c18b070c8
plantvillage-2016,raw/color/Potato___Early_blight/f5ec7cce-c3cc-4b4a-b716-d70175b1dcd2___RS_Early.B 7520.JPG,0,potato_early_blight,train,960,5ec15ca9735af407fd4c59c483d0164b91637b95,1c72d262064e0c90
plantvillage-2016,raw/color/Potato___Early_blight/f5fca019-b28f-4000-9d5e-b0b5fd061304___RS_Early.B 7503.JPG,0,potato_early_blight,train,961,a757ee6c6776b372b4c7f71083e15ecda7e9edf4,e7b1982ea693c77c
plantvillage-2016,raw/color/Potato___Early_blight/f686133a-e89a-4242-a52d-02f32ffd5275___RS_Early.B 8295.JPG,0,potato_early_blight,val,962,e67dc65223eb5286fe80bb971b303cf57251d580,8020282c2692c270
plantvillage-2016,raw/color/Potato___Early_blight/f6d020f8-8578-4c96-afc2-a1e97adb1ea9___RS_Early.B 7521.JPG,0,potato_early_blight,val,963,1edff0273195747e6fab056baed0233532c6a157,00211086a3e3613a
plantvillage-2016,raw/color/Potato___Early_blight/f6d8c094-970c-41c5-9f5d-3ded7c8f7b15___RS_Early.B 6846.JPG,0,potato_early_blight,train,964,55e33769daf13e4b4fa661d3f70dc8430930802a,0aca8e0e0e1c2840
plantvillage-2016,raw/color/Potato___Early_blight/f7740cb1-3295-4022-ae6c-7ffeee775f6f___RS_Early.B 8991.JPG,0,potato_early_blight,train,965,8f418f69e49a963ac1674e44e8e6923a402812c4,3f3c64c70f1e1cd9
plantvillage-2016,raw/color/Potato___Early_blight/f7a5e3e3-796e-4f4a-943c-24d26e2591d4___RS_Early.B 8679.JPG,0,potato_early_blight,train,966,e4e8c573a5d4e4e242214670948bffb9b9735bd9,c1f19c8ee6d3e33a
plantvillage-2016,raw/color/Potato___Early_blight/f7db505f-aabe-4b96-b719-8c930b5ff471___RS_Early.B 9224.JPG,0,potato_early_blight,train,967,76d86efda51c227ef07c787e27b04b6cdcf6778b,c080808c38382c80
plantvillage-2016,raw/color/Potato___Early_blight/f813e04e-a4f1-4c7f-a56d-cf0829801acb___RS_Early.B 8836.JPG,0,potato_early_blight,train,968,6f5d351732d14f907d8c43894c8a052f856cf273,fbf3d1d999b3e7dc
plantvillage-2016,raw/color/Potato___Early_blight/f838c192-a78c-460c-ab90-313dd5014a47___RS_Early.B 7718.JPG,0,potato_early_blight,train,969,d5fcf16ca26425e5278707e58c2b44c3155877b5,7bd993b32e9ef0c3
plantvillage-2016,raw/color/Potato___Early_blight/f89d5362-f38f-4acf-8fca-2ea154c07cce___RS_Early.B 7018.JPG,0,potato_early_blight,train,970,6cc9e82a847d1afd68b40175e9f4eb5338dc88af,00080c249e8ecb61
plantvillage-2016,raw/color/Potato___Early_blight/f8b3542b-559a-4aa4-9f4a-ec4d22f4386f___RS_Early.B 7309.JPG,0,potato_early_blight,train,971,349b1f9388188526382dd9c2ecb178db82e2a0ed,0030384c2602c878
plantvillage-2016,raw/color/Potato___Early_blight/f8b57e69-5902-4253-8404-11811ecf13e8___RS_Early.B 6995.JPG,0,potato_early_blight,train,972,6e073bddf2e07cbbe6863c118757fc1e77d594aa,901c1818181c8460
plantvillage-2016,raw/color/Potato___Early_blight/f8de1c8d-67a0-4825-9ad6-e15809ff909c___RS_Early.B 7348.JPG,0,potato_early_blight,train,973,b040f970dcce30933fed39d1c4488efbbaf1e48f,93999fc3cf6377ff
plantvillage-2016,raw/color/Potato___Early_blight/f917c191-cca4-4a78-8238-a40b586f9058___RS_Early.B 7945.JPG,0,potato_early_blight,test,974,885a70c9a34581835335d2a8ce9e06b3eed2f0d1,78f4de9e94ccc8f0
plantvillage-2016,raw/color/Potato___Early_blight/f9461507-6875-43f7-800d-502ffdb8ec05___RS_Early.B 7604.JPG,0,potato_early_blight,train,975,3e3adeef990c850c1d034ba501b086c4ef232925,8090904004a6d24a
plantvillage-2016,raw/color/Potato___Early_blight/f9580dc3-d5d9-4990-a64d-3974a9d1c687___RS_Early.B 8755.JPG,0,potato_early_blight,train,976,f114890e60a5889842ef39b36e1587e6fb02ec02,0010184c66168662
plantvillage-2016,raw/color/Potato___Early_blight/f980fef9-bcf5-47fd-8426-2c503dc35f88___RS_Early.B 6745.JPG,0,potato_early_blight,train,977,353a3b412715d2b4a89f2d390b2bfe80b6d6bedd,f3d8c667851337de
plantvillage-2016,raw/color/Potato___Early_blight/fa61b2e4-413c-4503-a2a2-cff2d8a11351___RS_Early.B 7370.JPG,0,potato_early_blight,val,978,00790331d63c15c6ac47891cf93806ed1b506d54,f18c9c3923eef8c3
plantvillage-2016,raw/color/Potato___Early_blight/fa8656fd-03b1-467c-a877-99ce5632d580___RS_Early.B 7630.JPG,0,potato_early_blight,train,979,aa4f0736e89fa4fc567013ca64815a26d32c249c,80809014a682e474
plantvillage-2016,raw/color/Potato___Early_blight/faac446b-34ac-414a-9f0e-148d6ee87bfa___RS_Early.B 8934.JPG,0,potato_early_blight,train,980,112606cd4ac9b365b5b2b14e895150fd73ba0d7c,7173d99d4d0e9ce1
plantvillage-2016,raw/color/Potato___Early_blight/fb8d862d-29c3-41ab-888d-cef47286ee9a___RS_Early.B 8975.JPG,0,potato_early_blight,train,981,967be561bf1197cccbcdea6ea8f0e9cdc9a40239,189c2e2b3b1a3c28
plantvillage-2016,raw/color/Potato___Early_blight/fba7a41d-25df-4a1c-93d1-98d62e3376e0___RS_Early.B 8207.JPG,0,potato_early_blight,test,982,6e358a0abc9f59ef3c3a60bf85fdceb32a0609e3,f8de9797b597def0
plantvillage-2016,raw/color/Potato___Early_blight/fbbe7b93-e6da-4dc8-b1ee-ba5646a5e039___RS_Early.B 8216.JPG,0,potato_early_blight,test,983,871a5a43be10bcf9e5a5610e86002bab43293612,fdf1d1cd9bbedcd1
plantvillage-2016,raw/color/Potato___Early_blight/fbc1b154-7b53-4ac5-ad3a-5e9e5078a289___RS_Early.B 7551.JPG,0,potato_early_blight,train,984,3f988e6d17f0adaf2ca3776b772f244e19d1e456,fcfcd2828e9c98e1
plantvillage-2016,raw/color/Potato___Early_blight/fbc7567e-ce08-4ad0-b8fe-ffd98296ce02___RS_Early.B 8607.JPG,0,potato_early_blight,train,985,fb1026f3e34046ee9c3d5a0a797978ae9e0ec569,fde1d7973e3efcf1
plantvillage-2016,raw/color/Potato___Early_blight/fc1ab935-21b3-42e7-a870-02fd71c5d845___RS_Early.B 6894.JPG,0,potato_early_blight,train,986,953e8672bba0037ad12d4b02e9fbda1111bf381b,8020604004969260
plantvillage-2016,raw/color/Potato___Early_blight/fc603fb2-e2a0-4990-8a75-0e4f80f40694___RS_Early.B 7584.JPG,0,potato_early_blight,train,987,5b4e3b8f4a9093f192b163938255af814198991b,3872db97379fd4f8
plantvillage-2016,raw/color/Potato___Early_blight/fc73fc01-6a63-4b3b-bfed-74625c5b4b05___RS_Early.B 6945.JPG,0,potato_early_blight,val,988,53104f5f2ee1fe4a0b8081307ceb0c98d9bd270b,3060ecaebebe8ce0
plantvillage-2016,raw/color/Potato___Early_blight/fc87399a-b45c-4b0f-a6c9-54f0e4f9d3c5___RS_Early.B 7277.JPG,0,potato_early_blight,train,989,162c055d073bae2a6b46b22721456ca2f1cf39f4,1e72c3c68e9cb9e1
plantvillage-2016,raw/color/Potato___Early_blight/fcbf4e6c-ba09-40f5-97c2-063bb20844bc___RS_Early.B 6938.JPG,0,potato_early_blight,train,990,a386236120b7a5ea6bb504a3ced095087853c3f0,18f040480a8c90c0
plantvillage-2016,raw/color/Potato___Early_blight/fd59ab68-681f-4aca-ae95-6f73bf8caad7___RS_Early.B 7118.JPG,0,potato_early_blight,train,991,cd5d13ab65b8bbff93a811ae7c60b76f85fff0fd,e3399c8ecce2f0b8
plantvillage-2016,raw/color/Potato___Early_blight/fd5b1e1f-48a8-42bd-82b5-cf762504708b___RS_Early.B 8149.JPG,0,potato_early_blight,train,992,58b204efd1bd279754053a3c5a61d2a3764f1c39,3c728696260e5080
plantvillage-2016,raw/color/Potato___Early_blight/fdc1f5ed-66b5-4564-8957-055905b8a569___RS_Early.B 8244.JPG,0,potato_early_blight,train,993,e111e6f0f5bb55b7d02952fb21b5ba91bc543ee0,c4b4bebebfdfd6f8
plantvillage-2016,raw/color/Potato___Early_blight/fdc691b0-2b15-4cb6-8f5d-c4e5654389e0___RS_Early.B 7935.JPG,0,potato_early_blight,train,994,0d29fd6b1f91cf4a6790d52d0946d91900a11cc1,38e4e79e9fbfacf0
plantvillage-2016,raw/color/Potato___Early_blight/fdf3c33c-dad6-4f13-bd58-a31d327d9cb9___RS_Early.B 8947.JPG,0,potato_early_blight,train,995,edcd7c11743af3b3e087b2417ce7db808a50794c,803032028181c464
plantvillage-2016,raw/color/Potato___Early_blight/fe24f700-d37f-4e51-b07c-931e8c3ded81___RS_Early.B 8792.JPG,0,potato_early_blight,train,996,77db1d101c89f28ccac9e468b19e0a01447f2a44,01288c86369bc938
plantvillage-2016,raw/color/Potato___Early_blight/fe2a7818-f2ec-4255-93f0-586c88a41624___RS_Early.B 7043.JPG,0,potato_early_blight,val,997,0739e36c17c52f27903f091bd8b3853742211084,12628a16240c98c0
plantvillage-2016,raw/color/Potato___Early_blight/fe772b3d-351c-4d18-9dcb-26feb90afa0d___RS_Early.B 7456.JPG,0,potato_early_blight,train,998,37b5c68111c18d63dc3a60e5c4bbb4aac9b5b9d1,3eeeca9e364cb1e3
plantvillage-2016,raw/color/Potato___Early_blight/ffef8a3b-3e8a-4c24-a27e-64c41708f7a0___RS_Early.B 7132.JPG,0,potato_early_blight,val,999,8ead1376892a6ef085338255978c432e65994aed,800040c64684c270
plantvillage-2016,raw/color/Potato___Late_blight/0051e5e8-d1c4-4a84-bf3a-a426cdad6285___RS_LB 4640.JPG,1,potato_late_blight,train,1000,ae5b442cf155a9415283abadf3a09b99ffaec18d,01197878e8d9d183
plantvillage-2016,raw/color/Potato___Late_blight/00695906-210d-4a9d-822e-986a17384115___RS_LB 4026.JPG,1,potato_late_blight,train,1001,c03857d481b9c3716eab5624d4958b31a2aa8dae,027efcf4e0e0c0c8
plantvillage-2016,raw/color/Potato___Late_blight/006cc01a-1888-4326-9b62-a65cb55a6377___RS_LB 5207.JPG,1,potato_late_blight,train,1002,f6ff8b22fc30557763381e58cf67a83201756260,7e79cece98b9c397
plantvillage-2016,raw/color/Potato___Late_blight/0085ef03-aec3-431a-99a1-de286e10c0cf___RS_LB 2949.JPG,1,potato_late_blight,train,1003,320a07870f36097f7734bbf460cb7bb96d5d4b78,8020000080c05830
plantvillage-2016,raw/color/Potato___Late_blight/00b1f292-23dd-44d4-aad3-c1ffb6a6ad5a___RS_LB 4479.JPG,1,potato_late_blight,test,1004,9a9efe1d4a106c7462bba5042afa551225b2652a,797978f8f2f47871
plantvillage-2016,raw/color/Potato___Late_blight/0114b195-844c-4978-93a9-b0d5aae010f1___RS_LB 2738.JPG,1,potato_late_blight,train,1005,6aaf84cf926bb1b07526d4ed2bdfacadd3e2d0c4,ffff7fede7efeef0
plantvillage-2016,raw/color/Potato___Late_blight/01270f5c-a44b-4da7-9398-289088c197ab___RS_LB 2517.JPG,1,potato_late_blight,train,1006,5c6541ca53418b0d6375e7fce8149201accc083d,e0c8981c8e8ecedc
plantvillage-2016,raw/color/Potato___Late_blight/01a8cc9f-074a-4866-87c8-bb5a9e3895b4___RS_LB 2968.JPG,1,potato_late_blight,train,1007,48318bac20a94fef23951042375e86923bf34420,78ec8e8e8ec6f43c
plantvillage-2016,raw/color/Potato___Late_blight/01ad74ce-eb28-42c7-9204-778d17cfd45c___RS_LB 2669.JPG,1,potato_late_blight,val,1008,f42b6657381bebe04683139decfad500eb3230d1,f3f0fcfcefefeff8
plantvillage-2016,raw/color/Potato___Late_blight/0201bf8e-27e3-4c92-ae97-2fb4f665b5d3___RS_LB 4320.JPG,1,potato_late_blight,train,1009,47571c9ec0dc0ab1758dab2b896496f62b7ac346,0c2862d2c2c0e000
plantvillage-2016,raw/color/Potato___Late_blight/02212653-e92b-49aa-96b7-9497af51e502___RS_LB 3151.JPG,1,potato_late_blight,train,1010,44329be92c330032ee564aebeecb51089bdccf30,ff7fcb96d6e6f6f0
plantvillage-2016,raw/color/Potato___Late_blight/02282fee-ba3f-460e-91e0-630204ab96c2___RS_LB 5031.JPG,1,potato_late_blight,train,1011,7a35e7ae8bebf53f7e94cc4cd38ae8a67d6bbca4,1870e2a20e1c98c0
plantvillage-2016,raw/color/Potato___Late_blight/025f3c76-6d6c-4dad-ba22-e3e72d084ef1___RS_LB 3105.JPG,1,potato_late_blight,train,1012,45a1c5f408b3fc6ecb73c32be698c076d7384fe6,38e2c6860c1890c0
plantvillage-2016,raw/color/Potato___Late_blight/02c8ff21-4e0a-4326-ba8f-089e5cb45b74___RS_LB 4089.JPG,1,potato_late_blight,test,1013,1d2b3b46c619aec6b255bd0e9bc179bea31d5861,f8f2e6e4cce8f162
plantvillage-2016,raw/color/Potato___Late_blight/030e8945-d3ce-4ad3-8a91-a14c18285249___RS_LB 2532.JPG,1,potato_late_blight,train,1014,7010de6d2566c4befc873b7acdf6399ac427811a,e3998cc6effbffff
plantvillage-2016,raw/color/Potato___Late_blight/031672c9-bf0a-46bf-8b52-d7cdc067612e___RS_LB 5019.JPG,1,potato_late_blight,train,1015,e4cb319dc78cc7cc1821984012b19a7fd86ff7ac,2040848c801030c0
plantvillage-2016,raw/color/Potato___Late_blight/031c39d3-9a91-4e81-85ac-b36512133b0a___RS_LB 5220.JPG,1,potato_late_blight,train,1016,0d7c6182aa797d6ce7a5ad35588e9d6615afba87,7cfaf0ccccb8b0e3
plantvillage-2016,raw/color/Potato___Late_blight/034a54f1-e3e9-4524-a318-9d253d9f1394___RS_LB 2893.JPG,1,potato_late_blight,train,1017,b3aa69f7a6748b43c1e59ade63ca056819e102a8,e7e1bc8ccfcffdfd
plantvillage-2016,raw/color/Potato___Late_blight/0396e413-e165-427a-ba72-04cbae7b8ab0___RS_LB 4751.JPG,1,potato_late_blight,train,1018,b437ba0c52cd16041c016442b837e5427bd094ee,3cfcc683a092d0f0
plantvillage-2016,raw/color/Potato___Late_blight/03bab48b-962b-4c08-bc98-da95237d20ac___RS_LB 3190.JPG,1,potato_late_blight,test,1019,68bd2bf519b193b8c1fef1aeed91e63a956b4469,0c38b226061cc860
plantvillage-2016,raw/color/Potato___Late_blight/0441138d-5f9f-4ede-ab9a-49edabc605b3___RS_LB 4235.JPG,1,potato_late_blight,train,1020,4d493766a5457f830959b615f63f377e70882f35,30d89c3838284040
plantvillage-2016,raw/color/Potato___Late_blight/0450570b-44d1-4290-956d-5d970164a2e2___RS_LB 5160.JPG,1,potato_late_blight,val,1021,4170561fe850d0dc63135c723389e1fb22f82e0f,80a0184c0c0c9ae8
plantvillage-2016,raw/color/Potato___Late_blight/04b964fd-7033-4cdf-88ef-b1acbcd8183a___RS_LB 2783.JPG,1,potato_late_blight,train,1022,954117b368a3785f5c91cf4c0b1c5bb4216183c8,f9e4e6c28ec3e2e2
plantvillage-2016,raw/color/Potato___Late_blight/04bbcc55-93d3-4a19-9137-8de036a8a4db___RS_LB 2647.JPG,1,potato_late_blight,val,1023,653ba316adc542aca83d76a6064688669fd791eb,c0e0f8f8d8cc6471
plantvillage-2016,raw/color/Potato___Late_blight/04ce7b2d-5e41-43c6-9e11-e1bc4f5e4cca___RS_LB 3224.JPG,1,potato_late_blight,train,1024,e4b0378574593f2beb6e515fafc93f2c070e9b39,3979f4dc9c8ae4e0
plantvillage-2016,raw/color/Potato___Late_blight/04fe5855-ec9c-40b3-9893-ca8addc236bd___RS_LB 4913.JPG,1,potato_late_blight,train,1025,fa7a55f4f9d1b0d5686949bac2dde184d43c32ac,f9fcf4dcd8d4f1f3
plantvillage-2016,raw/color/Potato___Late_blight/050b6d37-4056-4c6c-8359-d7823a488531___RS_LB 3944.JPG,1,potato_late_blight,train,1026,f433cb6560fb4f03969c7f7b2547849908cbe9fe,60f0d89cccc66779
plantvillage-2016,raw/color/Potato___Late_blight/051089cf-e083-4fdb-9256-aac12b8a55d2___RS_LB 4078.JPG,1,potato_late_blight,train,1027,6679401e4937648b9bb35a97f38d5d831bba6e8e,f0ecc6f2dcd4e078
plantvillage-2016,raw/color/Potato___Late_blight/0525ac6e-1d1f-4866-89bd-af4b8ba9c46b___RS_LB 4814.JPG,1,potato_late_blight,test,1028,c3c9bb3cc0596455462b25747ca8a4c4622ca34e,3cf892b2342898c1
plantvillage-2016,raw/color/Potato___Late_blight/053c5330-129d-4515-84da-82a701710723___RS_LB 4576.JPG,1,potato_late_blight,train,1029,22fde6c342be375f6c6065f30f78b2738cac5fb4,1eb3fcfcdad2e6ec
plantvillage-2016,raw/color/Potato___Late_blight/05817623-2c4e-4517-88a1-fe81b9a73742___RS_LB 3920.JPG,1,potato_late_blight,train,1030,bb495a6194d7ac0bca53ba969bbb0506eb3f2160,7ffaf8c0c099f3e7
plantvillage-2016,raw/color/Potato___Late_blight/059c9129-51b7-4d6b-9b57-f22e87568a0a___RS_LB 5118.JPG,1,potato_late_blight,train,1031,74b65d3f776f67e15456970bfadebea44083b4fd,18f8d0262428a0c0
plantvillage-2016,raw/color/Potato___Late_blight/05a51957-779c-4a2f-bf2a-d1fb03947793___RS_LB 4772.JPG,1,potato_late_blight,test,1032,f6d7b9ceeb799d2899cd342e6170ae2ad2ea527d,00606444ca4e3018
plantvillage-2016,raw/color/Potato___Late_blight/05c29b23-ecdf-41fc-be67-910bb74cd67c___RS_LB 4016.JPG,1,potato_late_blight,train,1033,3c0c21168543c3819582472711c372d9dc1b3b49,38e0d89898d0c0c0
plantvillage-2016,raw/color/Potato___Late_blight/0651be8e-a2d1-4b8a-97b8-1dc89d79fd26___RS_LB 3261.JPG,1,potato_late_blight,train,1034,a18061de84547738ca9374076b9a9d3b97154e3b,34f8b232e4c4c060
plantvillage-2016,raw/color/Potato___Late_blight/06554e38-28ce-429d-b8e9-520e61e3c58f___RS_LB 2692.JPG,1,potato_late_blight,train,1035,6ac47d4493e336fe6c3da8ab4f5819ffd0bb22b0,1878e4ccc6e6ecf8
plantvillage-2016,raw/color/Potato___Late_blight/0736dad0-be93-484b-9e89-bcb825fefda1___RS_LB 5454.JPG,1,potato_late_blight,train,1036,652ff6a6e43ffc83dfc68afd5d352441041cb577,f8f2c39e989af0e3
plantvillage-2016,raw/color/Potato___Late_blight/073a7489-b8dd-4efc-8393-7f024fe8542a___RS_LB 2617.JPG,1,potato_late_blight,train,1037,d0b00500f76b7deb673662c88824666446b9bbce,c09030383c3c9cd8
plantvillage-2016,raw/color/Potato___Late_blight/07fea080-7f6b-48e9-b6b5-10d7daf57610___RS_LB 3210.JPG,1,potato_late_blight,train,1038,930511f31acfcbe5c587101f12415512b23f4e3e,3978f8d8f09099e1
plantvillage-2016,raw/color/Potato___Late_blight/07ff77ae-07b4-4a2d-9c4a-bb89bb4fb1ef___RS_LB 2985.JPG,1,potato_late_blight,val,1039,779748b0b7eaa28389c77ffaec0c009eaf202817,80203098c0c06238
plantvillage-2016,raw/color/Potato___Late_blight/08ce9666-2dda-4fa8-8d58-55bb9fa19484___RS_LB 3318.JPG,1,potato_late_blight,train,1040,da4ec73392de22568321d6ae1ae611bc35bc220e,000020aca6c66268
plantvillage-2016,raw/color/Potato___Late_blight/08ddae0c-5328-4183-b16e-c980f197e471___RS_LB 2845.JPG,1,potato_late_blight,train,1041,b0f52efad6b2f98a945b45ac07bcfef0688e7429,def6e3db9396fcfc
plantvillage-2016,raw/color/Potato___Late_blight/09287918-9f73-4707-823f-f4331f5114a3___RS_LB 2604.JPG,1,potato_late_blight,train,1042,6cb461c67acb323c2d5fc64c53f912a95d5c1adb,fcf2f0f89c9cd8e9
plantvillage-2016,raw/color/Potato___Late_blight/09a215a1-a539-4635-a27f-232229ff11f4___RS_LB 4529.JPG,1,potato_late_blight,train,1043,81a40c8d3501d0680c5b17f14c6ef545b897fc1e,ffffaf2e2ca4c7f7
plantvillage-2016,raw/color/Potato___Late_blight/09a30eff-d386-456d-a6ce-ead7c0d6235b___RS_LB 5068.JPG,1,potato_late_blight,train,1044,87f0dae3f4dcaca99007315a85bfde31d1857a0a,383864e6e4a480e0
plantvillage-2016,raw/color/Potato___Late_blight/09fa42e4-1736-494e-8c46-50c6900586d6___RS_LB 5212.JPG,1,potato_late_blight,train,1045,2c00055c8e2314429fdbd7982dd75b16628a4840,000000180a623018
plantvillage-2016,raw/color/Potato___Late_blight/0acdc2b2-0dde-4073-8542-6fca275ab974___RS_LB 4857.JPG,1,potato_late_blight,train,1046,1a8c53c0e6e40cf26558f020c183311b3915747a,67e1fcbccceb7b39
plantvillage-2016,raw/color/Potato___Late_blight/0b092cda-db8c-489d-8c46-23ac3835310d___RS_LB 4480.JPG,1,potato_late_blight,train,1047,4912a74f0c6269b0dd846d4c9a37b34b24877e47,84b170f0e0e23c2c
plantvillage-2016,raw/color/Potato___Late_blight/0b2bdc8e-90fd-4bb4-bedb-485502fe8a96___RS_LB 4906.JPG,1,potato_late_blight,train,1048,882788e6c6d5897dc98b7f4ce784502f025e3fe3,80c0908c0e8ee830
plantvillage-2016,raw/color/Potato___Late_blight/0c2628d4-8d64-48a9-a157-19a9c902e304___RS_LB 4590.JPG,1,potato_late_blight,train,1049,786ae79c9f572a55982a1a32fa2a6bfb22582d52,38f8dcc65c1880e0
plantvillage-2016,raw/color/Potato___Late_blight/0c83302d-4233-4e98-8ecf-755a970495bb___RS_LB 4904.JPG,1,potato_late_blight,train,1050,d6d0d5ced3635d8af1f33c068863853d8a2302eb,3078ec968e9cd070
plantvillage-2016,raw/color/Potato___Late_blight/0d8346e1-4624-4979-84e6-1353ca59007a___RS_LB 4079.JPG,1,potato_late_blight,train,1051,c21f30a3689bb3cff2ac8e7c7372cc0af495e949,fcfafbd3f1bad8f1
plantvillage-2016,raw/color/Potato___Late_blight/0e068694-63b7-4edf-a93d-f2e9f28efaa6___RS_LB 3923.JPG,1,potato_late_blight,train,1052,08bcc0024e86fef9f6c291d5b91818d5211d7df3,1a7ac28e8c182080
plantvillage-2016,raw/color/Potato___Late_blight/0e7f0484-16eb-4183-b702-0a5b4f94d015___RS_LB 4000.JPG,1,potato_late_blight,train,1053,053f4a4ed2dc276ecb8f5d36be0dfbda5261f05a,70e8e8e8be8ec8e1
plantvillage-2016,raw/color/Potato___Late_blight/0eb24a67-a174-43db-86c7-cca8795942a2___RS_LB 4722.JPG,1,potato_late_blight,train,1054,da27de03771441498a8ce07cca703b3b6e899072,fbf9fdf8b2a4cde7
plantvillage-2016,raw/color/Potato___Late_blight/0eb28ea9-c9e4-4999-9de2-835682241e53___RS_LB 2708.JPG,1,potato_late_blight,test,1055,dd6007285d62ed250afd80f39801429cde301445,f3999cdeebe7f2fc
plantvillage-2016,raw/color/Potato___Late_blight/0f1fb568-1b12-45ef-ad99-c59fa9075693___RS_LB 3242.JPG,1,potato_late_blight,val,1056,b6e99666bace63caf50c885b19ad34943e4b3220,fffffae8dee4d8c3
plantvillage-2016,raw/color/Potato___Late_blight/0f243024-b1fa-4f96-ac7e-ecaf6dc5bc37___RS_LB 4925.JPG,1,potato_late_blight,train,1057,c5341fafeb62566dccdb595f35f325309541be2c,8081b898c8ce7438
plantvillage-2016,raw/color/Potato___Late_blight/0f50da52-cb4a-4391-982a-d6cf9c9d9917___RS_LB 2581.JPG,1,potato_late_blight,val,1058,3e48074e4d72fc53deeb8dfbcb494f5c832d6675,b1f8cccc8ac6ec78
plantvillage-2016,raw/color/Potato___Late_blight/0f6eac3b-d674-4c4d-ab3a-88689feec07f___RS_LB 5232.JPG,1,potato_late_blight,train,1059,fb9711993be04806a6d73d12ada7d4822ba95111,c0c0c080b0c07838
plantvillage-2016,raw/color/Potato___Late_blight/0f824e18-3821-486c-81a1-f1f64cf6e767___RS_LB 4894.JPG,1,potato_late_blight,train,1060,6aac4ae932ca5c0adff530e509bc8123e8ab0484,38f4c0c48e8eccf8
plantvillage-2016,raw/color/Potato___Late_blight/0fe7786d-0e2f-4705-839d-898f1d9214b0___RS_LB 2836.JPG,1,potato_late_blight,train,1061,d49d1f8a2d105df8ac019354b6ca50dcfc88fa6f,1870f0b03020b0c0
plantvillage-2016,raw/color/Potato___Late_blight/108aa677-2b51-4d8b-8533-40fba50a275d___RS_LB 3046.JPG,1,potato_late_blight,train,1062,db4eaa57ab27bb138b656ee68bb9dcdb76ac4ac3,3370d8ccceececc1
plantvillage-2016,raw/color/Potato___Late_blight/10f41035-20e2-4037-96b6-474ce343d6c2___RS_LB 2725.JPG,1,potato_late_blight,train,1063,9f26cf3731a262aedc8f4fca22d41db3012253f5,60e030988cccee38
plantvillage-2016,raw/color/Potato___Late_blight/127521ec-3cc5-4f98-ac73-ad561ec29e73___RS_LB 3219.JPG,1,potato_late_blight,train,1064,3dbd5456f43d49dcf9670925d1d6b27af19d2699,e090d86830b2ea2a
plantvillage-2016,raw/color/Potato___Late_blight/12ce2ab1-14c4-4960-81d4-e6ae776510e9___RS_LB 2880.JPG,1,potato_late_blight,train,1065,53c45e8ba59f2c1241bfe481806bec3651c88600,063ef4d69e1ee8e0
plantvillage-2016,raw/color/Potato___Late_blight/12d72127-7880-4481-b3c6-caff04116a86___RS_LB 2632.JPG,1,potato_late_blight,val,1066,b7c42fb75a9fa3b0a7f1e6ca54f90d1d087925c4,70c492aea0808126
plantvillage-2016,raw/color/Potato___Late_blight/12e2c9b5-fbfc-4bc9-898b-86ead976a615___RS_LB 2702.JPG,1,potato_late_blight,test,1067,1a226dd63e1833f95a68a803f7e02d3514b0a6b5,c7c3999cc2cee6f0
plantvillage-2016,raw/color/Potato___Late_blight/1338edcb-9e0e-458c-845e-206b869f9199___RS_LB 3205.JPG,1,potato_late_blight,train,1068,fd4e60d9481677af54cbdeb10ab8a7fc3e164153,808080c4e2e27210
plantvillage-2016,raw/color/Potato___Late_blight/13b1b19c-6720-4238-b384-4c86ea119ace___RS_LB 2765.JPG,1,potato_late_blight,train,1069,96adb9a9877c8c6260956e546e592746ff1de973,60e0602c1686e230
plantvillage-2016,raw/color/Potato___Late_blight/140cad58-de9c-44b8-afb4-af5751e2e012___RS_LB 3247.JPG,1,potato_late_blight,test,1070,5b02a41e145cf94058ca5e7ed1048883dc6d7305,c080c09098c8e470
plantvillage-2016,raw/color/Potato___Late_blight/145216a1-aab7-4f40-851d-a56c436ad0e3___RS_LB 2715.JPG,1,potato_late_blight,train,1071,ae1fa85dac0bd82130dd6288a6ec1571aff04590,7878fcfcc8e2e4e8
plantvillage-2016,raw/color/Potato___Late_blight/14691d2b-446b-4f0e-921b-60d3b76cbf03___RS_LB 2518.JPG,1,potato_late_blight,train,1072,fa47a6b8d30778b119750e654448d5b581425994,78ece68787c7e6fc
plantvillage-2016,raw/color/Potato___Late_blight/146c4ea6-cf74-4607-9b8e-19c69c85ec86___RS_LB 4641.JPG,1,potato_late_blight,train,1073,e107e9643cc37ff92cff905c6fcedbce906938dd,62e0808cc8c8e060
plantvillage-2016,raw/color/Potato___Late_blight/14b29609-0bde-4d56-ac07-5db1b6df6fce___RS_LB 4983.JPG,1,potato_late_blight,train,1074,f6c21c8588e4917c51d8b0f7256924f0847cc1b1,61f0b49e96cec6fc
plantvillage-2016,raw/color/Potato___Late_blight/152ffbeb-7dda-4313-a792-9faf68c017bf___RS_LB 2830.JPG,1,potato_late_blight,val,1075,e178851d663706364155e4d914c021567d2c76d8,c0808880c2e26270
plantvillage-2016,raw/color/Potato___Late_blight/1531198a-c611-47ee-af7d-7b124b863870___RS_LB 4793.JPG,1,potato_late_blight,train,1076,728d3bf1a6f59ea45194e0d599a6dcd0ef81b664,f1f88a9f9fc3e4fc
plantvillage-2016,raw/color/Potato___Late_blight/1562e8f9-f2d1-43b3-8deb-6b1687bd20dc___RS_LB 2726.JPG,1,potato_late_blight,test,1077,bd02d06c50583074315f3ac30979bbb551002f5f,9998b09cbe9cfc2c
plantvillage-2016,raw/color/Potato___Late_blight/1650365d-437c-4d36-b110-113a88c1090a___RS_LB 5459.JPG,1,potato_late_blight,test,1078,9233085b6bac4b4c351f05ac76f858439b6e57c0,c7b1f8b298ccf478
plantvillage-2016,raw/color/Potato___Late_blight/16e37160-9dca-4110-a914-955304e7daf5___RS_LB 3033.JPG,1,potato_late_blight,val,1079,505102d57940889602d3744964fe3a51a65ccb0c,38de9e022684c0c0
plantvillage-2016,raw/color/Potato___Late_blight/1736a728-bae9-4133-bfca-60a7c3b6382c___RS_LB 4855.JPG,1,potato_late_blight,val,1080,36cc0ce71371cafcb25f207fa8164f40f2fe9a12,79fce4befad8f071
plantvillage-2016,raw/color/Potato___Late_blight/17515ff9-075f-45a2-b8e6-1b8ba25c293d___RS_LB 4980.JPG,1,potato_late_blight,train,1081,edaa48864092dbbfb3468d18627f2cb72bbfd727,3cd8b8321606acf0
plantvillage-2016,raw/color/Potato___Late_blight/1757f48b-435b-4c4a-9de6-47b959ed1e67___RS_LB 5295.JPG,1,potato_late_blight,train,1082,de96cd027fdaeaf528a38ac67e0f2999335cf3c0,fcf2eed4f0ecf8e1
plantvillage-2016,raw/color/Potato___Late_blight/1789b0d1-d850-4e04-8a20-bc3901d4ab0a___RS_LB 5251.JPG,1,potato_late_blight,val,1083,468e175a3d6e428db32c8caacfb53244599f6ea3,f8e4e6aee2e0e070
plantvillage-2016,raw/color/Potato___Late_blight/17a07992-ebb9-4368-8cb7-4af40d8ded08___RS_LB 3064.JPG,1,potato_late_blight,train,1084,7377c63aa9854868a5c769c8d91fc611e3bd90cc,f1b0bad3cbe9f4ff
plantvillage-2016,raw/color/Potato___Late_blight/17d846d2-f2b7-4ba2-847c-7561159334a3___RS_LB 2695.JPG,1,potato_late_blight,test,1085,40308719fca8cfaf5c641fd1ed28565cbe84a3d2,1e70ece498f1e3c5
plantvillage-2016,raw/color/Potato___Late_blight/17ed933e-629f-4db2-b4f3-865f69d43589___RS_LB 2599.JPG,1,potato_late_blight,train,1086,002c4aefaa541001b57cc97e05788667e5dc48ac,f3e0eceeefeeecf7
plantvillage-2016,raw/color/Potato___Late_blight/17f8da33-18e6-454b-b9dc-a34c8dd52591___RS_LB 2945.JPG,1,potato_late_blight,train,1087,2c92e35fa68f351fee1589c5e63c1ae6e945adef,a7e1e4fceee7f2fa
plantvillage-2016,raw/color/Potato___Late_blight/19323229-6fdc-4231-bd3e-a46ddcff2111___RS_LB 3196.JPG,1,potato_late_blight,test,1088,ecc961e4ed0be05cde3fce969a15fdb00e8d8ca6,f1c0c4c8d8d96127
plantvillage-2016,raw/color/Potato___Late_blight/19393f68-e96c-4c93-b4d1-39e1c54e53b1___RS_LB 4051.JPG,1,potato_late_blight,test,1089,a003eb4da9f63f7f2a786cae4353b8014898d395,3070e8ccccc0c0e0
plantvillage-2016,raw/color/Potato___Late_blight/19d8aac3-db88-4a07-84f2-40f7597c2a25___RS_LB 3867.JPG,1,potato_late_blight,train,1090,530bf2c83ead17efdc39c13fd65040be0d71ccd6,7974e2e3a7e6f071
plantvillage-2016,raw/color/Potato___Late_blight/1a146bf4-5696-4e19-842e-9e0e1ac7ac6d___RS_LB 5023.JPG,1,potato_late_blight,train,1091,ab3606760d4f85267fb9b4a1f14840252bbcb6f8,8fc3c2cecfe7ffff
plantvillage-2016,raw/color/Potato___Late_blight/1a18d84a-8811-4806-830f-d10e98b1800e___RS_LB 3919.JPG,1,potato_late_blight,train,1092,676758d0ddb230fa23d1691fa79c8432a8c9f2ef,0321389eb286f038
plantvillage-2016,raw/color/Potato___Late_blight/1a5f4258-21df-4334-a933-2ef073c932ba___RS_LB 3089.JPG,1,potato_late_blight,train,1093,30cd0659ac8e1ff83da02568b73937e4622e8d81,0000a0a48cc2e270
plantvillage-2016,raw/color/Potato___Late_blight/1a674846-9d13-4a7f-ba03-8931c5dd3d2c___RS_LB 2768.JPG,1,potato_late_blight,train,1094,eff73b66665c924175b0035a886d1577d78d26f0,e7f0b68b8be3fbfb
plantvillage-2016,raw/color/Potato___Late_blight/1a68ab56-2000-4d7a-ad4a-88d300104b7d___RS_LB 2594.JPG,1,potato_late_blight,train,1095,e4c374c57142f871544b9aa0528319f4ae4bebf5,63e1f0d8d8c8c0e1
plantvillage-2016,raw/color/Potato___Late_blight/1a6fc494-81dd-4649-ad8d-a5a6e58a2aa7___RS_LB 2618.JPG,1,potato_late_blight,train,1096,439b299771abd01efd12e91a9ad3bf3da206b52b,fcf0c69cb8f8f0e2
plantvillage-2016,raw/color/Potato___Late_blight/1ab62af3-c0a5-4fab-bb62-e06d6f7ddb59___RS_LB 2908.JPG,1,potato_late_blight,train,1097,27c85828eaba7f0169109553348a5cbf6a5eb932,b3b1a88ee7f3ffff
plantvillage-2016,raw/color/Potato___Late_blight/1b7342d7-5d89-4ee3-8b4f-587d79187511___RS_LB 4416.JPG,1,potato_late_blight,train,1098,85ce9789bd4cd37226460f624a59d2c50f2c29f5,e1e1c8c666663212
plantvillage-2016,raw/color/Potato___Late_blight/1b8ae46e-1202-4715-8ad1-fd18046c42d3___RS_LB 3880.JPG,1,potato_late_blight,train,1099,a775640501a83fa2e149a496e0eeb68e72fc3282,1e3a7ededafcf0e1
plantvillage-2016,raw/color/Potato___Late_blight/1b8f80ae-38a2-4d08-ae92-f80ff4459a73___RS_LB 2554.JPG,1,potato_late_blight,train,1100,133d8bbe117095627a82e4f222f8272f21253967,8783b99ccce4f87c
plantvillage-2016,raw/color/Potato___Late_blight/1c207156-339d-4ec9-9153-9edb3bc95b5f___RS_LB 4833.JPG,1,potato_late_blight,train,1101,f3423f6066777855496023460f2e772ddea26a18,38624edc8c88f0e0
plantvillage-2016,raw/color/Potato___Late_blight/1c6412c9-45ce-4814-af8d-274f4e3c9c4e___RS_LB 2746.JPG,1,potato_late_blight,train,1102,50d5b2df9d5c79216d5e02f6cc517d66abf115d5,fef2f3fbf3faf0f3
plantvillage-2016,raw/color/Potato___Late_blight/1c6ec55e-182e-4b7c-b416-07029edfc970___RS_LB 3950.JPG,1,potato_late_blight,train,1103,dbd0f502b8cb696defa26ff9b827daf2455d925e,e0f8bececee7bb1c
plantvillage-2016,raw/color/Potato___Late_blight/1cd053f6-0016-4680-a924-af15aecd7fb2___RS_LB 4414.JPG,1,potato_late_blight,train,1104,b2e843bbbdcb1c89d5383fd1a906210e06a69001,9fb3e1e0f0f0f2e4
plantvillage-2016,raw/color/Potato___Late_blight/1cd0b065-e637-4307-9e0a-9c20dc44cc59___RS_LB 4784.JPG,1,potato_late_blight,train,1105,4ee4c0078a75a2bb449e524c7cacc9542c5110ea,80818064c683e278
plantvillage-2016,raw/color/Potato___Late_blight/1cffe6a1-6fb3-4506-846c-478148a2b678___RS_LB 4380.JPG,1,potato_late_blight,train,1106,be18c9866c2d8491879a214a069b7bd09f88805f,7cfecedcb2669c78
plantvillage-2016,raw/color/Potato___Late_blight/1d05837e-11e4-40a4-8bd5-cfe5ad67365a___RS_LB 5428.JPG,1,potato_late_blight,train,1107,3a0b4b68136dfa24be7b46ef657bebc9ae1e11d9,c0d8c8ce6f72381c
plantvillage-2016,raw/color/Potato___Late_blight/1d389389-0585-433a-83c7-30b42db2ca3f___RS_LB 3322.JPG,1,potato_late_blight,train,1108,e72cc8a714688570f50e89c4b2cfc81f82eb8f49,3a7cec2c2060c0c0
plantvillage-2016,raw/color/Potato___Late_blight/1d4acd15-f2b9-4a2e-87da-9d5a2cc6a642___RS_LB 2752.JPG,1,potato_late_blight,train,1109,8a996c8dfad8b5dfd9a3e85a892b5fe7e44f362d,fffbf9cd8dbfd8e1
plantvillage-2016,raw/color/Potato___Late_blight/1dc41475-aa79-43f1-8648-0c8733d246ca___RS_LB 3319.JPG,1,potato_late_blight,val,1110,2d853242fac28159452e2ed6b03051cb4419d647,60d898a4cecee8b0
plantvillage-2016,raw/color/Potato___Late_blight/1e0326a5-b208-447f-9d60-f788ec4b6e3f___RS_LB 4526.JPG,1,potato_late_blight,train,1111,1ad26d91a9374b09ef07c1e6c683462067522219,3171e4fcfcf4e879
plantvillage-2016,raw/color/Potato___Late_blight/1e1fde7a-c535-49fd-9670-629f7fb9cb3d___RS_LB 3949.JPG,1,potato_late_blight,train,1112,b6d702eac886762de8fadc97ffe3911eb1a82a84,465efe6eef9ed8d1
plantvillage-2016,raw/color/Potato___Late_blight/1e3e04cc-3778-4d78-b8f9-d60faa0534b0___RS_LB 5246.JPG,1,potato_late_blight,train,1113,4e11df02dc5bc21bcf742ab98b2055351ac0d130,808080040c8c7038
plantvillage-2016,raw/color/Potato___Late_blight/1e69b122-3920-4c4a-bfff-a18f3d6c3f89___RS_LB 4766.JPG,1,potato_late_blight,train,1114,8e61a1e61811b1ee16219ef1495e669a0e1a4ddf,80002018c8ce6232
plantvillage-2016,raw/color/Potato___Late_blight/1ed357f9-f036-4bf2-b180-1588976eb116___RS_LB 3005.JPG,1,potato_late_blight,train,1115,3e7b7060721da2a8256416766a44662db88c5ac3,7072722a020620e0
plantvillage-2016,raw/color/Potato___Late_blight/1f440bb7-e35d-4bc9-a807-81dac78c54b8___RS_LB 2727.JPG,1,potato_late_blight,train,1116,787ce93cedd59b97087689fae8e050bd91d1cf99,f3f2f4eefefcf8f0
plantvillage-2016,raw/color/Potato___Late_blight/1f560f09-0b70-40c9-b907-4cac9ba47b8d___RS_LB 3184.JPG,1,potato_late_blight,train,1117,5dfac7caa7a534b5ba92bce7ea36ab4f6348d79b,a090180c8e86e42c
plantvillage-2016,raw/color/Potato___Late_blight/1f84da28-3025-4cc0-8815-5b6b60205956___RS_LB 3326.JPG,1,potato_late_blight,train,1118,61c438a95119c79242f81046f24e30bac1c192b0,a7b3d9988acee6f8
plantvillage-2016,raw/color/Potato___Late_blight/1fa9afe6-69ab-4206-a8b5-487531391a37___RS_LB 3006.JPG,1,potato_late_blight,train,1119,92c0162642864cfa5a9c710656eed9533124c16c,20301884968686c0
plantvillage-2016,raw/color/Potato___Late_blight/201186ce-cec5-47ef-9f88-bd8c4abab2c8___RS_LB 2813.JPG,1,potato_late_blight,test,1120,3cf5dc6b65fac66a79a56c2bb83c9c78aeb626a1,b8f8f2d6e7def4fc
plantvillage-2016,raw/color/Potato___Late_blight/20880dc9-069c-40e5-81be-6d6e33f9519c___RS_LB 4098.JPG,1,potato_late_blight,train,1121,69a4c0b36e716592630ed29db9b01e8bbc2a97b5,e3e1eccecff9f9f8
plantvillage-2016,raw/color/Potato___Late_blight/20e59080-5a86-4aa8-b5b1-d886a4b273b7___RS_LB 3165.JPG,1,potato_late_blight,train,1122,881807fff466efb7b127a89805282f0d87f5fd5d,befffbe3f2c0e1e3
plantvillage-2016,raw/color/Potato___Late_blight/2122118e-02ee-452b-864c-adf36ed5ce9c___RS_LB 2890.JPG,1,potato_late_blight,train,1123,8cc3b64c5e50f8cbe33152e4e267274d030ac62a,c0c040181c9ee464
plantvillage-2016,raw/color/Potato___Late_blight/21d8b66f-1ea5-48ad-92e2-9f708a969b7f___RS_LB 4097.JPG,1,potato_late_blight,val,1124,be98cd6fdef4ea595079a6fb0092d97853ae5c9a,f8fce6e7e7e784cc
plantvillage-2016,raw/color/Potato___Late_blight/224d9d63-c097-4142-b1a6-56f88a7bae2e___RS_LB 2630.JPG,1,potato_late_blight,val,1125,5d725cbe1d5e4ecb9e7bb52031e89ad3bcdc2abf,31f8cca692d8e0f0
plantvillage-2016,raw/color/Potato___Late_blight/2269e6d9-bb15-49f1-8349-2f0126165960___RS_LB 3197.JPG,1,potato_late_blight,train,1126,0c1328277883ec714ca05e22d5e473ca0bfeff53,70c0c8a89090c080
plantvillage-2016,raw/color/Potato___Late_blight/227f2f04-4d59-48d9-958d-5cccc70d3f2b___RS_LB 2772.JPG,1,potato_late_blight,train,1127,79310e0c925b6e3d29ec8ce62ada84ad0cbfcbbe,60a024260e049470
plantvillage-2016,raw/color/Potato___Late_blight/22b19227-ae7e-495e-9fe0-d286fbcf9412___RS_LB 3996.JPG,1,potato_late_blight,train,1128,b7f35b984419d753f81765331c4b2ba5f132066d,8efe9aa62e4c50e0
plantvillage-2016,raw/color/Potato___Late_blight/22bd2a18-a4ba-4c9a-a4d3-2dabc295ccbc___RS_LB 4759.JPG,1,potato_late_blight,val,1129,0837e39da914b74485a937472f1d950ae5941af1,3ac6ce8804e0c0c0
plantvillage-2016,raw/color/Potato___Late_blight/22d5cf8c-308f-417d-9b05-b00a0791ecef___RS_LB 4797.JPG,1,potato_late_blight,val,1130,be0c1aa4a9834aedcb5cc8ed17d7541e1282a1a6,7e7a7afac8ccf1e3
plantvillage-2016,raw/color/Potato___Late_blight/2377f6d5-3660-4b5a-b5b3-eea448e7a143___RS_LB 2729.JPG,1,potato_late_blight,train,1131,7a3ea9a9e3ac69ff9800370e6981d0cb8672bfdd,f0e0c69ebef8e0ec
plantvillage-2016,raw/color/Potato___Late_blight/23ad201a-469e-4687-9321-7329bf747992___RS_LB 4990.JPG,1,potato_late_blight,train,1132,dd11bd34201b1c3590aa7ec164b6ffbe7213e1a3,8e81989ce673fb3e
plantvillage-2016,raw/color/Potato___Late_blight/23e2a413-2191-4a94-a305-c12b4ed24aa3___RS_LB 2555.JPG,1,potato_late_blight,val,1133,a331b1d07b071a5f92f35e6a243aaa376d4d1c9f,70e084a084c0e470
plantvillage-2016,raw/color/Potato___Late_blight/2425fba0-8d06-4f05-9d0c-258c39777a37___RS_LB 4915.JPG,1,potato_late_blight,train,1134,904a406d79bc87606f58c3a02d69dc91f3727d99,0e26e6e6c0888080
plantvillage-2016,raw/color/Potato___Late_blight/2438dfce-68a1-4026-a006-4c99a0f6259b___RS_LB 5116.JPG,1,potato_late_blight,test,1135,ebc81e882cc740dfd366d7aadf6ce6d97d45a053,0c3c72c6ecacf0e0
plantvillage-2016,raw/color/Potato___Late_blight/24482fe2-5139-4f73-909e-9ea4a3d8bf5d___RS_LB 4733.JPG,1,potato_late_blight,train,1136,7964bad14843e269bfdd4d4a94242349cb28d173,00e2c682020880a0
plantvillage-2016,raw/color/Potato___Late_blight/2482a11a-46b1-4e06-9b5c-4af0089b3259___RS_LB 4087.JPG,1,potato_late_blight,train,1137,e110c0c45979f3d754e77e4594143c5c82eeeb21,1078c88c0ee6c470
plantvillage-2016,raw/color/Potato___Late_blight/2565077d-44d3-4213-82c2-bf5ae9a64368___RS_LB 3295.JPG,1,potato_late_blight,train,1138,c963db9cab34235e8f295470f97349b1f62b9af1,e2d0c8ece4f0f81c
plantvillage-2016,raw/color/Potato___Late_blight/2572d994-464a-461e-a0c8-597dc2229c09___RS_LB 2763.JPG,1,potato_late_blight,test,1139,42fc0427c7d49a1da82564f86136261ba1e87da8,79e8dc8cccc6ece0
plantvillage-2016,raw/color/Potato___Late_blight/2577b25b-c0ac-442b-8093-42e6490bad1e___RS_LB 4319.JPG,1,potato_late_blight,train,1140,503dd5dbfa3334808634fb9d21be98af9d0471ff,e3e1d9d8d0f060e1
plantvillage-2016,raw/color/Potato___Late_blight/25978f86-dca7-4052-bf6b-7d14ce0438ad___RS_LB 5016.JPG,1,potato_late_blight,test,1141,e18624e69a3678a0efa01caa3820fe6ee8e61113,063c78ca8c981060
plantvillage-2016,raw/color/Potato___Late_blight/259a9b63-d100-43bd-b611-1c707b9e8842___RS_LB 4562.JPG,1,potato_late_blight,train,1142,9a23c33e6a33f7342109f4095c897b4c8311a04e,be74e4928cc9e1c1
plantvillage-2016,raw/color/Potato___Late_blight/25bf1e56-4039-4d92-9a66-65b62e3b0f4d___RS_LB 4949.JPG,1,potato_late_blight,train,1143,b74b403d509d196c6361eb78cc73f0176dae536f,83988ccecef6799d
plantvillage-2016,raw/color/Potato___Late_blight/2657bf2b-c03e-4ec6-bf6a-4afe8645acec___RS_LB 3110.JPG,1,potato_late_blight,train,1144,f17940016e6bd97ac75b9e1aec3a2ad90a10c27f,1c72e6c68c9891c3
plantvillage-2016,raw/color/Potato___Late_blight/265e32dc-44f3-40f8-8c5d-8bc223dd0f52___RS_LB 4859.JPG,1,potato_late_blight,train,1145,1c30c0de8a174d1d1bff1b3f069674abf139e4ed,3060c8c4e4dce870
plantvillage-2016,raw/color/Potato___Late_blight/267d6db0-95db-4945-a6b0-bf05b11ef8ff___RS_LB 3231.JPG,1,potato_late_blight,train,1146,ece2ca148f5a3a5d1750bb5fbff2647420051802,f3e0ccccc4e4f070
plantvillage-2016,raw/color/Potato___Late_blight/2717d9f6-68a9-44ca-b290-0311a5356621___RS_LB 4564.JPG,1,potato_late_blight,train,1147,134a0a58f9dd8d503fc6633298f076cf1de7ab54,9ef8feece4e4c868
plantvillage-2016,raw/color/Potato___Late_blight/27f1b297-f65a-458f-80d9-0046fa4c8c11___RS_LB 4332.JPG,1,potato_late_blight,train,1148,b615ee3f003599f759d624addf02b699ffd09c5a,fcfefefc7c3c3c3d
plantvillage-2016,raw/color/Potato___Late_blight/2846161c-9ac0-4ef3-b563-aee344dac80d___RS_LB 4851.JPG,1,potato_late_blight,val,1149,528c21d03d215c27a5e4e281067748e9dfa156bb,1c3878d0d08890c0
plantvillage-2016,raw/color/Potato___Late_blight/289cbc85-4659-4db9-95b3-06b14fa36216___RS_LB 3857.JPG,1,potato_late_blight,val,1150,41a69e2b295fcd3a29cd24dba0867c2b904c33b2,c0c0f0fcfcdfbf1e
plantvillage-2016,raw/color/Potato___Late_blight/28cbad12-8d41-4d36-a6df-db0d35ee1ce0___RS_LB 2922.JPG,1,potato_late_blight,train,1151,28ec6a99e75b34874816c651230b9494f0ec9938,d8c8ce9bcbeffffe
plantvillage-2016,raw/color/Potato___Late_blight/2958c571-a4f9-40b3-a091-0f37c4822932___RS_LB 3325.JPG,1,potato_late_blight,train,1152,c43325df3d32c9fe95782bf736e74e7ab9b074d4,ffffefce9a9199f3
plantvillage-2016,raw/color/Potato___Late_blight/296e6201-4b46-4449-9edb-c7659d36cf92___RS_LB 4052.JPG,1,potato_late_blight,train,1153,bd5681e49fa60f179edb649e5bdac1093a1607ca,38428e1a08108080
plantvillage-2016,raw/color/Potato___Late_blight/29a30aec-e060-43f2-bd81-27d8ad1cebf2___RS_LB 4911.JPG,1,potato_late_blight,train,1154,dfef4ebcf3c37cf657d0da5e99682694279492f2,0464cc8c04888086
plantvillage-2016,raw/color/Potato___Late_blight/29ad1bd3-9eca-4975-97b9-80d497a62811___RS_LB 2847.JPG,1,potato_late_blight,train,1155,05e5da9d2c5d881d1de712b2a8988fca35671593,70e0c4e6cccecce0
plantvillage-2016,raw/color/Potato___Late_blight/29bfc55a-8cb2-4938-b0b5-5e2748fd1a22___RS_LB 5070.JPG,1,potato_late_blight,train,1156,43684aa5578089ee3452b44fc84d4e1b11b0a02a,00c088920682c670
plantvillage-2016,raw/color/Potato___Late_blight/29d49eb8-84d0-402d-9f00-c1149b8b3e16___RS_LB 3031.JPG,1,potato_late_blight,train,1157,7a877115bef78ef97e54cc206e90ec3784ebe145,3ef0c4cb9eecace0
plantvillage-2016,raw/color/Potato___Late_blight/29d84246-f2a5-4c18-8ddc-2f2d38046ae2___RS_LB 2625.JPG,1,potato_late_blight,train,1158,749e5392d40fda7eb8cc6ee5f85ae998085d6202,30f0e8c0f8b8cc20
plantvillage-2016,raw/color/Potato___Late_blight/29dafc9e-eb0f-4f3b-99ab-a617b8163e50___RS_LB 3052.JPG,1,potato_late_blight,test,1159,2f1cde32cad5a5c2f1d6a2894e69eb2d659b33f3,193876666664c0c0
plantvillage-2016,raw/color/Potato___Late_blight/2a0727c6-24d9-4d20-89ed-51bbd36a4b5a___RS_LB 2987.JPG,1,potato_late_blight,train,1160,7c5609b0e34a2d82d50968addfc0e93d0cde2eb0,def6fff7bdb6b0e3
plantvillage-2016,raw/color/Potato___Late_blight/2a3e5c22-1e37-4ba0-8686-cf7482e4e8d3___RS_LB 4126.JPG,1,potato_late_blight,train,1161,7a7809f211befb94b5085dee7a14f25d49b4b388,e1e8e4e2ecf8f8f3
plantvillage-2016,raw/color/Potato___Late_blight/2a52ba17-febc-49b9-b5ab-52a500d387de___RS_LB 2621.JPG,1,potato_late_blight,train,1162,d74fcfb7faecd86077f7048287a14472aceeee31,f3e1a4b6cfefffff
plantvillage-2016,raw/color/Potato___Late_blight/2addf5f2-acc5-448c-88a1-fe357d9aa9ac___RS_LB 4736.JPG,1,potato_late_blight,val,1163,dc129054ccb420592b81a6e12044b46119044923,fcf3e3c38983e6ec
plantvillage-2016,raw/color/Potato___Late_blight/2af683b8-ad55-450d-9047-630b85a2d128___RS_LB 4614.JPG,1,potato_late_blight,train,1164,2249b655d4970b586ecc380c7f8f7cf6345d3d75,1c3872f2fcb0a0e0
plantvillage-2016,raw/color/Potato___Late_blight/2b064606-e6e2-46e0-9788-d1049f0e4fed___RS_LB 4246.JPG,1,potato_late_blight,train,1165,3b8418528113827288b4e249b0b51f2232777077,7e7ee6e2e2f0e1ff
plantvillage-2016,raw/color/Potato___Late_blight/2b7f92a9-9bd8-4461-9588-ab98abf54be0___RS_LB 2575.JPG,1,potato_late_blight,train,1166,8e7ad738d2828dc4c88f7f075970137aeba4d93b,b2f0dc9e9cdee878
plantvillage-2016,raw/color/Potato___Late_blight/2b974785-090d-4dae-81a2-ce3ebc2a1c68___RS_LB 4634.JPG,1,potato_late_blight,train,1167,d3db74c79a4bd64989094e9db506d87852367dba,40e0d898c8c8c0e2
plantvillage-2016,raw/color/Potato___Late_blight/2c1218c8-eaea-4f5a-be4b-34e34a705063___RS_LB 2530.JPG,1,potato_late_blight,train,1168,6b2bf0936e0576a839c9abb8a4af9d460ed4e907,3c72c6bab0e0c060
plantvillage-2016,raw/color/Potato___Late_blight/2c2b39ed-75f9-49f6-a28e-36a2cb608297___RS_LB 2794.JPG,1,potato_late_blight,train,1169,00c399dc4cf2a868372810f2d8751106fd9f98b3,002090c8e0383218
plantvillage-2016,raw/color/Potato___Late_blight/2c33381e-78d8-47fc-8cea-1459164f46d6___RS_LB 4115.JPG,1,potato_late_blight,val,1170,51cb49ad587cbee2a2a8ad59d63d560203dbae39,dedcf8f2e2ccd9f3
plantvillage-2016,raw/color/Potato___Late_blight/2c3eddb8-f475-42ce-af72-81271630ba07___RS_LB 4991.JPG,1,potato_late_blight,train,1171,49c27c607aea5b80584a0c8919f24d067fcad5d6,ce7e72d6d49880e0
plantvillage-2016,raw/color/Potato___Late_blight/2d736aa6-79a6-42b0-9e92-d859bcd72824___RS_LB 5244.JPG,1,potato_late_blight,train,1172,d090e6dc1850280afd8d92591144e54656e0878f,70e0e4e2cec8f070
plantvillage-2016,raw/color/Potato___Late_blight/2d8cbe58-280e-4c93-9b06-26f4279eb4d8___RS_LB 2855.JPG,1,potato_late_blight,train,1173,4d396fa6ea5fd3c35769902889bf2bd6c8cc5f47,0236cccc86506020
plantvillage-2016,raw/color/Potato___Late_blight/2e18248f-e251-44c0-b9a5-a198455f43ee___RS_LB 4858.JPG,1,potato_late_blight,train,1174,25d67960189ca0c56bc4209877b3dab7bb52e5cf,e7f1b8aacff17c3c
plantvillage-2016,raw/color/Potato___Late_blight/2e2bc24d-9900-4b0b-a8ec-abb444350c03___RS_LB 4701.JPG,1,potato_late_blight,train,1175,bdae4dbf8c0b924447431cf8c24fd109d60e1037,c7c198bcf9e9f3fe
plantvillage-2016,raw/color/Potato___Late_blight/2ea232e4-2e94-426f-b86f-8bc5861f334f___RS_LB 4757.JPG,1,potato_late_blight,train,1176,ba07d6477aeb701a063d8a2f32484c25b4fae571,efe1fcfddbdbf5f9
plantvillage-2016,raw/color/Potato___Late_blight/2ed031ef-c77f-42d2-83fa-4fbfc66d67b2___RS_LB 5254.JPG,1,potato_late_blight,train,1177,0ec1c23f306f330e44aee6b01d5cc1903cff4597,f8f8d4f4a488e0c6
plantvillage-2016,raw/color/Potato___Late_blight/2ef5c4f6-a798-40fd-8380-f444f3290987___RS_LB 4428.JPG,1,potato_late_blight,train,1178,c6043437f4dceb2e911d07a0af442710a1a3033c,fefaf8fededee0e3
plantvillage-2016,raw/color/Potato___Late_blight/2f419afc-a232-42c7-b0ff-92d928647a0f___RS_LB 4917.JPG,1,potato_late_blight,train,1179,d5ba0b05a693b3bac196a460431063ab38b149eb,0c3cf8d08418b1e2
plantvillage-2016,raw/color/Potato___Late_blight/2f6382f7-12fc-4309-b7db-b034b8165c67___RS_LB 4955.JPG,1,potato_late_blight,train,1180,06b4e04c3e14cad24a3c61fc98be052b5e5804e3,3938fad7e7eed8d3
plantvillage-2016,raw/color/Potato___Late_blight/2f76c068-ebba-499d-8819-2d12bde41695___RS_LB 3232.JPG,1,potato_late_blight,test,1181,7f56a544be25cc75ade5fd1ea54acfc9c36e5b88,3470e0c80080c0c0
plantvillage-2016,raw/color/Potato___Late_blight/2f7b6898-a342-42a5-a0e5-a9f2bad7eaf1___RS_LB 2831.JPG,1,potato_late_blight,test,1182,a8e4c997b9af748e54478f1dee6e9998275eeb99,38f4f2e28cccc861
plantvillage-2016,raw/color/Potato___Late_blight/2f8e6ae7-f6ac-4bab-992b-82e3c51cf476___RS_LB 2743.JPG,1,potato_late_blight,train,1183,ad10f2b7395e6ff15469aa9d14b02d78fc35eec8,60f08824368ee234
plantvillage-2016,raw/color/Potato___Late_blight/304b3fa0-f0cb-41b5-b835-9bd13773150a___RS_LB 4696.JPG,1,potato_late_blight,train,1184,8ec29636f6aba708279b191efdce8daf69ca89bc,80e0f0b49ccc7438
plantvillage-2016,raw/color/Potato___Late_blight/30777af4-cbb4-44bf-946b-f1c5d17704ee___RS_LB 4822.JPG,1,potato_late_blight,val,1185,1dee3bcc81afb32b2b75071433ee1bb3a607a35d,e3d1c8cccce8f8f9
plantvillage-2016,raw/color/Potato___Late_blight/30920583-57a6-4cc2-81d6-84879ec3af46___RS_LB 4930.JPG,1,potato_late_blight,train,1186,b80ddf75cda2e4fe0b169dddea05a3a6444fb30c,2070d88c8c8ce060
plantvillage-2016,raw/color/Potato___Late_blight/3112e625-f1d9-428b-a77e-23c6f28e44f8___RS_LB 3035.JPG,1,potato_late_blight,train,1187,e673b25edac0fe191a5432c3892f9dcb12d8b843,7cfcf88ae6bcd8f1
plantvillage-2016,raw/color/Potato___Late_blight/3171caea-9708-45dc-a60b-e347b3e74fb8___RS_LB 5256.JPG,1,potato_late_blight,train,1188,8e6e53442553b29f002cdf8020683c8693e09092,7ef4dd9d93a7f9f7
plantvillage-2016,raw/color/Potato___Late_blight/317a40c6-c4d8-4b4e-9878-4f742e7f409a___RS_LB 4462.JPG,1,potato_late_blight,train,1189,fbe515cad4b9795bf768c2bcf0f62b08e035fc53,fefc726af2e49cf8
plantvillage-2016,raw/color/Potato___Late_blight/319335dc-6a48-4fe4-932b-326f1455f3cd___RS_LB 4703.JPG,1,potato_late_blight,train,1190,9a87db1735e7399186051fb0b6d0246c2166b315,00d0989c9c1c38a0
plantvillage-2016,raw/color/Potato___Late_blight/31b2a640-4063-41f1-97c5-03ceca0ce131___RS_LB 5439.JPG,1,potato_late_blight,train,1191,05aca111b654e6163d2631dcd973596ba959455c,30f0848080c1e278
plantvillage-2016,raw/color/Potato___Late_blight/31c96e0d-0a6a-42b4-bd7a-0faf2c8e462d___RS_LB 5298.JPG,1,potato_late_blight,train,1192,18e962705d79df2b0c6b487c022e3dac16c01ebc,1c7c62dac2c0c8e0
plantvillage-2016,raw/color/Potato___Late_blight/31d61797-f3dd-4452-8db9-cdfd8be9ebf2___RS_LB 4823.JPG,1,potato_late_blight,train,1193,7b521476006971e812c7e8b194240dfe4716513b,38f8f2c6cee4f073
plantvillage-2016,raw/color/Potato___Late_blight/3221ccec-f264-4046-8252-77a8a357562b___RS_LB 4637.JPG,1,potato_late_blight,test,1194,684d00f83f20d63837e7ee06ab8f80869c859dc0,f3f0f0f8f86c7176
plantvillage-2016,raw/color/Potato___Late_blight/324a0ba8-726a-4e6c-a15f-c32a1904f891___RS_LB 3078.JPG,1,potato_late_blight,train,1195,d55f76234e6ea383c9bfd3a62ede9d880aee4477,e3e1e4e6e6e6f6f8
plantvillage-2016,raw/color/Potato___Late_blight/326919e6-16b9-442b-ada3-e4c37b3ab8ef___RS_LB 3187.JPG,1,potato_late_blight,test,1196,1b7e5738b3917b9809a5192758e1d264850980f3,fdf8ecbebcbcd8f9
plantvillage-2016,raw/color/Potato___Late_blight/32e6ace8-7ca9-4f95-a313-6747d321e8da___RS_LB 4698.JPG,1,potato_late_blight,test,1197,eff4465dacf7f449d84c19f69120670e801d8a94,002030388af73e06
plantvillage-2016,raw/color/Potato___Late_blight/33551627-5824-42b9-9547-4df44590fee1___RS_LB 4848.JPG,1,potato_late_blight,train,1198,e34bf347276a463ec5b63c75687b536a4e77d622,7df8fcf6e4ac91c3
plantvillage-2016,raw/color/Potato___Late_blight/3362decd-b0d5-4cc6-81f8-3c051a285875___RS_LB 4109.JPG,1,potato_late_blight,train,1199,118fd73bbc3f2722b0720f04a910cecbcb10b054,fedcfaf2c4cedcf3
plantvillage-2016,raw/color/Potato___Late_blight/33938ff2-ee2c-4571-96dd-6229a0cb4e0c___RS_LB 5184.JPG,1,potato_late_blight,train,1200,4c2200118a3e5500ea7d6edfb3ce0e72716a20f9,c0c188c4c2eaf81c
plantvillage-2016,raw/color/Potato___Late_blight/33b849d5-ec92-4acb-88e6-530accf22734___RS_LB 4994.JPG,1,potato_late_blight,train,1201,ca3a55a5371983c6bc1046d0d2b9268103bf70f1,80c0988482c3f2f0
plantvillage-2016,raw/color/Potato___Late_blight/33baf253-755d-4e3f-8d52-5caf59d0835d___RS_LB 2867.JPG,1,potato_late_blight,train,1202,67e34d1ec7e45663e34daa038b83183e9bd4ef62,3e72e6c79cfcc080
plantvillage-2016,raw/color/Potato___Late_blight/33fa45a7-e6ff-4e75-9c6e-28570fdfedb6___RS_LB 3054.JPG,1,potato_late_blight,train,1203,a38d8e6250f8a76a40f14a75f17595e2bf69ce02,1838c8981ca8a080
plantvillage-2016,raw/color/Potato___Late_blight/3456a2d1-59d1-4111-9cc8-16a6b12e973e___RS_LB 5249.JPG,1,potato_late_blight,train,1204,d95ce7055848538696127351ee0d3c715c2ba2ac,71f8da9f9fddf9f3
plantvillage-2016,raw/color/Potato___Late_blight/350662fe-0ebf-4e6b-9ff9-6ceaf9d22067___RS_LB 3877.JPG,1,potato_late_blight,train,1205,69bb4cc8f68089f58840f02f02235e01ea24acfd,78c484809cf8f0b2
plantvillage-2016,raw/color/Potato___Late_blight/351386f8-c501-45f6-ab0d-e9c1d1584204___RS_LB 5195.JPG,1,potato_late_blight,train,1206,702b2cb6ca9b543e6789bfe6fec34a7b87c2d194,0e3afacec4c80080
plantvillage-2016,raw/color/Potato___Late_blight/351a1e47-c9b5-4b38-a5c1-b3d390bfe506___RS_LB 4429.JPG,1,potato_late_blight,train,1207,36052458c71d4d6d52b15dcb09c97aca79e7a1be,7e7eeedcd4c0ccc9
plantvillage-2016,raw/color/Potato___Late_blight/35621849-08fd-442a-a94e-139b2657106e___RS_LB 4055.JPG,1,potato_late_blight,test,1208,dc0176edbf4fc39a63c8030f7bc2224b6c151e3f,fffcf2ce9e9ce8ed
plantvillage-2016,raw/color/Potato___Late_blight/357bfc61-bb46-4e77-b9eb-eafdd3af7f6f___RS_LB 3082.JPG,1,potato_late_blight,train,1209,3d93493f7b42bb51246caf102567981edf42df60,00c080c0e0e27038
plantvillage-2016,raw/color/Potato___Late_blight/35c3e2fe-7b97-4137-adc6-aada45306425___RS_LB 4123.JPG,1,potato_late_blight,train,1210,4661db82fd35cd72501798333a4b2ed49377d15e,3170e0c8ccd0d8e0
plantvillage-2016,raw/color/Potato___Late_blight/36555aa6-0ca3-412c-be9f-50f12500861f___RS_LB 3907.JPG,1,potato_late_blight,train,1211,9790e700b20c89f618eb4cab0f18a7717c56438f,9cf4d6983011b0a0
plantvillage-2016,raw/color/Potato___Late_blight/36c25644-54cb-405d-abef-700d24652958___RS_LB 2606.JPG,1,potato_late_blight,train,1212,e55c367f9aa9304fd8da284b952f6a545d6ee8bc,f0e4f2f6cec7ebfb
plantvillage-2016,raw/color/Potato___Late_blight/36d2885d-0bc7-4346-8a13-383e1533a68c___RS_LB 5098.JPG,1,potato_late_blight,train,1213,becd8f2aebca29633087e7834dceeec208d0886b,0060606062b3f818
plantvillage-2016,raw/color/Potato___Late_blight/36d3502f-32cd-4ef9-b63d-575db1c18cf8___RS_LB 4908.JPG,1,potato_late_blight,test,1214,4b3c57d284706d4e1249d8c5664edf489b4088e7,1d78f2ce869edcf9
plantvillage-2016,raw/color/Potato___Late_blight/36f84bc9-df52-44b6-b420-29c3881dea1e___RS_LB 4485.JPG,1,potato_late_blight,train,1215,f8b4010c1a19396f9c8dae78bf6abe72b486e8cf,1040c2c0d0f0e000
plantvillage-2016,raw/color/Potato___Late_blight/36fc1631-634b-42d3-a865-cc858557a8a8___RS_LB 4427.JPG,1,potato_late_blight,train,1216,8abe4c5d2048591f841162a42caf7e63932108ba,3cf0f8d082d4e0e0
plantvillage-2016,raw/color/Potato___Late_blight/37075adc-dd51-4a5b-8a6c-0649cb98516b___RS_LB 2678.JPG,1,potato_late_blight,val,1217,7d592a22a587d1a6997041bd3920a2e4bb89eb4b,e3f0a4ccd6dcf070
plantvillage-2016,raw/color/Potato___Late_blight/377e9523-f375-4c0c-9d66-5abf2abfaefb___RS_LB 2504.JPG,1,potato_late_blight,train,1218,2a07e8607ebdb6a4ddb797c4c2b7ada09615eeb8,31f090042c280000
plantvillage-2016,raw/color/Potato___Late_blight/37ac120b-240a-42fc-839c-90c6dea13d85___RS_LB 5214.JPG,1,potato_late_blight,train,1219,e67c619b1d85c50696dd6c55d27b349a70fe922e,fc7cfafebe8cd9f3
plantvillage-2016,raw/color/Potato___Late_blight/37c1e3d4-e54b-431a-b370-2a506b6026a2___RS_LB 4461.JPG,1,potato_late_blight,train,1220,7de78579bcebbdd1a06c4ff4016ac752bd79e454,81b9e4c0ee621e04
plantvillage-2016,raw/color/Potato___Late_blight/37c47f95-2216-4f78-87a1-504b198a4f4c___RS_LB 4327.JPG,1,potato_late_blight,train,1221,9fdc49f21d2ba08fa3236a3f6ca8508c02c0c94f,fbfcfc9c8c89c3ff
plantvillage-2016,raw/color/Potato___Late_blight/37dbf454-f189-4fae-a9e7-a088e7be3f2e___RS_LB 4530.JPG,1,potato_late_blight,train,1222,c80f582376512dc6558b4b7a7c3ce8d51b7b2545,5c38b6aeacace8e1
plantvillage-2016,raw/color/Potato___Late_blight/3888aab7-b07f-439b-80cc-c7f49004a67c___RS_LB 4156.JPG,1,potato_late_blight,train,1223,11b17c632f178b23cb13f1e964d8caea447206e4,f8e4e4e6e6d8f839
plantvillage-2016,raw/color/Potato___Late_blight/38c1c136-d91d-4527-aa8f-623a574a41d9___RS_LB 3042.JPG,1,potato_late_blight,train,1224,24ea1c3eb37ec56fa80e8251dc69a7ca57026d11,c2b08848c6c6fe3c
plantvillage-2016,raw/color/Potato___Late_blight/38d82b6e-16ec-4ac6-b42f-29ff524b4e43___RS_LB 5269.JPG,1,potato_late_blight,train,1225,0563557557ff336de65f2d0d9271834b157cafc8,bffef6d694b8b1e3
plantvillage-2016,raw/color/Potato___Late_blight/38e8e3d1-7c0e-4d66-a926-79538ceadf07___RS_LB 4130.JPG,1,potato_late_blight,train,1226,aaca023bbffcaf7c9be17ba4015864564cc4fdb2,3864ec9cb8b8b0c0
plantvillage-2016,raw/color/Potato___Late_blight/38f1a80d-6961-4763-ada2-7504f388cf2d___RS_LB 3217.JPG,1,potato_late_blight,train,1227,46a48c08b8b6780c1ed59b8e3e11ca4508388000,79e8c8c8c8e87031
plantvillage-2016,raw/color/Potato___Late_blight/38fa4c3b-0541-4d14-80e7-84a1153b9e5f___RS_LB 4713.JPG,1,potato_late_blight,train,1228,2c6da3357dd9b297386bbeb757a5164435a6c25d,f0f8cc9c8c3c30f0
plantvillage-2016,raw/color/Potato___Late_blight/3a0033d6-2efc-4926-a9eb-3969d815d630___RS_LB 5144.JPG,1,potato_late_blight,train,1229,cdc445a3a54bd3e7725c2fc988e8b1c555f47a1b,1e32e6d88c9c8881
plantvillage-2016,raw/color/Potato___Late_blight/3a728bc7-b08d-4a11-bb49-b25d803c3336___RS_LB 4074.JPG,1,potato_late_blight,train,1230,8ad8362a219331aded54b32803d2c44b9a67227d,0ebef2dc8c90d0c0
plantvillage-2016,raw/color/Potato___Late_blight/3b241fa8-12f2-4c80-afe2-0a4cdc8f34a1___RS_LB 5138.JPG,1,potato_late_blight,train,1231,d2d2fbd015bc282526172dc4d65459ccc26b620e,70c8a0909a82ccc0
plantvillage-2016,raw/color/Potato___Late_blight/3c20c90a-788c-4d06-acdb-107f695d901b___RS_LB 4856.JPG,1,potato_late_blight,train,1232,d417af559389d8a3bd3c57a40f5f670579a14e09,93c1f8f4f0f8fc3c
plantvillage-2016,raw/color/Potato___Late_blight/3c5e5bd4-e805-44b4-a030-51ee6bb1cef6___RS_LB 4139.JPG,1,potato_late_blight,train,1233,56a93d7306a90d4b803e903fe8185b5dacf099e0,3c77c6ce9e9cb9d8
plantvillage-2016,raw/color/Potato___Late_blight/3cfeea97-88e1-42e6-b760-0fa125613e9c___RS_LB 4406.JPG,1,potato_late_blight,test,1234,c6192d35cd5d9c88dd37a7a461b35ce193f352ec,e7f1ccc8f0f0f274
plantvillage-2016,raw/color/Potato___Late_blight/3d4b41e8-18f8-400a-a961-82731c6ac4d5___RS_LB 5157.JPG,1,potato_late_blight,test,1235,01749dbbe276a190cc1b63c63adf094c0da51b96,9b9c9ccfc7e7fafe
plantvillage-2016,raw/color/Potato___Late_blight/3d4ddc33-b13b-4f7e-8689-1cf82532ef8e___RS_LB 3162.JPG,1,potato_late_blight,val,1236,34889ba57108c59e17144442b397d8144ed55318,30c8cc9404080180
plantvillage-2016,raw/color/Potato___Late_blight/3d544e81-b7f3-4853-bb65-c78b125d1a6a___RS_LB 3238.JPG,1,potato_late_blight,train,1237,0ac4d8821068a07896f88260dc28ada8709361a5,63e0d0ccccdcd8f1
plantvillage-2016,raw/color/Potato___Late_blight/3e379b4f-29dd-4f14-86e6-11fa37cf3ae9___RS_LB 4789.JPG,1,potato_late_blight,train,1238,5725aa5fe3762ccde6d9c46aa9be808ea74c2a25,62e03c3e0e8ec8d0
plantvillage-2016,raw/color/Potato___Late_blight/3e81c41f-5b6b-4458-8aa8-6a544a8e678c___RS_LB 4963.JPG,1,potato_late_blight,train,1239,2b99b3463fb2cedc773cf509cc3fda75984b4329,63e1c0ce97dfff3e
plantvillage-2016,raw/color/Potato___Late_blight/3f0fd699-1ce7-437e-a899-662a51d59974___RS_LB 2904.JPG,1,potato_late_blight,train,1240,cf941cb8676b72d2818664265f4bc29b3caf7f88,c0c018088ac66638
plantvillage-2016,raw/color/Potato___Late_blight/3f24e6f6-ff9f-4416-9fce-b8153a030de2___RS_LB 2730.JPG,1,potato_late_blight,train,1241,10f0de1051fd55ea543da8977b07059be038d88d,3070e0c08090c0e0
plantvillage-2016,raw/color/Potato___Late_blight/3f2d7c62-8d58-4a40-9df4-0ab3497b13b9___RS_LB 4487.JPG,1,potato_late_blight,train,1242,e5f8bb1a52476554bacb401b098393af812246f5,febcbc9d1c3c38f7
plantvillage-2016,raw/color/Potato___Late_blight/3f30c40f-105b-4ce7-a376-d2e6f4681e3b___RS_LB 4921.JPG,1,potato_late_blight,train,1243,ea69a14e1a3020d59bee4751815bb0e4e5570315,87b198cce466363c
plantvillage-2016,raw/color/Potato___Late_blight/3f3bd8d4-82d4-456c-a3fc-068a63710d52___RS_LB 4971.JPG,1,potato_late_blight,train,1244,238127a36e9bd0556ce473f9ba706fe59c1bcedb,0e1c74c6c4c0c0c0
plantvillage-2016,raw/color/Potato___Late_blight/3f624c56-6bd1-4e7e-8fcd-d6b4480abe12___RS_LB 5215.JPG,1,potato_late_blight,test,1245,5361264855783f4757d85e08f21b6f2fad0fd418,c7c1e8f4d6f7fdfd
plantvillage-2016,raw/color/Potato___Late_blight/3f6bce87-fb66-44fb-8e76-e282af4869b9___RS_LB 3013.JPG,1,potato_late_blight,train,1246,1f86134655f86e73d050d41fd0a1fbd57033fd2f,80808c8c0c888c7c
plantvillage-2016,raw/color/Potato___Late_blight/3f6db123-4a6e-4b8a-9b26-954ccf29cc3c___RS_LB 4695.JPG,1,potato_late_blight,train,1247,214808862e74e92fdfdb86b0fb6c4d1321eeb833,3070f8bcb4b4e0e1
plantvillage-2016,raw/color/Potato___Late_blight/3f7f719f-9849-47c5-8f79-0384a64f8e8f___RS_LB 2862.JPG,1,potato_late_blight,test,1248,01a5a73c591b69f213f3a132f12fbcb7f68c400e,00cc88cecc484040
plantvillage-2016,raw/color/Potato___Late_blight/40285dce-33de-4a59-82f4-2eb1d6d38469___RS_LB 4929.JPG,1,potato_late_blight,train,1249,1b32321d262ba220ab27d193e8d35dc6169b7f8e,1e7eeecc9cd8b0e0
plantvillage-2016,raw/color/Potato___Late_blight/4043044d-1e8d-4861-9152-99660fdffa9e___RS_LB 4438.JPG,1,potato_late_blight,train,1250,bc2e3a60333f427a88a72f40444a41917d5ec3e4,fefef7fcf8f8e1ff
plantvillage-2016,raw/color/Potato___Late_blight/410cba02-24db-487a-a30c-fc7cefba924b___RS_LB 2571.JPG,1,potato_late_blight,train,1251,26f780866df285a563ebbd54b93fe94f1212226e,70e0cc9c909498c0
plantvillage-2016,raw/color/Potato___Late_blight/418e398c-d710-4682-af82-82f1e8822311___RS_LB 5218.JPG,1,potato_late_blight,train,1252,1f13dfffa53eb7324d050513be21df7d62e1aedf,041e728604089020
plantvillage-2016,raw/color/Potato___Late_blight/41e3b4c0-7aec-4d49-a84c-f37ed2637407___RS_LB 4377.JPG,1,potato_late_blight,val,1253,d8c8ac1be9c3916a4b30391b3335c80ba7fd9ff7,dfc198ecf4f87838
plantvillage-2016,raw/color/Potato___Late_blight/420b4d84-d621-4a64-a8bd-30042f1a6609___RS_LB 2778.JPG,1,potato_late_blight,train,1254,3392217d503d75103df5e7e906b3356b79524505,f9ecc48c9cc6e4e8
plantvillage-2016,raw/color/Potato___Late_blight/4215b9d5-c554-4249-80e1-aeaf2106e966___RS_LB 2977.JPG,1,potato_late_blight,train,1255,0b96d22a18d002958a0bac0310f5d5a64909caef,30c0c8c4c6c6ece0
plantvillage-2016,raw/color/Potato___Late_blight/42451eb3-fb45-4b9a-8dd3-c9b9aa3a29c8___RS_LB 4340.JPG,1,potato_late_blight,train,1256,7b605b55c13e76f163f03c10ee5264bab9892aeb,2472e1e1400dc0e0
plantvillage-2016,raw/color/Potato___Late_blight/42b19bb3-68b6-4c46-a626-f7480718360a___RS_LB 4686.JPG,1,potato_late_blight,train,1257,d46ef07ffcfa3081b542d6f87a4aa85e1930ae52,0c3c3c7078d8d0c0
plantvillage-2016,raw/color/Potato___Late_blight/42bc0da9-199f-428f-854c-a9b05c57aa75___RS_LB 2770.JPG,1,potato_late_blight,train,1258,c74653b65ed19671d3becf271a1d61a9aea3ead8,38f0ca9b9e9cd8c0
plantvillage-2016,raw/color/Potato___Late_blight/42cd0719-199a-40a8-aaa0-228bb80e1832___RS_LB 4440.JPG,1,potato_late_blight,train,1259,acc2df3bf592aaf690a77b9bae5750fb3e27db77,7771f8dcc8cadcf8
plantvillage-2016,raw/color/Potato___Late_blight/430b0d0d-c0aa-4e5b-9826-34251466f735___RS_LB 4718.JPG,1,potato_late_blight,val,1260,695e7426b5e3d68f3ff8e530095837f385d5e25e,0e3ee2cc9838e0c0
plantvillage-2016,raw/color/Potato___Late_blight/4324e62b-d7e0-4caa-a417-5eb3dd8712ee___RS_LB 5452.JPG,1,potato_late_blight,train,1261,45cabd8c4a57a50d4b5d5916be533fa9e71374c5,f3f1f8e6faf9ecfc
plantvillage-2016,raw/color/Potato___Late_blight/4337f628-ff14-4603-9120-8639c78cacea___RS_LB 3183.JPG,1,potato_late_blight,train,1262,abc315af092b303a188094d0e6b7180dd2848516,e3a0ccccc6c2f03c
plantvillage-2016,raw/color/Potato___Late_blight/43396f0d-f05b-4dce-a209-9edcbd62d39c___RS_LB 4407.JPG,1,potato_late_blight,val,1263,a0815ee3923ce6e383ee243a9436ad736d61ed3f,8040308484e07810
plantvillage-2016,raw/color/Potato___Late_blight/4358aa91-bce4-4788-a39f-1e1e4810bd51___RS_LB 3047.JPG,1,potato_late_blight,val,1264,77e1c533273ba01aff6304e8a4735b2a22225ccc,0c1c3464c4c4c880
plantvillage-2016,raw/color/Potato___Late_blight/437640c6-1680-4d1b-aa0b-c1dd52aa13a5___RS_LB 4926.JPG,1,potato_late_blight,train,1265,4d20ab9571327080e27cef2d50644a67d59be63e,f8fccece8edee8f8
plantvillage-2016,raw/color/Potato___Late_blight/43dde1e0-8c73-45af-8fbf-d500e450a154___RS_LB 3270.JPG,1,potato_late_blight,train,1266,dd848ffe0395e0870795095902d29caa1c7c2537,80606010c8603818
plantvillage-2016,raw/color/Potato___Late_blight/440adc9e-3f21-4373-ab9a-ed003c3588f3___RS_LB 4152.JPG,1,potato_late_blight,test,1267,161206324747aec00052a437b33a2160e2e99a09,d7c0d8cecef7fcfc
plantvillage-2016,raw/color/Potato___Late_blight/44112cb9-7423-4983-bb9a-cb32e3ea9ac3___RS_LB 2793.JPG,1,potato_late_blight,val,1268,5a35fb0aa8ff85511ea92a8dc00a5039eb3d1de9,106064e4a04030e0
plantvillage-2016,raw/color/Potato___Late_blight/44722935-fb60-4ecf-8503-f8258aa4e3e7___RS_LB 3225.JPG,1,potato_late_blight,train,1269,5d934478486f9dc0daea3751f65bca839455d726,1afa981818182080
plantvillage-2016,raw/color/Potato___Late_blight/447c4811-7ed2-4576-81b4-2f67c8993db7___RS_LB 4137.JPG,1,potato_late_blight,test,1270,948ed971dfa180cdd61ee01e01ae4adedc79a22a,1f43513c0e82f1ff
plantvillage-2016,raw/color/Potato___Late_blight/456f2c6a-a8c8-4dac-9de1-73668e39cd01___RS_LB 3008.JPG,1,potato_late_blight,val,1271,aad15ff3a0a665e1c8866f85730944c40612ef65,faf1f9c9aff2f0f1
plantvillage-2016,raw/color/Potato___Late_blight/461f1af8-a71f-446d-b59c-b7f31dde1c74___RS_LB 2833.JPG,1,potato_late_blight,train,1272,d877df1fa22947bf921a4f99327491d0b6d4f094,c3f1f0d2dbfffdf8
plantvillage-2016,raw/color/Potato___Late_blight/463e8a94-a7e6-4604-a29c-2187500b2318___RS_LB 4244.JPG,1,potato_late_blight,train,1273,47a792d869adc9d0cd656d1ceb98d3c34fc9cb6a,cec0e0c0c266767f
plantvillage-2016,raw/color/Potato___Late_blight/465165a0-33c0-4593-8324-03513e71079d___RS_LB 4445.JPG,1,potato_late_blight,train,1274,9c633c8a743d9e7af764bf5cb7d34c39ce79f5c4,0e0ec68202000000
plantvillage-2016,raw/color/Potato___Late_blight/465669d7-b75c-4aab-8ccc-af3566baf2e3___RS_LB 4985.JPG,1,potato_late_blight,test,1275,72c8ab7b660d33e19c5440b05dcd9af7a193e2c0,b1f1e4e4a4c4e030
plantvillage-2016,raw/color/Potato___Late_blight/4664efe7-50ae-4a32-b818-2ec7f3881471___RS_LB 4478.JPG,1,potato_late_blight,train,1276,ef14be090b967c9632f66e6ca1e19eb7bef2c56f,263c786cfcf8f8f0
plantvillage-2016,raw/color/Potato___Late_blight/468629f7-6ca2-4823-9a39-d42b4d92c4bb___RS_LB 5312.JPG,1,potato_late_blight,val,1277,ad66d022054db9eedf40dcc0371b0dfd68ebaa3b,78f0e68e89dbdce3
plantvillage-2016,raw/color/Potato___Late_blight/471fd810-047d-4c87-933b-14c8b46d4b20___RS_LB 5450.JPG,1,potato_late_blight,test,1278,b788f8b9fbf96d99ee05e09d96da3620938fa49a,8080088cc2e2e838
plantvillage-2016,raw/color/Potato___Late_blight/4885a2b1-fc77-4b1a-ad55-3fa4b3fe4e1e___RS_LB 4425.JPG,1,potato_late_blight,val,1279,4a5e56095475f1a96d8268fd21ea1eaac14dc1b5,f1f1fcbcb0a1c6f8
plantvillage-2016,raw/color/Potato___Late_blight/489107b2-13f2-401b-b931-39ca7fd4be2b___RS_LB 2665.JPG,1,potato_late_blight,train,1280,c9f9cf98733e22e454d4015a5db6f35a78b046ae,71e8ccf4b2a6e4f8
plantvillage-2016,raw/color/Potato___Late_blight/48f93953-2de7-4724-9c7b-69dc13a47759___RS_LB 4977.JPG,1,potato_late_blight,val,1281,38d443c15a7e92e51ac9c40d40c100d62b81fa1d,65f1f09b9b9bfbf2
plantvillage-2016,raw/color/Potato___Late_blight/49835c13-105d-4afb-95dd-b4ee15f3d287___RS_LB 4099.JPG,1,potato_late_blight,train,1282,7d6474e8f81cf69c30b0c4244d5ccef0ef3ef386,3070c88c8c845001
plantvillage-2016,raw/color/Potato___Late_blight/49d18379-215d-427e-8662-9cde649d4a33___RS_LB 3163.JPG,1,potato_late_blight,train,1283,91b7f7e3e44f1472bee1cc3ca2d7b9d0eb83ef0c,808080c0c8623018
plantvillage-2016,raw/color/Potato___Late_blight/49e55f8e-4d44-452c-8e59-d4c4f0ae1085___RS_LB 4333.JPG,1,potato_late_blight,train,1284,7de384f9b9ddb7675331f98a440bd3404c9ff5f6,f98c1e3c7cb8a8e0
plantvillage-2016,raw/color/Potato___Late_blight/49ffd4fb-07ef-4377-9f14-3648deaa8dd2___RS_LB 4453.JPG,1,potato_late_blight,train,1285,de5c0815e6b540d89bd25f79becf79eaca3d578f,ef77d5d8f8e2ccd8
plantvillage-2016,raw/color/Potato___Late_blight/4a34ce1c-9fde-4707-947a-58432a695741___RS_LB 3277.JPG,1,potato_late_blight,train,1286,3b05214c64fe78dfe7584a4d6b14b3778b66a99d,80903018888ec238
plantvillage-2016,raw/color/Potato___Late_blight/4a5c555b-3f00-4553-b6a4-3be268969d7f___RS_LB 4323.JPG,1,potato_late_blight,train,1287,8d53e369808c511cfc90b8f2fa4447df0cd5c4ff,effcecece8f8e1e1
plantvillage-2016,raw/color/Potato___Late_blight/4a911e79-f9c0-4ba1-aa80-567d653df61c___RS_LB 4038.JPG,1,potato_late_blight,train,1288,9c0c891a8a9fe2494af2c042c3d4d15d8b2cfed4,1c7cf4c6848cd0e0
plantvillage-2016,raw/color/Potato___Late_blight/4ac84ca7-f60a-406e-938d-40f4ba5b75ce___RS_LB 2731.JPG,1,potato_late_blight,train,1289,97186797763a7873fbab199e07537fcf7b588187,386ed8f0b4e4c0c1
plantvillage-2016,raw/color/Potato___Late_blight/4afd8bf6-0e1e-4a85-a576-1e8995c88d5c___RS_LB 2505.JPG,1,potato_late_blight,train,1290,f00e728583f89d4a7feb5b161563cdbd8e004dd1,3ce8989e0cb8b000
plantvillage-2016,raw/color/Potato___Late_blight/4bccc3ae-4246-48f8-9c07-f4a1d5856314___RS_LB 2760.JPG,1,potato_late_blight,train,1291,655341becd5333a04e9d2eaf5f2b52e97e0e6c82,fcfef8f9f3baf8c5
plantvillage-2016,raw/color/Potato___Late_blight/4c846678-1c22-4734-b2bf-fb774bf3bb13___RS_LB 4090.JPG,1,potato_late_blight,test,1292,af6f5153d3593f9eb87c2fa4612041a73f54eef1,e1c8c8c8c8c4e870
plantvillage-2016,raw/color/Potato___Late_blight/4ca06863-f89b-497c-bd3a-9bca78f02942___RS_LB 3088.JPG,1,potato_late_blight,train,1293,1794a94cddeb014876490b91c168f18343b3c9e6,1c78b01c142c88c0
plantvillage-2016,raw/color/Potato___Late_blight/4cc2dba7-6871-481d-8989-07ea683e58b5___RS_LB 4979.JPG,1,potato_late_blight,train,1294,b0117ca37663542e44f26910698c426993955607,a1e0e4e4d6d2622c
plantvillage-2016,raw/color/Potato___Late_blight/4cd2f7ef-e3aa-4b2a-b382-6fea00bfd070___RS_LB 5006.JPG,1,potato_late_blight,val,1295,ae4e66c67534039ed3e1ddaf8460f5a6d9c48b88,7c78e4ccc89181c3
plantvillage-2016,raw/color/Potato___Late_blight/4ce7142d-29a5-4fa0-8559-f9a2e6a3f62d___RS_LB 3189.JPG,1,potato_late_blight,train,1296,783ff1f636ef61225a99c2cce1837526f7397ffd,3370e4c68e9eccf0
plantvillage-2016,raw/color/Potato___Late_blight/4d085c80-4d57-4377-8fb3-eab3a25e5f5c___RS_LB 3060.JPG,1,potato_late_blight,train,1297,2c96e656f4741b9667e09a9ad256c049ae3fcade,1874961e1838a0c0
plantvillage-2016,raw/color/Potato___Late_blight/4d213f48-e73a-45bf-badd-ead51dda60b4___RS_LB 2981.JPG,1,potato_late_blight,test,1298,2105455b1068ed68d2818b349ebe60912f584e46,3f7efeece49cb9f1
plantvillage-2016,raw/color/Potato___Late_blight/4d56ef9d-bc69-489c-92de-d2fad01d762d___RS_LB 3890.JPG,1,potato_late_blight,train,1299,9380c703f79368c711a2cf95075247f08b643719,0b87808090e2f8fc
plantvillage-2016,raw/color/Potato___Late_blight/4d96b41e-8e2e-4a0d-b9a2-0ab8456e4074___RS_LB 3893.JPG,1,potato_late_blight,train,1300,4ff26ef8ffa1efa97c589d31db1453b9b6ee59c7,c0f0fcdedecd7f18
plantvillage-2016,raw/color/Potato___Late_blight/4eaf1f96-f7f4-4a92-ba67-0147de20ab72___RS_LB 4830.JPG,1,potato_late_blight,train,1301,4dacc4630aa2e7a5a9c827c7c7ff92d2a797ef82,85808c8787c77bbe
plantvillage-2016,raw/color/Potato___Late_blight/4f138229-2f00-4374-9c16-3732660bf011___RS_LB 4105.JPG,1,potato_late_blight,train,1302,466c6d5b785b601a346aeb4d5ec6aed0d104d6fd,60e0c0cc8c8ccce8
plantvillage-2016,raw/color/Potato___Late_blight/4f249e3b-92a0-43e5-a70d-fe3045630437___RS_LB 3913.JPG,1,potato_late_blight,train,1303,b966a24ef75cc0da54002756ef7d6d6ab28e388d,f8f4ccceccc8c0a7
plantvillage-2016,raw/color/Potato___Late_blight/4f41de6a-c118-4296-a753-963d1427323c___RS_LB 4561.JPG,1,potato_late_blight,train,1304,7b7eb8efffea5b96a9bbe5f31ab9c911830404f3,e3e1d4c6ceccecfc
plantvillage-2016,raw/color/Potato___Late_blight/4fbe268d-dabb-4a25-8283-7968fd91fcdb___RS_LB 4819.JPG,1,potato_late_blight,train,1305,5b04bf1474274f9247c56a9e8576f49f9dfc5f1a,3270ecec8e88c071
plantvillage-2016,raw/color/Potato___Late_blight/50abdfe1-411f-4afe-8f78-1ffb7816792f___RS_LB 2694.JPG,1,potato_late_blight,train,1306,45f8a628f8116f7b0ff4471daf605faf6291235f,70d0b8286c0e9ccc
plantvillage-2016,raw/color/Potato___Late_blight/516099d5-5399-4d6e-916d-014a84a02a18___RS_LB 4118.JPG,1,potato_late_blight,test,1307,91909aa2bd9bf01d21859bdc0262ca2894c1e350,3c64c296869c8080
plantvillage-2016,raw/color/Potato___Late_blight/51a85617-5433-4a07-b822-fa1975cf76b1___RS_LB 4778.JPG,1,potato_late_blight,train,1308,2360995e275251ffe28480f690494ea95f0b2fd6,404020a082e07238
plantvillage-2016,raw/color/Potato___Late_blight/51eb7a7a-99b4-47c4-be2f-2de9f4e5e985___RS_LB 5182.JPG,1,potato_late_blight,train,1309,63eadfda1b7e228537612f92f323030ff890e9d6,3170e2e6e6e06060
plantvillage-2016,raw/color/Potato___Late_blight/520c0e9a-1ba4-44fa-aa60-dcdf018a00b3___RS_LB 2850.JPG,1,potato_late_blight,train,1310,5b2df22847ae39d9154d34de2ef7b2c1ebc1faa6,78e0de968cc0e0e2
plantvillage-2016,raw/color/Potato___Late_blight/523537e5-5795-40f6-ad49-9394aeca3f2e___RS_LB 3848.JPG,1,potato_late_blight,train,1311,2f831be8a891a5c18c78b1fc943540653d2cd65c,fef2e2c2c68890b4
plantvillage-2016,raw/color/Potato___Late_blight/5239c829-457f-4e6c-b0af-ef5f58abddd0___RS_LB 5329.JPG,1,potato_late_blight,train,1312,be8d1f2b5d64836eed35d1c359f880fa81bf4618,c7e0de9fcde7f3fa
plantvillage-2016,raw/color/Potato___Late_blight/525c5249-eccb-4c23-b5b7-e9d103857432___RS_LB 4077.JPG,1,potato_late_blight,train,1313,14ecbe263cb84329af6bd94709092338b648b2c4,0000082888c07818
plantvillage-2016,raw/color/Potato___Late_blight/52c6891d-e627-4ebf-a080-3e8051531f5a___RS_LB 4092.JPG,1,potato_late_blight,train,1314,deafbc0b3bb553e40465d017a322c0edcd99e615,1e7ce6c4c8c8e0e0
plantvillage-2016,raw/color/Potato___Late_blight/530d9a52-266a-49ca-b0d0-a430acac0011___RS_LB 5054.JPG,1,potato_late_blight,test,1315,7642125b43253863edc4f8baa58d906747992a4f,9c3ce0e2c4d0c0a1
plantvillage-2016,raw/color/Potato___Late_blight/5318452f-222d-4abc-b39c-55fa6c26a82a___RS_LB 3063.JPG,1,potato_late_blight,train,1316,b7e303d5bf4ca19ade1ccdc5e1245574e97d8589,f8f2fbdb9787cefc
plantvillage-2016,raw/color/Potato___Late_blight/531a9b98-e034-4a76-81f0-55f597552f6a___RS_LB 5021.JPG,1,potato_late_blight,train,1317,d3a8bae57e65a6bb955e4d5a6fae0eac431124eb,f9fcecf89a9cc0f1
plantvillage-2016,raw/color/Potato___Late_blight/53367bb0-3f38-4c90-a71d-05592341e4aa___RS_LB 4149.JPG,1,potato_late_blight,train,1318,6e5db9576129d4598415b9e0567cf5e4399b4da8,0080909ccce4f838
plantvillage-2016,raw/color/Potato___Late_blight/53b09253-988e-4a22-966c-b5a03ed6bc44___RS_LB 2924.JPG,1,potato_late_blight,train,1319,0dc005416e4d76df98571f2ce15f79335da05165,61e0c0c4c6e6a0c0
plantvillage-2016,raw/color/Potato___Late_blight/53e33b6d-9fc5-441b-b638-3bf067f92a99___RS_LB 2753.JPG,1,potato_late_blight,train,1320,2cd4c3a45717e21b01c1daed2a7bbde192c2d349,a194c3c3c3e3f3fe
plantvillage-2016,raw/color/Potato___Late_blight/541591d3-3560-4540-ac2c-9749936e80ae___RS_LB 2553.JPG,1,potato_late_blight,train,1321,7dea2238921f2c0346b1e95d9d1aa06a4ab3a949,79e0dc9afafcf060
plantvillage-2016,raw/color/Potato___Late_blight/542c1489-0040-4867-acb3-82f73249e2f8___RS_LB 4592.JPG,1,potato_late_blight,train,1322,88b02f0021b268c31c6722d152c0e97d03acedca,0040682c0c94e030
plantvillage-2016,raw/color/Potato___Late_blight/546fcdf5-862b-42fb-931d-a51a85dc843c___RS_LB 4403.JPG,1,potato_late_blight,train,1323,88b2572ba2fee87a55cbeb89b9f5a5af8c6ae922,e8d8d2929998d8e0
plantvillage-2016,raw/color/Potato___Late_blight/547d3544-5e37-484b-a853-254376c49081___RS_LB 2556.JPG,1,potato_late_blight,train,1324,bbd40e2bdee14786929138bba0c75b881c696266,0c78c2a08480a080
plantvillage-2016,raw/color/Potato___Late_blight/54ed9ec4-c9db-46ff-9a9b-1ebdea084b18___RS_LB 2984.JPG,1,potato_late_blight,train,1325,4f12ad1c7f8a6aaf42486838a3b24480a499d390,3c78ccd46c2020a0
plantvillage-2016,raw/color/Potato___Late_blight/551f74c9-3212-4a08-8f5e-a101b4195e1e___RS_LB 2593.JPG,1,potato_late_blight,val,1326,0558ed828efdffbd39fa85971f041e5126ebf96a,1e3cfee6b286d8f0
plantvillage-2016,raw/color/Potato___Late_blight/5551d3fa-ed55-46df-8a35-b3c53ffdcd31___RS_LB 4138.JPG,1,potato_late_blight,val,1327,65a9523fedcacd437c3f732921a61f99e1103e4b,f8ecdc8c9c9e96ef
plantvillage-2016,raw/color/Potato___Late_blight/5576794b-902c-4df2-ae8d-da30faa37d5d___RS_LB 4443.JPG,1,potato_late_blight,train,1328,76f10615957567c0aa0180d43c168269eb951927,fcfce2d8dcd8b8fb
plantvillage-2016,raw/color/Potato___Late_blight/55987838-6174-4182-be76-78ddd50890fb___RS_LB 4714.JPG,1,potato_late_blight,train,1329,2e9e4dfcaee7b83e13aae730beade9da234c0032,1032c28c2c606060
plantvillage-2016,raw/color/Potato___Late_blight/55c87fde-32cc-474c-a25a-1846d39aa6f4___RS_LB 2683.JPG,1,potato_late_blight,train,1330,3373dc85429f00eef6798668a820a06983a31ec9,f1c8a6e6c7d770f0
plantvillage-2016,raw/color/Potato___Late_blight/55ed5831-c628-4352-87a8-13077705fb9a___RS_LB 2872.JPG,1,potato_late_blight,test,1331,0914c3b71429c5d3d2326ffc159dd3dc9ef484d3,fce6c7c38383e3f7
plantvillage-2016,raw/color/Potato___Late_blight/55fa97d3-71b6-4487-9757-f9195f97ba5a___RS_LB 4047.JPG,1,potato_late_blight,train,1332,6562ee359dc91a4617001f75b6f8c19c3537e8f5,8020381c9ae27400
plantvillage-2016,raw/color/Potato___Late_blight/5609c5d1-b66b-4dba-863a-5b3aab384151___RS_LB 3303.JPG,1,potato_late_blight,train,1333,73342635bf2cc97965d097f50e7a0c546321de82,38f0e0e0c0c0c0c0
plantvillage-2016,raw/color/Potato___Late_blight/563f8e2a-0a5f-4920-aee5-ad98269c8144___RS_LB 4798.JPG,1,potato_late_blight,val,1334,04a17076744268eaedb98c5b3e16fcaa5367e294,e3d9c8e8f27078ff
plantvillage-2016,raw/color/Potato___Late_blight/5674826f-aeb6-4142-809e-ea9e4fd391c3___RS_LB 2940.JPG,1,potato_late_blight,train,1335,09fd8278b48321d036be33075a28867a3c20ff6c,06eecacc4c680000
plantvillage-2016,raw/color/Potato___Late_blight/56aa566a-41be-4109-91bc-0cc99c385b7f___RS_LB 3843.JPG,1,potato_late_blight,train,1336,6d275ba205b0511d0132c9ac9e2e6c81d96dcbeb,f0f8f0e2969ecc78
plantvillage-2016,raw/color/Potato___Late_blight/573c1cb5-fb43-4b19-886d-638a87bc134b___RS_LB 4007.JPG,1,potato_late_blight,train,1337,02d66664900a1b52fdfb98372c4f4a472d7cd369,fc7cf2e6e6e6e4f1
plantvillage-2016,raw/color/Potato___Late_blight/57462a7c-a8f4-4b99-b312-a8b6e6a0e6f0___RS_LB 5330.JPG,1,potato_late_blight,train,1338,1b807818367333c3bff441d5e0c35a21728d00eb,1e76e6c68c9cb0e0
plantvillage-2016,raw/color/Potato___Late_blight/5759c134-1965-4dd2-b71a-4eef4048f962___RS_LB 3975.JPG,1,potato_late_blight,val,1339,a50a9629d12474b4e4b634b1f2e77cd9f816ac7f,f0e2ce9c80a0a1e3
plantvillage-2016,raw/color/Potato___Late_blight/57980690-2488-4715-ae89-84e84d17ee10___RS_LB 3978.JPG,1,potato_late_blight,train,1340,23eaac4fe75f67b758f53517d8ad3b0b9243d579,463e77eddd9dd6f0
plantvillage-2016,raw/color/Potato___Late_blight/57a137da-7424-4a9d-9e28-bce63decbdcf___RS_LB 2761.JPG,1,potato_late_blight,train,1341,ef16aa8a704f5f977a100abe323dd3f21044c8d0,83e0e6f1fbfbfffe
plantvillage-2016,raw/color/Potato___Late_blight/580e8c49-3b1c-46d2-b3f4-68f0b3de0d77___RS_LB 4063.JPG,1,potato_late_blight,test,1342,0179dfdee2b90107ba8ce382133eb207f6429316,50f8eccce4c4e4f0
plantvillage-2016,raw/color/Potato___Late_blight/58334b81-9aab-4b5c-b655-f7078a81135b___RS_LB 3846.JPG,1,potato_late_blight,val,1343,09d3cccd0ae0bbdd831cf91f38a232d9ad4d68af,b0f8fcdc9c8cc0e0
plantvillage-2016,raw/color/Potato___Late_blight/58475c1a-a4c2-43bd-b361-60523b5c62d2___RS_LB 3912.JPG,1,potato_late_blight,test,1344,e33d40fefad825d756fd64bc5b7c73733b5df083,7068cc8e8ec66030
plantvillage-2016,raw/color/Potato___Late_blight/58adb74c-a1b3-4b9d-95b7-f0721c499388___RS_LB 4326.JPG,1,potato_late_blight,train,1345,98019cdd4bb4ecd5769e433a9f4e5a3fbea9eefa,3c78cc8898f0f0e0
plantvillage-2016,raw/color/Potato___Late_blight/58f100f0-490b-4868-95d1-5883fc3432d3___RS_LB 3302.JPG,1,potato_late_blight,test,1346,ce5072e0081b2cee04a428ffb3592f358e5877c1,70f8e2d6c4ccf930
plantvillage-2016,raw/color/Potato___Late_blight/59dcc102-c55f-4a13-991e-8c53db4ce76d___RS_LB 5189.JPG,1,potato_late_blight,train,1347,f2fdb9f7e193aa200313ef53e81056bb46bd8f5e,3a68e0c4c4e0c149
plantvillage-2016,raw/color/Potato___Late_blight/5a2996c9-ed8f-4c8d-bab3-b68a833b7811___RS_LB 4786.JPG,1,potato_late_blight,train,1348,67955dbab4092502911089332b10ad5012261280,6c7cf2dc9ebcf8f0
plantvillage-2016,raw/color/Potato___Late_blight/5a42a288-8be0-4985-9ca5-105f75c8ee01___RS_LB 3275.JPG,1,potato_late_blight,train,1349,b4d2d8b48ec1c7e242894a72ec16ff98ee5a0766,71f0ccdc9cccec7c
plantvillage-2016,raw/color/Potato___Late_blight/5a7127de-28ef-47fb-ba00-4b68bf0d4157___RS_LB 2822.JPG,1,potato_late_blight,train,1350,2fac26e01d9a62a1c778dcea2d585f0dc824db0c,70b8181a0288c038
plantvillage-2016,raw/color/Potato___Late_blight/5ad9dba9-ed81-437e-8d5d-1d6660514462___RS_LB 4439.JPG,1,potato_late_blight,val,1351,d568a4036a746059c515ea3255e3d599bc809c26,7cfab276fcf8f0e0
plantvillage-2016,raw/color/Potato___Late_blight/5b12fde1-fe3a-49fe-8430-479775018322___RS_LB 3071.JPG,1,potato_late_blight,train,1352,4ed625e60904f0286856e0d39b69d5f2e0c6b7a6,1c3c7cf8e0e8a185
plantvillage-2016,raw/color/Potato___Late_blight/5b3de8b6-0690-4a35-ab9d-ef6617c548ff___RS_LB 2925.JPG,1,potato_late_blight,train,1353,b5c757cc9d9fbcf8f0564a0769295f8fd0154340,147464e6e4ac0000
plantvillage-2016,raw/color/Potato___Late_blight/5b816f46-32b8-4a67-9e73-760e3358bd06___RS_LB 3226.JPG,1,potato_late_blight,test,1354,fd0358db6ede1e0de7c829ab655834c5f63bee45,c0c06020308ee838
plantvillage-2016,raw/color/Potato___Late_blight/5ba52ca6-9cd2-4fad-914a-af2f8fea65c6___RS_LB 4740.JPG,1,potato_late_blight,train,1355,6970b0cc9302b8fca8207d83918e6436585cbf98,006048e4e2c26234
plantvillage-2016,raw/color/Potato___Late_blight/5bbebfcc-4e51-47ba-948c-46be12f1c170___RS_LB 2716.JPG,1,potato_late_blight,train,1356,188d4d2c00e2e6589f200fbc37b3017259fffe7c,0c3cf8a808080040
plantvillage-2016,raw/color/Potato___Late_blight/5c1c57f6-6aff-4bba-892e-43ff02311c3f___RS_LB 4046.JPG,1,potato_late_blight,train,1357,911abd77d1cec5ec26fd9f4f19e96c4abb3fca5e,30f0c68c8cd8e000
plantvillage-2016,raw/color/Potato___Late_blight/5c43ce7b-f04a-4d0d-9305-47f0d83125c5___RS_LB 5033.JPG,1,potato_late_blight,train,1358,130573ed24eea0b8247750d43f5641a7983db5e2,3070e6a62c1c98f0
plantvillage-2016,raw/color/Potato___Late_blight/5d1486fa-750f-47ca-a973-abc45ea5b4fe___RS_LB 4281.JPG,1,potato_late_blight,train,1359,5de7bf9dff06bbc13c4241c8f4e206fc9946e6ee,006060303098c420
plantvillage-2016,raw/color/Potato___Late_blight/5d392db5-bf54-41f4-b76b-e3935dfe0154___RS_LB 3133.JPG,1,potato_late_blight,train,1360,eeee98dc3947ff75fa568cd6b285b4bc79149d88,1874d61018302060
plantvillage-2016,raw/color/Potato___Late_blight/5d85a25d-ed5a-459d-89fc-8bc9118518bc___RS_LB 4646.JPG,1,potato_late_blight,train,1361,60236d20a05fb7607303e4c1ce111755eedf4868,e7c9d0dedafafafe
plantvillage-2016,raw/color/Potato___Late_blight/5e0acf9e-2d13-40bb-912c-e32a844fdd78___RS_LB 5292.JPG,1,potato_late_blight,train,1362,20e6f3e0a91bc8929ae5f871076b703a3c858f6a,61f0d4a2a8a4e0e0
plantvillage-2016,raw/color/Potato___Late_blight/5e356292-3046-4967-b1e7-f3e5cf7d0f75___RS_LB 4459.JPG,1,potato_late_blight,train,1363,b486a4045a66fde97b384224812e7a86c96510aa,4391bcb6f261717d
plantvillage-2016,raw/color/Potato___Late_blight/5e8203e5-b699-4d5a-acb5-08a5f06ee984___RS_LB 5291.JPG,1,potato_late_blight,train,1364,b2a9f4006b3819fde7155b8478810df7b0cdd50c,9e7e66c6ceb4e0c0
plantvillage-2016,raw/color/Potato___Late_blight/5e92b00d-92ed-4de5-b3f7-0d14a076cf02___RS_LB 4004.JPG,1,potato_late_blight,val,1365,39057abd40affdbadcf847536879046503d7c53d,3c306064ece0e032
plantvillage-2016,raw/color/Potato___Late_blight/5ebe5b4f-c3e3-435d-b2d5-49fa1002dbaa___RS_LB 2955.JPG,1,potato_late_blight,train,1366,0d7020c9636e524971c19ad56cd29d9538a08971,063cea8a848c80c0
plantvillage-2016,raw/color/Potato___Late_blight/5ec337d4-aff8-4174-bae6-72c246db3ce0___RS_LB 3175.JPG,1,potato_late_blight,train,1367,535520c1be9390c04d77c5ce27ff47b40dad7a01,39f9ecc4d89cdce0
plantvillage-2016,raw/color/Potato___Late_blight/5f0801e0-b127-4596-9f82-eb36f8ee5c85___RS_LB 3852.JPG,1,potato_late_blight,train,1368,606baafaf6204dedef27bbacd1eaa5b8c1ec1a91,2070e4aebc98d830
plantvillage-2016,raw/color/Potato___Late_blight/5f6e341d-3a02-4bc5-ae02-c0a343a835ea___RS_LB 4882.JPG,1,potato_late_blight,train,1369,7c370110b253bb790471528b155b81807ad247be,0c3cf69bbb9aecf0
plantvillage-2016,raw/color/Potato___Late_blight/5fa21fbf-774d-48ec-916d-c1d7b8c11c82___RS_LB 4795.JPG,1,potato_late_blight,train,1370,6af43124d28dccff88ea076d8eb5442bbd08ce2c,60f09c96989cf060
plantvillage-2016,raw/color/Potato___Late_blight/5fe37f29-fe15-42ac-93b5-90aa5337bd55___RS_LB 2514.JPG,1,potato_late_blight,train,1371,798e61ea3914a5570ae51c3ee4beaded49ef7a31,79e4cc9e9edefcf8
plantvillage-2016,raw/color/Potato___Late_blight/600100de-8374-4ddd-a816-318235e27948___RS_LB 2895.JPG,1,potato_late_blight,train,1372,ddf79ce281fa392f3a840169ef90b569c48a51f4,32f0ccd898c2c4e8
plantvillage-2016,raw/color/Potato___Late_blight/6033f0b2-48e7-411c-a39b-86297f412c19___RS_LB 4020.JPG,1,potato_late_blight,train,1373,526da9cbf714aef72dba6b909f1c5f218dd814e2,263c7cecccd0d0c0
plantvillage-2016,raw/color/Potato___Late_blight/60463ced-752c-4af3-9082-1de380c572e4___RS_LB 2580.JPG,1,potato_late_blight,train,1374,5a937245de8cce2aa8283cf62d149cd09ddcaaed,1ef0e2ce8cecc0e3
plantvillage-2016,raw/color/Potato___Late_blight/613b5b7f-225d-4df8-8893-0f30111925ae___RS_LB 4243.JPG,1,potato_late_blight,train,1375,c209af420790b1afc105df93ac7602bbb0ebbcba,e3e1c089878e1c38
plantvillage-2016,raw/color/Potato___Late_blight/6148bead-5236-461d-90ca-bc552dc95abc___RS_LB 2983.JPG,1,potato_late_blight,train,1376,8ac09d2bb4c925368ec867fa25703d3aeb5a83d5,7270fcdcbcdcf8e0
plantvillage-2016,raw/color/Potato___Late_blight/625cf166-4cb5-4e6f-ac94-1193698388f2___RS_LB 5427.JPG,1,potato_late_blight,train,1377,6568d5fe544bcd772cc3e80f4a8cdcf332b3fc2d,dcf4e4c49c98b882
plantvillage-2016,raw/color/Potato___Late_blight/629303c0-a89e-4f67-9ac8-aa769cf3a163___RS_LB 3945.JPG,1,potato_late_blight,train,1378,2db52a2daab567075ddd0a511b4e9bb073934af9,30f89c9ecc4c0898
plantvillage-2016,raw/color/Potato___Late_blight/62d41420-8e32-47d2-9a37-698c07f7dc16___RS_LB 2543.JPG,1,potato_late_blight,test,1379,d096ebe1d633614c5fab41a3c66c0bbc4f430f10,808090189a86c2e0
plantvillage-2016,raw/color/Potato___Late_blight/63490f84-88b0-4105-bb76-23990e98c692___RS_LB 3041.JPG,1,potato_late_blight,train,1380,483983ec5e1bcc60081a4142e7a89b41dfb1e946,00c0404026b6ce3a
plantvillage-2016,raw/color/Potato___Late_blight/63dc685e-676c-4c9c-8f83-8f54bc7d6139___RS_LB 4117.JPG,1,potato_late_blight,val,1381,415e9cf876a1300e5c759ce0735167d87e17bf35,3178ccc484ccd0c0
plantvillage-2016,raw/color/Potato___Late_blight/63ec8c33-368c-433d-8953-f28f30e5985f___RS_LB 2943.JPG,1,potato_late_blight,train,1382,1e55f0ec8695a58161d032f90ba9d475442ca353,a1f0c0f8fa66721c
plantvillage-2016,raw/color/Potato___Late_blight/6463a976-e8e1-4698-8044-c1b6db0ef5ee___RS_LB 4741.JPG,1,potato_late_blight,train,1383,a3be59d0d4fa85d55eb75e979d871f49fb0f99f3,e0b8e4f092c6cc70
plantvillage-2016,raw/color/Potato___Late_blight/64df88c4-e308-48f3-b475-e2e6206bbd8a___RS_LB 3886.JPG,1,potato_late_blight,train,1384,97eac669ec93a848340a937405f7813c657862e0,0c3c76e6e6ce9cf0
plantvillage-2016,raw/color/Potato___Late_blight/64fd9d16-28df-4dd7-9bb5-973bbd9ac6db___RS_LB 4654.JPG,1,potato_late_blight,train,1385,6d0edb31cc5857118f07593ca571a86a1ec65f26,c999f898c89858d8
plantvillage-2016,raw/color/Potato___Late_blight/6522615a-cbe1-4770-a137-25a2c081e1d9___RS_LB 2917.JPG,1,potato_late_blight,train,1386,ba1602b57f8b94974012af1174306fdd89785d22,1c70e6e6e4f8f8f0
plantvillage-2016,raw/color/Potato___Late_blight/65bab626-51a1-4d16-ab9c-ddd25f4e2e33___RS_LB 4927.JPG,1,potato_late_blight,train,1387,77890e9a64993ec9945f0b4ca90af2288bb640d2,1c3c66eeccd9f9f3
plantvillage-2016,raw/color/Potato___Late_blight/6616bc3c-e3be-440d-ac55-ae3bb665e8b4___RS_LB 5071.JPG,1,potato_late_blight,train,1388,119d70b5cd3f6303e8da127d49888443638f4843,fef8f4c4cac899f3
plantvillage-2016,raw/color/Potato___Late_blight/6637f5da-44b1-43bc-9678-1f1188f1ed7c___RS_LB 4796.JPG,1,potato_late_blight,train,1389,92c6134ae5b66a88e3ecab45da8b5a216a2e4704,1870c4ca8e9cf0c1
plantvillage-2016,raw/color/Potato___Late_blight/66473aff-3438-4a8c-8c05-5fed8a4255ae___RS_LB 4473.JPG,1,potato_late_blight,train,1390,b79468e61760f1d7eb3d9add73f03e43c9273f19,3171f0dcfcfcfcf0
plantvillage-2016,raw/color/Potato___Late_blight/668455c6-f7cf-4dc3-a4a8-858e7d4b55c9___RS_LB 3878.JPG,1,potato_late_blight,train,1391,81cdc94bd3e74379429c27b12f3e4011503f15d5,81042080c0e0f07c
plantvillage-2016,raw/color/Potato___Late_blight/67001c81-d182-4bc6-b9b8-f25ddb0a2db4___RS_LB 5231.JPG,1,potato_late_blight,train,1392,4c51389668920f2220639a7a76730d369b4900b5,1c78c88000802100
plantvillage-2016,raw/color/Potato___Late_blight/6750f885-4754-4e76-91d0-a5e77c86e9fd___RS_LB 4865.JPG,1,potato_late_blight,train,1393,cda0a941f9078bba58a2f24a913493a80ed417b6,197060e0e0d0f0e0
plantvillage-2016,raw/color/Potato___Late_blight/68882ae5-79b6-4681-9e06-af8ae5999779___RS_LB 3952.JPG,1,potato_late_blight,test,1394,9de55976e95d7e5ee648a57928fdcff770d57457,7060c68ed4f0e1d3
plantvillage-2016,raw/color/Potato___Late_blight/68decf28-de55-477f-9435-56cda245a7ca___RS_LB 3195.JPG,1,potato_late_blight,test,1395,c87dc15f35b46ce4be6037d1f57e91093d2991b5,f8ce8fc7c7e7f6fe
plantvillage-2016,raw/color/Potato___Late_blight/699bd8b5-3c57-48c8-be2b-c8a5e12b0764___RS_LB 4083.JPG,1,potato_late_blight,train,1396,0c4d34c84ac9503a92f01041f0e096344290ffd8,80808088cce27808
plantvillage-2016,raw/color/Potato___Late_blight/6a62fd77-1091-43ad-86a7-f42c56615e5f___RS_LB 4871.JPG,1,potato_late_blight,train,1397,7417115c950f572d78ab182cc762a789f34505cc,83a198cecf6e3c1c
plantvillage-2016,raw/color/Potato___Late_blight/6a6315ef-b37d-4067-80cd-bb2d8adf93ca___RS_LB 2919.JPG,1,potato_late_blight,test,1398,173e88ea09b8660c23168c321d396d37ccfb55f6,60c8f0f2b2b2c068
plantvillage-2016,raw/color/Potato___Late_blight/6a687e1b-15c3-4752-b428-e14cbe85feab___RS_LB 2803.JPG,1,potato_late_blight,train,1399,d9b1ff30ce5941e7c59020e24b9b001d47f71b69,fffdf9dbbebcf987
plantvillage-2016,raw/color/Potato___Late_blight/6a72ed4a-cdb5-4a50-9a0d-efc119066fd7___RS_LB 2865.JPG,1,potato_late_blight,train,1400,f21dd58d64a781c44c2c94f70ef15fb44219992d,fff1e1e1abefcacf
plantvillage-2016,raw/color/Potato___Late_blight/6af65e0d-c1a5-4a28-9ecb-19e7e6d91a70___RS_LB 4128.JPG,1,potato_late_blight,train,1401,1ffc3949fcfded62c0b756408fa6cb983d9f5c00,c7c0c8ecf5f7fafc
plantvillage-2016,raw/color/Potato___Late_blight/6be49d30-1b69-435a-a533-21b2b1a7fd41___RS_LB 3309.JPG,1,potato_late_blight,train,1402,a6ec77c116e85048a0d38aff5cc5687edc32f55c,39f8e0cebccce871
plantvillage-2016,raw/color/Potato___Late_blight/6c5ac624-844c-4d01-b030-38e1130e890a___RS_LB 3973.JPG,1,potato_late_blight,val,1403,769cb0585f5e007bdbe027ae0c76082e1331f4df,0a3e76ccc89890c0
plantvillage-2016,raw/color/Potato___Late_blight/6cab0a2b-a2d9-4798-8043-f6ef416ed745___RS_LB 4993.JPG,1,potato_late_blight,train,1404,16789ed41e00ea74f35ac4dbd2c3e2100e67688b,1c7ad2b62c1cd0c1
plantvillage-2016,raw/color/Potato___Late_blight/6ce76067-e78f-42e3-a1d6-c04f92414038___RS_LB 5267.JPG,1,potato_late_blight,train,1405,0ed5864f6c3dc3d840af1ea1106536331a7a9d5d,1cfce6664cd8c380
plantvillage-2016,raw/color/Potato___Late_blight/6d22d4ab-de5f-4944-96f9-4ec495a8e4f1___RS_LB 3109.JPG,1,potato_late_blight,train,1406,534a13c0860efbfe16a7afbdbc80e433589c6db9,e3b8aca496cef7fb
plantvillage-2016,raw/color/Potato___Late_blight/6d31cafb-4cf9-455b-ac89-487444b650f7___RS_LB 4236.JPG,1,potato_late_blight,train,1407,3c70805b31b9e762477f4933aed36a3d918600fd,e0c69e3e34e8e060
plantvillage-2016,raw/color/Potato___Late_blight/6d51bd53-2556-410c-b151-547c83a06287___RS_LB 3276.JPG,1,potato_late_blight,train,1408,557776ff5332ac47c0405d7b77ad16f786fa3a25,1c7cccbc1898d8c0
plantvillage-2016,raw/color/Potato___Late_blight/6e5ae22d-5e91-4fed-b731-94f80ff63613___RS_LB 5113.JPG,1,potato_late_blight,train,1409,c247ea2f3349c57dbba27e6e8ab48d7596c367cd,f9f9fcfcccccf8f3
plantvillage-2016,raw/color/Potato___Late_blight/6e9fc91a-e20f-4431-bc54-8492d7ec788e___RS_LB 4527.JPG,1,potato_late_blight,test,1410,29170b4e5f41027fc6a3fba2fa3e7e130917fc74,00f8c85858708000
plantvillage-2016,raw/color/Potato___Late_blight/6ecc23ac-9aed-47bb-8ee5-76574de85872___RS_LB 5010.JPG,1,potato_late_blight,train,1411,93d4db9d1ff40aaf37ad087be95559e9f20c5c28,0090909cf67b3c0c
plantvillage-2016,raw/color/Potato___Late_blight/6f0fffdc-876f-449f-b03e-f25081f2c44f___RS_LB 4096.JPG,1,potato_late_blight,train,1412,b410f5fa5ee0f356fc8f2b256e66013b90dbfe50,f0d88ec6cee6c6e4
plantvillage-2016,raw/color/Potato___Late_blight/6f2f2f80-80f5-4f0b-86f6-a0d9b0fa4cbc___RS_LB 4034.JPG,1,potato_late_blight,val,1413,3b3dfdb498502d899db3ef17dc549aa705bf5b87,c4e0c0c4c0c8f878
plantvillage-2016,raw/color/Potato___Late_blight/6f5a4763-2865-4bdf-8c7f-49ab7a53126a___RS_LB 5237.JPG,1,potato_late_blight,val,1414,d4eced794315073d57847be7772d85b8d5c27c1c,71f0cc8e8cc8c840
plantvillage-2016,raw/color/Potato___Late_blight/6f669c56-c863-4c71-be49-8d020d3f7d3d___RS_LB 5128.JPG,1,potato_late_blight,train,1415,1108809ef92f974e210f3b7283a81ea3569f5bbf,fffdfafa8cc4f1e3
plantvillage-2016,raw/color/Potato___Late_blight/6f88dbd4-3e54-47ae-850a-0e9c7d9d700d___RS_LB 4737.JPG,1,potato_late_blight,train,1416,93c017dab440007c75afcc316dbf3ed14c9859b7,3c78e48682848c90
plantvillage-2016,raw/color/Potato___Late_blight/6fa565d1-4fab-4331-b30d-772babc186a4___RS_LB 3887.JPG,1,potato_late_blight,test,1417,630d516c030c10475820f101f68b5e40fbcd1923,120e3cdcaca88181
plantvillage-2016,raw/color/Potato___Late_blight/6fc1834e-7909-4177-9480-6cd9f23109b4___RS_LB 4023.JPG,1,potato_late_blight,train,1418,5bf54d61f1381f0d7a794a8b6b2977eb4c74c7fc,dcf8f0e0c0c1c337
plantvillage-2016,raw/color/Potato___Late_blight/6fea732f-0819-4ba1-922a-8cbb1a94baff___RS_LB 3336.JPG,1,potato_late_blight,train,1419,6ed5c9811af0a865f3af4e9d2215d3784532dc8e,f9f8fbf3f3b2c0e3
plantvillage-2016,raw/color/Potato___Late_blight/7050bb1d-af0d-47c4-8f35-23b9561b8024___RS_LB 3313.JPG,1,potato_late_blight,train,1420,7db328e21b4fdb15bc28baa418ab6c9c73f1d052,fefffddc8cbcb1cf
plantvillage-2016,raw/color/Potato___Late_blight/709bddcf-5c54-4fad-8a22-890c00e839a4___RS_LB 4732.JPG,1,potato_late_blight,train,1421,bcb6ae2a7a15ba751d73c3a7650be47835170fe1,71f0cc8480f0e0f0
plantvillage-2016,raw/color/Potato___Late_blight/70b8c0ad-be72-4f3f-84ba-7439f83b089b___RS_LB 4446.JPG,1,potato_late_blight,train,1422,42c105a2cc513cad88fd34670c6096523493949c,9ee6ca92b2c4c440
plantvillage-2016,raw/color/Potato___Late_blight/7153262e-7692-441e-9677-056a349d62b8___RS_LB 4813.JPG,1,potato_late_blight,test,1423,5e67d8d00efe112168419100c5669cb1f193dea2,7060e4e034b488c0
plantvillage-2016,raw/color/Potato___Late_blight/716325d9-fca6-46b4-8f5a-f6729c211200___RS_LB 3958.JPG,1,potato_late_blight,train,1424,7229e2bd34e6a18d0a85185e43cecb6b6f6ac247,59f0e2c28498b185
plantvillage-2016,raw/color/Potato___Late_blight/718aefec-0eba-48fe-9798-f45d3d24fade___RS_LB 4119.JPG,1,potato_late_blight,train,1425,6b0b3a94bd5b0076ce1dcf759bf88abf93579061,0010b080c2703c00
plantvillage-2016,raw/color/Potato___Late_blight/71cbb155-74cd-42f9-97ac-abca4a10ad79___RS_LB 4456.JPG,1,potato_late_blight,train,1426,36a60268e4796107ea5fe18ec13af378d2721f1a,fcfcfeefedeef8f3
plantvillage-2016,raw/color/Potato___Late_blight/71f6c664-3b77-45ef-a1de-e00685c78add___RS_LB 4441.JPG,1,potato_late_blight,train,1427,4030a8f9fc411d8df07f284e61cb8f39afe9e728,1c5c8ca4a4e0c000
plantvillage-2016,raw/color/Potato___Late_blight/7220e643-be85-4361-8c34-f647ebed5dd8___RS_LB 3027.JPG,1,potato_late_blight,test,1428,aeae17390e2647390ce2f276fc49c559273a085a,80b0486e6222e230
plantvillage-2016,raw/color/Potato___Late_blight/72485a02-60b9-424a-ba1f-de8078b07176___RS_LB 3148.JPG,1,potato_late_blight,test,1429,5c1350892fbcbb9bb9e271b9e9c202e08f708e4a,70b028280c86e268
plantvillage-2016,raw/color/Potato___Late_blight/7260ba74-3187-4a62-8962-cbea92def2f2___RS_LB 4769.JPG,1,potato_late_blight,train,1430,4dfe8088e55831aa9034cf20408de5f71fd0c825,8e7cf0dee0b4b8e0
plantvillage-2016,raw/color/Potato___Late_blight/727dd407-7a8b-4edb-9697-726ae947bd63___RS_LB 2646.JPG,1,potato_late_blight,train,1431,34c14978f83c8ac86b8e17fcba41e10de7a9911b,c0c08080c0e07060
plantvillage-2016,raw/color/Potato___Late_blight/72b12e17-d76f-4254-a4af-3ed3c3859500___RS_LB 3334.JPG,1,potato_late_blight,val,1432,d02520fa5b859bbc0f7021fb004940fba5711d3f,009090c8d2e27018
plantvillage-2016,raw/color/Potato___Late_blight/72e10017-f8a6-4813-8036-0cde4dad6057___RS_LB 4666.JPG,1,potato_late_blight,train,1433,58608187be53d22e18900f0fbc10f45bc28ac134,0c3c3078d8c0e0a0
plantvillage-2016,raw/color/Potato___Late_blight/73366261-64f3-4219-a43a-97cda85474a9___RS_LB 3332.JPG,1,potato_late_blight,train,1434,ecd88848483fc1b6fd323d0a34a49f7ea72daa6a,67e0f0ccdcd4e167
plantvillage-2016,raw/color/Potato___Late_blight/734b84f8-3bcb-4abd-bf22-0896a16e8df7___RS_LB 2929.JPG,1,potato_late_blight,train,1435,e620f988c7dfbc92b3b2d5ba9be69e3fef25ead9,e8e4c6e6e6a0b0f1
plantvillage-2016,raw/color/Potato___Late_blight/73d0be73-8a51-417a-ac46-67a37462efa3___RS_LB 4457.JPG,1,potato_late_blight,val,1436,0cdd850d28cc4a42f4c77a28d622c8a2d963061f,fcb4e86c68c49c78
plantvillage-2016,raw/color/Potato___Late_blight/73fb0463-c023-4749-8c37-dd11304de9b1___RS_LB 3112.JPG,1,potato_late_blight,train,1437,3ce6a19e8d8737686d45ebd9eea861cb2b0ab8b6,1e363472cac66060
plantvillage-2016,raw/color/Potato___Late_blight/74277267-6a9f-44d0-95fe-7f52f89630a0___RS_LB 5074.JPG,1,potato_late_blight,train,1438,ee6ceb0274db6f5674e1010a3ab94f26485c94ce,f0e0e8e6e272fe7d
plantvillage-2016,raw/color/Potato___Late_blight/7460b5a9-4356-40b3-acf6-e61601a63b62___RS_LB 4965.JPG,1,potato_late_blight,train,1439,2151b193bc168d70b4c30dbbf48aef860a3ab2e2,30f0f0ccc480e0e0
plantvillage-2016,raw/color/Potato___Late_blight/749a1b32-7152-4dce-87b4-92af094f6b9b___RS_LB 3310.JPG,1,potato_late_blight,train,1440,e49a7e6d78c346f5a6b148aa94dcbb07e9435a11,1c70d8a820b0e0e0
plantvillage-2016,raw/color/Potato___Late_blight/74d51dd6-7990-4d3a-95c6-5d67fac5cdad___RS_LB 2578.JPG,1,potato_late_blight,train,1441,2201f0af64e306dd5b3befd167d073b2c92d4d65,81919898cce27238
plantvillage-2016,raw/color/Potato___Late_blight/74d5c9b6-c99f-4ba2-8180-6c35bb5de820___RS_LB 2811.JPG,1,potato_late_blight,train,1442,2ef116a1cfad322f46f340bdb182ee34ea45d164,f6f6c39b8ff6f6fe
plantvillage-2016,raw/color/Potato___Late_blight/74ee080b-cad8-4090-9f2a-07411eb8481a___RS_LB 4956.JPG,1,potato_late_blight,train,1443,804292790990e937b6276b39a23adbf5630c13a3,c38199cce47e3ebe
plantvillage-2016,raw/color/Potato___Late_blight/74fdf0aa-c85e-406e-9f2e-6403bd6b994a___RS_LB 4245.JPG,1,potato_late_blight,train,1444,96751f52e8bb7d5fa00f0e43ccca21e205aea6de,7cf4ccdcb8f0c000
plantvillage-2016,raw/color/Potato___Late_blight/7514a101-a131-449a-9dcd-80ba8733f124___RS_LB 4879.JPG,1,potato_late_blight,train,1445,74973e5e6ece01b27a683f5f4a5371bcb1597181,70c8820e1a3431c1
plantvillage-2016,raw/color/Potato___Late_blight/755c96cf-1bfa-4d35-9ad2-c04dba9f64c8___RS_LB 3262.JPG,1,potato_late_blight,train,1446,f4acc52b772e22a7b124ed91db955542255958fa,c0c0446672ba9cf8
plantvillage-2016,raw/color/Potato___Late_blight/75a1ae7b-9b93-4a9f-9eca-70b4b9e9f5ff___RS_LB 4739.JPG,1,potato_late_blight,train,1447,a2034b449a2ecfc0aea5f46abe51f79d40c31328,0074a23226666060
plantvillage-2016,raw/color/Potato___Late_blight/75fd327f-c30c-4b73-b7a1-fd11aab8206e___RS_LB 2508.JPG,1,potato_late_blight,train,1448,c565904aae769194e49e485f9501fbbb51b25d42,7bf0c08ce0e0e0c0
plantvillage-2016,raw/color/Potato___Late_blight/762a9cd9-7da1-4885-b677-870da1e41768___RS_LB 2592.JPG,1,potato_late_blight,train,1449,07112a16ff9319d5dbe286d7d9a7795dbd13e984,d1c0a6f3f1f9fefe
plantvillage-2016,raw/color/Potato___Late_blight/764311f2-6fd3-424d-aabc-9ad013a41997___RS_LB 3136.JPG,1,potato_late_blight,train,1450,9c30dc1aa0adc3aedb5a2b614b7a0e5fb2a853e2,e0f8f0d4c6c4e030
plantvillage-2016,raw/color/Potato___Late_blight/7673ac2a-707f-4575-a11d-afe44817bfd4___RS_LB 4342.JPG,1,potato_late_blight,test,1451,e3a3d9e577a16496da163c0016a5b9ed460f6c4e,fdfcdc9c9c34b9ff
plantvillage-2016,raw/color/Potato___Late_blight/76be1a95-8bf1-468e-bc6c-f7d8fa5b7e5b___RS_LB 4758.JPG,1,potato_late_blight,train,1452,d41e7c5730ef1aad5f921cdb56f468873fe9c57b,f0f8fc8692fefc78
plantvillage-2016,raw/color/Potato___Late_blight/76bea797-306c-4fc5-a868-69394fed05d4___RS_LB 2900.JPG,1,potato_late_blight,test,1453,6f58f931fb2ca2ac1372c6ce5acb5e5e65194cd0,f3f8d89899d9f2f6
plantvillage-2016,raw/color/Potato___Late_blight/76ebfd7a-b3d8-4cde-b6b6-7e5132ec269b___RS_LB 4935.JPG,1,potato_late_blight,train,1454,e6b5475a170a8c792210e3950b9674f4c9d8bbd1,078198ccc673393f
plantvillage-2016,raw/color/Potato___Late_blight/76ee26db-ef55-43b9-9179-6b9ba15dc21a___RS_LB 4058.JPG,1,potato_late_blight,train,1455,4ac88178376d92ba4930649b519b34bd0a5fce9e,80c2e0e0f0f0f0f8
plantvillage-2016,raw/color/Potato___Late_blight/77164347-18bd-4466-aca9-0f61e6a36468___RS_LB 4155.JPG,1,potato_late_blight,train,1456,0cd23f726c07b6252c3ef31f5cf66088bfc01496,fcfefcfce4e0a38f
plantvillage-2016,raw/color/Potato___Late_blight/7774658c-0dcb-4b7c-a1fa-573de03373dd___RS_LB 3135.JPG,1,potato_late_blight,test,1457,26e6491e3efbd29f3cee86def0f855854bf74ed5,3868c89e94b8a1e3
plantvillage-2016,raw/color/Potato___Late_blight/777a492f-3dfb-4bcf-8b33-a9b09fb21e6e___RS_LB 4866.JPG,1,potato_late_blight,train,1458,b584f7c8e2929f7bde69162e6fb818e6fd33fda9,3378c8c8929294e0
plantvillage-2016,raw/color/Potato___Late_blight/77c271bd-0798-4336-8bea-f2a80e8e8906___RS_LB 3290.JPG,1,potato_late_blight,train,1459,a1ef8bdeb746e95170600da89b70bc1c5720b678,b0f8b83090d07838
plantvillage-2016,raw/color/Potato___Late_blight/77e2a857-e169-42f4-9886-708024781837___RS_LB 4705.JPG,1,potato_late_blight,train,1460,60e6ad84e42ef3e1ccd5051fb48a6ad1bf90e294,fefef9f3c3e2e6e7
plantvillage-2016,raw/color/Potato___Late_blight/77f5fdf0-42c5-4af9-92d8-366e6a3a2017___RS_LB 4071.JPG,1,potato_late_blight,train,1461,b2e3440258ed9376e944ffc3fb5c495a66e95615,fe7878cc9c98e1e2
plantvillage-2016,raw/color/Potato___Late_blight/782bc9dd-286b-46ee-b896-fa5520f57b0c___RS_LB 4408.JPG,1,potato_late_blight,train,1462,efefe9eb9d5a76240ce049c5f9881c5897161f81,fefcdcdd9998f1f3
plantvillage-2016,raw/color/Potato___Late_blight/78f43f26-36e5-43c2-9b87-a08d8a0b8a11___RS_LB 2843.JPG,1,potato_late_blight,train,1463,a9b4a793d44ce7bce6c9a292d8393dccb0dc9572,8080484426b2ca60
plantvillage-2016,raw/color/Potato___Late_blight/78fe147d-b9c8-460d-ba04-65fa82b39184___RS_LB 4870.JPG,1,potato_late_blight,test,1464,df4001fcfa33b1f5250ffb056fefa0cb12cade76,193872e2c78edc7c
plantvillage-2016,raw/color/Potato___Late_blight/790eb0ba-6878-4b5a-85fb-481aa37783a3___RS_LB 3872.JPG,1,potato_late_blight,test,1465,1ac0a2721205679976aa2e268b78b13ea6f31485,0f818880c1e0f8f8
plantvillage-2016,raw/color/Potato___Late_blight/792d4339-f459-4ef6-aef9-431c64c95cc1___RS_LB 3251.JPG,1,potato_late_blight,train,1466,42bd7c51bd44a96ed609360bf0fc5771fb1ab2cb,c7e7f1f8f8f7fbfe
plantvillage-2016,raw/color/Potato___Late_blight/793aaf75-3085-4bbb-bace-33a9593c3c94___RS_LB 4847.JPG,1,potato_late_blight,train,1467,842495a4094ea8617e2060f17a02f173989b1745,80806064e2b0f038
plantvillage-2016,raw/color/Potato___Late_blight/794ef65d-1a4c-445a-b77c-f00d36ec82c6___RS_LB 2869.JPG,1,potato_late_blight,train,1468,5ba4fba7bfd2883da12c19ddbea2c47abbb9885f,0cc89e2e0e1c1880
plantvillage-2016,raw/color/Potato___Late_blight/794fae1d-55b2-4275-8fce-174728963813___RS_LB 2841.JPG,1,potato_late_blight,train,1469,c61b88eb0e5479777e133d9463996d9d8c353200,30f0e4a0e6b2d2f8
plantvillage-2016,raw/color/Potato___Late_blight/7a0b26a9-4abe-4e84-ad20-699b0c0cd27e___RS_LB 4376.JPG,1,potato_late_blight,train,1470,4604d1c0b25709f21990ad1ff8c943dc07d366a0,72f19096f0d3f3f6
plantvillage-2016,raw/color/Potato___Late_blight/7a4371b2-72c6-414e-b73e-6e4b4adab72f___RS_LB 3289.JPG,1,potato_late_blight,train,1471,5bb3f7627fe48d56e82a245664c8c2cee74d919a,70d6d0c4ccc88080
plantvillage-2016,raw/color/Potato___Late_blight/7b32b8b9-6b65-44e6-a3e5-edd7a5d62ec4___RS_LB 4142.JPG,1,potato_late_blight,train,1472,d5e0b906ff24f1b47cc89fbef70f7f2f864af310,0e384a8e0c1c3870
plantvillage-2016,raw/color/Potato___Late_blight/7b38a18a-65a4-4162-b48a-658b846be5a2___RS_LB 2733.JPG,1,potato_late_blight,train,1473,12ab8855c8afcc3e4f0aa52782e861bcded0614f,e0eceeefdefe73fe
plantvillage-2016,raw/color/Potato___Late_blight/7b5a2c96-f276-477a-8e7e-3325b02719a7___RS_LB 4613.JPG,1,potato_late_blight,train,1474,fa8772c060cd58ee8b9da5bb136f6babfabcfe4a,f1f0f4e6dcd8f8f1
plantvillage-2016,raw/color/Potato___Late_blight/7bf67e1e-57c8-4f68-bc5a-56b2a69f30ec___RS_LB 2509.JPG,1,potato_late_blight,test,1475,08204f0a1ff04279563b84df05ba379df7eac364,8cc1e0f492c6e2f8
plantvillage-2016,raw/color/Potato___Late_blight/7c0ff85c-0a94-4ba3-9abf-010ba81a4780___RS_LB 4003.JPG,1,potato_late_blight,train,1476,491beeb9e2ee18fe0d64e24312c533de0ba5f9c1,79f8a4c6c4c0f058
plantvillage-2016,raw/color/Potato___Late_blight/7ce28b45-467c-4962-a030-f621b4bc76a8___RS_LB 2644.JPG,1,potato_late_blight,train,1477,a29281ffd0b9ee80120f01b1eef9aa400d0049fd,61e8e8e0e0f0e0c0
plantvillage-2016,raw/color/Potato___Late_blight/7d885e39-d832-473f-bf81-c22855e481c3___RS_LB 3946.JPG,1,potato_late_blight,val,1478,bd51bd7f350c89966a2c9c74d56ab6f1712e5b5f,38e0c0888e9c9087
plantvillage-2016,raw/color/Potato___Late_blight/7dfb162c-0384-46b3-bbf7-f0929bd00921___RS_LB 5235.JPG,1,potato_late_blight,train,1479,068bb41b1f9ce8b297684a7324b60a8799995f40,cfe1c8bebffffffc
plantvillage-2016,raw/color/Potato___Late_blight/7e0d53ac-3088-473e-a40e-50223afd4e60___RS_LB 2568.JPG,1,potato_late_blight,train,1480,f3f58e8686e8290fcbffde998648384daa2aa5c5,7d7864c8d294f8c1
plantvillage-2016,raw/color/Potato___Late_blight/7e1b19fc-c79d-4898-9e69-9843dd8aa1b6___RS_LB 3137.JPG,1,potato_late_blight,train,1481,3f6fce0b0d0762c259e811ae662a0a59027ecabc,f9fcfadacc8ecced
plantvillage-2016,raw/color/Potato___Late_blight/7e1cd97d-b5a3-4c92-b258-0aa90e6fb806___RS_LB 4826.JPG,1,potato_late_blight,test,1482,23afe100dba7116342cc877b31ac2e579c1752ce,1870c4848c98d1c3
plantvillage-2016,raw/color/Potato___Late_blight/7e486917-7f31-4a26-b0ca-6175ebc2beee___RS_LB 4113.JPG,1,potato_late_blight,val,1483,f8031a7b4532051c0f53d9e29a5dd86f91993da0,7c7cf2c08080c1c7
plantvillage-2016,raw/color/Potato___Late_blight/7ec28081-7b26-4519-a406-48ff4edb69ea___RS_LB 2622.JPG,1,potato_late_blight,train,1484,b8f58db6f3b3ae4d4cafdc8c7f288275e26c11dd,1870d4d4cac4ccf0
plantvillage-2016,raw/color/Potato___Late_blight/7eeb65d4-122d-45db-b6b0-820cbb6f2dc5___RS_LB 4539.JPG,1,potato_late_blight,train,1485,4bbea53b913fc6b102623b7c75e4760682fa1ae8,bcfcf5f59588c0c7
plantvillage-2016,raw/color/Potato___Late_blight/7efcdebc-93be-4168-9965-2b2be46823d8___RS_LB 3249.JPG,1,potato_late_blight,train,1486,6ee62fba82fc82167a1efee5d2e20bf09111dbe4,c2d0c088ccdcee74
plantvillage-2016,raw/color/Potato___Late_blight/7f2933ec-8a70-453c-8e5f-4eb9d25eac6c___RS_LB 3917.JPG,1,potato_late_blight,train,1487,70828fe307ebe9914d146844c18f96120802b3fd,0c1c764cd8d8f0c1
plantvillage-2016,raw/color/Potato___Late_blight/7f90c344-54de-4053-a406-3a67f9fb1108___RS_LB 3283.JPG,1,potato_late_blight,train,1488,956e41ceda7fd6ddaf571ad05be17177ac844565,e030383838283480
plantvillage-2016,raw/color/Potato___Late_blight/805f68c3-b0a9-4072-8ef6-4c48d804e888___RS_LB 5159.JPG,1,potato_late_blight,val,1489,dce5b943d77f6828fc4befd933bd1c2acbd331ad,0c6ee66664707060
plantvillage-2016,raw/color/Potato___Late_blight/80a20af8-9759-4c07-8d0c-d48edc9925c6___RS_LB 5289.JPG,1,potato_late_blight,val,1490,6a15f1751517dd65dbde3edb2781297619488a24,e1ac8e92c8e4f0b8
plantvillage-2016,raw/color/Potato___Late_blight/80bdc2a3-66b8-4d95-abe7-65c7806f7cbf___RS_LB 3073.JPG,1,potato_late_blight,train,1491,aec772af8549b51d5785dfa88686c3cebda1d403,1c789010482860c0
plantvillage-2016,raw/color/Potato___Late_blight/80e39105-97cd-4368-9e3a-b5498ae1c0a2___RS_LB 4474.JPG,1,potato_late_blight,val,1492,7066346be5fb991cee9066081d8187f8676bf164,c4c2c4dcfc7c3cbe
plantvillage-2016,raw/color/Potato___Late_blight/8137ed93-0e40-4bcd-9da7-f69ad5a08cd5___RS_LB 3059.JPG,1,potato_late_blight,train,1493,584fedce202993212edafbd938852da0b7d2b563,31f8ccdc9cc6ccf8
plantvillage-2016,raw/color/Potato___Late_blight/815516f8-6fb1-4f92-bdff-63349e5ee83f___RS_LB 3237.JPG,1,potato_late_blight,train,1494,0c678b4d1f26b1fe34fbf3b77a0ce4e7aca81787,1e3e74ccd8f0a1a3
plantvillage-2016,raw/color/Potato___Late_blight/8192a596-e2e9-4451-a33d-a92a26a739ee___RS_LB 2624.JPG,1,potato_late_blight,train,1495,d67a87bd321efa1a2488b9b5bb9264edc9f489dd,60e2f27a7060c080
plantvillage-2016,raw/color/Potato___Late_blight/81e4675f-5f16-4c8a-be12-acb79f46575e___RS_LB 3111.JPG,1,potato_late_blight,train,1496,ed78afbb2e239b50a51bc8fb7740dde2f860d282,f2f0c0c6c6e6fcb8
plantvillage-2016,raw/color/Potato___Late_blight/82967117-2bcc-4949-b060-738e7b66b755___RS_LB 4744.JPG,1,potato_late_blight,train,1497,9652c0d8e4b814772aa8b201333dad6e663dea72,1e7ee69a92a488e0
plantvillage-2016,raw/color/Potato___Late_blight/82e0f1d2-e996-427b-9216-6b46aedbc07f___RS_LB 4880.JPG,1,potato_late_blight,test,1498,7c0d2ad8fd8a5ceea26b76c13f0a202b8e9bcdd6,c0c1980e0cc6e638
plantvillage-2016,raw/color/Potato___Late_blight/82eb4f72-487c-4f4e-ace6-cc44a24978ec___RS_LB 2600.JPG,1,potato_late_blight,train,1499,20378046cc7703e80acb0e2e4b71847006dbd1ea,f1f8b292faf6f2fc
plantvillage-2016,raw/color/Potato___Late_blight/83f821e6-0924-4bbe-8977-0e11c220aed0___RS_LB 5011.JPG,1,potato_late_blight,train,1500,6b315f79d63e2c12b2a6ba83214ac73121d172fe,1838f0eaac84c060
plantvillage-2016,raw/color/Potato___Late_blight/84182903-22be-4563-8276-d72413958ada___RS_LB 4027.JPG,1,potato_late_blight,train,1501,d70e5a044bbdb14c73c2122b909dceeb4b61652b,e1d89c3c2cccd060
plantvillage-2016,raw/color/Potato___Late_blight/841a4e5a-7aa6-4b32-a2b2-436874a48fdb___RS_LB 4469.JPG,1,potato_late_blight,train,1502,fe9ac4f9874db5c34c2e790e3017f5fb08339cdb,e2f0f8cccee6b83c
plantvillage-2016,raw/color/Potato___Late_blight/84559c6d-0589-4d8d-8fc3-a818b067f85c___RS_LB 4608.JPG,1,potato_late_blight,val,1503,9170f8fb11d2c27ee130fc35df81c279f3bd1e49,187ce2e4e670b0c1
plantvillage-2016,raw/color/Potato___Late_blight/84e85005-c647-4381-8762-c487074c9571___RS_LB 5186.JPG,1,potato_late_blight,val,1504,2806907295cb7c8e5af439eea4d2a185efdda753,1e7ee6eefcb8f1c7
plantvillage-2016,raw/color/Potato___Late_blight/84f666da-9e17-4e90-9813-0ed64da175d9___RS_LB 2536.JPG,1,potato_late_blight,train,1505,66d990e070f55dc9d9cb1774dca89f567f8d68c3,80c08ca4e2e27014
plantvillage-2016,raw/color/Potato___Late_blight/8542cb42-d817-4850-b42f-1fa7083e37d9___RS_LB 4780.JPG,1,potato_late_blight,train,1506,e8533e4d41d5b1c438e59d5aab2b7e39a1c59f8b,f5f0c0c5e193e2e3
plantvillage-2016,raw/color/Potato___Late_blight/856b9ab9-c5af-43f1-a320-097b7380d314___RS_LB 2789.JPG,1,potato_late_blight,train,1507,91d40694c7e26db364d3ca8372b78ed33e800d98,fffeeeecb8b0e5c3
plantvillage-2016,raw/color/Potato___Late_blight/85bbcdd2-a9fe-46d1-8e0e-f4e2c5e885fe___RS_LB 3218.JPG,1,potato_late_blight,train,1508,09d37e4edfda095c30fe4c420c4db7a91b9686df,78f0b42a90d0c0c0
plantvillage-2016,raw/color/Potato___Late_blight/85d29f87-cb27-4ffa-9ad8-9c47f9a53b33___RS_LB 4437.JPG,1,potato_late_blight,train,1509,dd242e7309fdb995972db1cda60758a16ef03ff0,809008a4c4f03008
plantvillage-2016,raw/color/Potato___Late_blight/85d60a7c-4a4c-4fcf-8743-21b4c03ff12c___RS_LB 3868.JPG,1,potato_late_blight,train,1510,73ad776cc68de73d1f6922a7ccb18b3bdbe60c88,0e3e77febedefc70
plantvillage-2016,raw/color/Potato___Late_blight/86323439-ca8d-4819-ae81-800e50f85770___RS_LB 2826.JPG,1,potato_late_blight,train,1511,48167c6c63a0a0a57d19461ea04fc3a4c5f97668,f0f0b19dc7c7e2fa
plantvillage-2016,raw/color/Potato___Late_blight/8692ff0d-260b-4fb9-9598-efa91456c2bd___RS_LB 5438.JPG,1,potato_late_blight,train,1512,fd084cef37ba1c272fad56efe371ad10f4eacb2d,166262c080808040
plantvillage-2016,raw/color/Potato___Late_blight/86944800-4984-44f9-9c72-53fcb7324a3b___RS_LB 4015.JPG,1,potato_late_blight,train,1513,44ff40e7a92ed977cc8d697a7f48908ce40b0191,1038f8fcacece870
plantvillage-2016,raw/color/Potato___Late_blight/87681326-2843-4e63-9042-602b08a98a66___RS_LB 4145.JPG,1,potato_late_blight,val,1514,f525b1236b3c341383b059a04795b3c675abb1be,fef8f0e4ccd8f1f5
plantvillage-2016,raw/color/Potato___Late_blight/8797bc6a-f738-4caf-9569-797fdf28cd24___RS_LB 2903.JPG,1,potato_late_blight,train,1515,6e5b6222f9675d3b7943f5dfc0a55196ba69e418,187246ce8e880000
plantvillage-2016,raw/color/Potato___Late_blight/87c99be5-a930-410f-8529-e79e030cba0c___RS_LB 5294.JPG,1,potato_late_blight,train,1516,101e846c5b9f52c16fd434e7a3071b15b0d2015f,38e48692323cb0c0
plantvillage-2016,raw/color/Potato___Late_blight/8829e413-5a7a-4680-b873-e71dfa9dbfe4___RS_LB 3974.JPG,1,potato_late_blight,test,1517,9c6bc14fc531cc3ac54fc56fd23f2a7e7b0aa7ff,30f89830b09cd8e1
plantvillage-2016,raw/color/Potato___Late_blight/889b0741-2110-47a9-a2d2-90194e5d7676___RS_LB 4787.JPG,1,potato_late_blight,train,1518,6aa94832a5fa08f1920bc0a245b81805ac030264,c7c1c484cebefafa
plantvillage-2016,raw/color/Potato___Late_blight/889d5479-9d54-49b1-9aba-3af34e377592___RS_LB 2635.JPG,1,potato_late_blight,train,1519,fd8388822b9fc596c148d0e88a277e91f855d720,30e0c78f1b9e98e0
plantvillage-2016,raw/color/Potato___Late_blight/890ffd2b-7365-4a91-b0e1-f414da0a17a4___RS_LB 3216.JPG,1,potato_late_blight,train,1520,046cf4fd8380a070739b6cb0463419ca655d3e4c,f3d9ecf2fbfbfbfe
plantvillage-2016,raw/color/Potato___Late_blight/891ddb02-a289-4d8e-8380-7568686b7a08___RS_LB 3193.JPG,1,potato_late_blight,train,1521,87afe7425657bcff0689ca01a3b4257fa785cf77,fffbfb939babfef0
plantvillage-2016,raw/color/Potato___Late_blight/89ad1a3c-db3c-4d75-9c92-64cea1433f89___RS_LB 2820.JPG,1,potato_late_blight,train,1522,3446ffcf385c42cd2895598c3d796ec6bd46ad41,f1f4dc9c8eceec39
plantvillage-2016,raw/color/Potato___Late_blight/89c3b470-f3e6-4a8c-90a0-edfc0ef73085___RS_LB 4543.JPG,1,potato_late_blight,train,1523,fd1620e3d9f76acc72e193384386d6560f39ed95,fcfcfcd8d8b0c7cf
plantvillage-2016,raw/color/Potato___Late_blight/8a2f2feb-3738-4675-9cb6-b1911a056dd1___RS_LB 2601.JPG,1,potato_late_blight,val,1524,e3f601a550dba53ea4efc3bab58ff0d6dcf438f7,3978ccc4c4f0f870
plantvillage-2016,raw/color/Potato___Late_blight/8a70b737-9270-49ca-9fd2-e6468592c393___RS_LB 2978.JPG,1,potato_late_blight,train,1525,449d25fd84eb247625431675137f9980a1f311aa,3c70f2e4c48cb8f0
plantvillage-2016,raw/color/Potato___Late_blight/8aab9abd-f5e3-4653-80d9-317bef625ae2___RS_LB 5221.JPG,1,potato_late_blight,val,1526,928c17b35c0c008d54cafa40337d55718c42bec8,c2e0f4dccc647038
plantvillage-2016,raw/color/Potato___Late_blight/8acd2e1a-f965-4abb-bd16-8c0a4e918d2c___RS_LB 4644.JPG,1,potato_late_blight,train,1527,88ccba6f8be4ba1571625cce4d5a1f0bb66bded8,787cf4f89cd9e3ff
plantvillage-2016,raw/color/Potato___Late_blight/8b0ef54c-6d28-47bb-a657-287afbb8a620___RS_LB 3298.JPG,1,potato_late_blight,train,1528,45f27e331562679e128e523f8ccbf7965fa12a2a,83c3b1c8c8e07236
plantvillage-2016,raw/color/Potato___Late_blight/8bf37a1e-4535-4919-953e-69376f5be48a___RS_LB 2611.JPG,1,potato_late_blight,val,1529,c9fc2c4f4bb6bc32de99ef03138964303c1448f6,f0f8eceee6c4e8f1
plantvillage-2016,raw/color/Potato___Late_blight/8c1960cd-20e2-4a9c-a1ee-9800289b884f___RS_LB 3941.JPG,1,potato_late_blight,test,1530,04e8ef6c173721fece0378ef2e3729682e8d391a,c1b1898cc6e2f8fc
plantvillage-2016,raw/color/Potato___Late_blight/8c3c1c3f-5cf0-4daa-9267-243cf1b47927___RS_LB 5005.JPG,1,potato_late_blight,test,1531,6dde3b03bb04a3c4806d372c82b31105be627639,183064c6e6e4e470
plantvillage-2016,raw/color/Potato___Late_blight/8c894440-a022-41a8-9545-51ff4286d29f___RS_LB 5126.JPG,1,potato_late_blight,train,1532,b95ac420be05e76d6720acd9ccc0306e2e82c233,80a030088e86e078
plantvillage-2016,raw/color/Potato___Late_blight/8cd26c99-237b-4910-98ae-3e930c760f56___RS_LB 4061.JPG,1,potato_late_blight,train,1533,c78fbdb24469d7c30b2e37e39f1cc7181337d7e7,fefef2cec2ecd0c3
plantvillage-2016,raw/color/Potato___Late_blight/8e1d2020-3d04-46b1-bd71-82922e1aeaa6___RS_LB 5017.JPG,1,potato_late_blight,train,1534,8e79f55570b123f02bb0372c32edf10f6eae9ae1,0c1c3860c0d89898
plantvillage-2016,raw/color/Potato___Late_blight/8e78b212-d2b4-4551-a1c1-70268ec75b0d___RS_LB 2958.JPG,1,potato_late_blight,val,1535,db636fe79840dfb60db6d8d4648ff60f41ae7bdc,81808cdcd6626216
plantvillage-2016,raw/color/Potato___Late_blight/8e864e28-d161-4888-bf90-fd9467bfe9c2___RS_LB 4574.JPG,1,potato_late_blight,train,1536,3d310f28e150f3bcdfd2699c2a307e16e5d234b3,8ebae4d8e0c1c181
plantvillage-2016,raw/color/Potato___Late_blight/8eb5691c-0098-45f6-a782-e297ed340bc0___RS_LB 4153.JPG,1,potato_late_blight,test,1537,88cc6c1570648232a27706328713768ae13b1018,70f0b01888d87838
plantvillage-2016,raw/color/Potato___Late_blight/8ecb7cf3-9be5-4c3e-9714-2d5987987ad0___RS_LB 5205.JPG,1,potato_late_blight,train,1538,98974bbd3c8d1544cc88d77e7b53b9f197eaf4b6,c3a2a088cccc743a
plantvillage-2016,raw/color/Potato___Late_blight/8ee9f477-92a7-43a0-9377-0535b218a21d___RS_LB 5266.JPG,1,potato_late_blight,train,1539,1621f67e90507ab7bb02319a7747c11266c9309a,1b78ece666e4e073
plantvillage-2016,raw/color/Potato___Late_blight/8f12dae8-d44b-4d16-8815-4da5f9a9ff55___RS_LB 4283.JPG,1,potato_late_blight,train,1540,aab6a809faae38559831132b30f4248fbd8f14d5,dcfcf0c2ce9890e0
plantvillage-2016,raw/color/Potato___Late_blight/8f634ae3-010a-4a08-aae9-2aa43bc73a0a___RS_LB 4069.JPG,1,potato_late_blight,train,1541,2b9a94c815f8129637faac29160b8754dafc0e12,60f0c8c48c9cd8f0
plantvillage-2016,raw/color/Potato___Late_blight/8f80caee-38ed-4b49-9596-6f66c3cb9c1b___RS_LB 2535.JPG,1,potato_late_blight,train,1542,27683305b020d29e5e2523822a5a787d7461f17e,0c3cece6868c8080
plantvillage-2016,raw/color/Potato___Late_blight/8f8e338a-b6ac-4ca7-b3f3-596dc15eb140___RS_LB 3970.JPG,1,potato_late_blight,train,1543,1855537e04236000a46b4913fa9ff956ed8c2ea6,898383a090d8cafa
plantvillage-2016,raw/color/Potato___Late_blight/8f93f47b-2ee7-482b-9e18-20af5eb98d79___RS_LB 4889.JPG,1,potato_late_blight,train,1544,f8c51d1bfd76a62f16ad4b51807075c86d1e6c94,87a3819ccef67a7e
plantvillage-2016,raw/color/Potato___Late_blight/9001b18c-b659-4c56-9dfb-0d0bf64a7b4a___RS_LB 4987.JPG,1,potato_late_blight,train,1545,9da5f1690da6edc6ba9155dc2b7d7d8b04932daf,8020212486e67c74
plantvillage-2016,raw/color/Potato___Late_blight/9009c86e-1205-4694-b0bb-ef7cf78dd104___RS_LB 3995.JPG,1,potato_late_blight,train,1546,5745c6596f0a8b8cd7c30b30b9e0bdfeb69ded00,1878ecd88c8cacd8
plantvillage-2016,raw/color/Potato___Late_blight/90302aa5-644e-4857-b60f-92f6aed488fa___RS_LB 3246.JPG,1,potato_late_blight,train,1547,21b989daf1ef77bb28d99bf37835c2c7c6737fe1,1c7ccc8c1c80e060
plantvillage-2016,raw/color/Potato___Late_blight/9032d569-294e-4b8b-a70f-ecff949e43e2___RS_LB 3998.JPG,1,potato_late_blight,train,1548,fe728be4235268eab0289c1ef2f47d355a208b3a,1c7860c0c4ccc0e0
plantvillage-2016,raw/color/Potato___Late_blight/90596f7b-1efa-4595-8d57-bcbd4c48253f___RS_LB 4753.JPG,1,potato_late_blight,train,1549,1fd353ceba0ceff59cc7f115ee199863aa4839c7,806060008686c000
plantvillage-2016,raw/color/Potato___Late_blight/908546cd-34b8-4502-ab09-0c5bb7c1d87b___RS_LB 4912.JPG,1,potato_late_blight,val,1550,f48888ea0eff16faabd440b6f51ddb8a68262072,8080983096ca7c3c
plantvillage-2016,raw/color/Potato___Late_blight/90c2a92c-9e38-49a3-aefe-e1805fe64537___RS_LB 3016.JPG,1,potato_late_blight,val,1551,13630fd820457948a2451592a40ea2249f8fd78a,f3f8dcdfe7effcfc
plantvillage-2016,raw/color/Potato___Late_blight/910139a3-cd42-4adc-a24b-3602fd4de7d3___RS_LB 4415.JPG,1,potato_late_blight,train,1552,7d7c4cf62bd4e3e30154f2ff35f36c5610e6aada,40a08422a2c2c404
plantvillage-2016,raw/color/Potato___Late_blight/9157168d-8377-4a75-8dc2-d7c951efeb55___RS_LB 4978.JPG,1,potato_late_blight,train,1553,620d9dfcc47f994c1499166d4abb8104b360d308,16724ac2849c98c0
plantvillage-2016,raw/color/Potato___Late_blight/919150bd-372b-44e0-a70e-a13e60dccbce___RS_LB 3263.JPG,1,potato_late_blight,train,1554,9a23d55fc0b4e20dd6fb8f1c86adf2654aa01243,74f8b8a266ccd8e1
plantvillage-2016,raw/color/Potato___Late_blight/9254f86d-5d83-4217-a7f5-84d08e1b93ee___RS_LB 4037.JPG,1,potato_late_blight,train,1555,4462d4508596009c88936a8ffc4e4ec297fe7588,fcf8f7e7c7cecce8
plantvillage-2016,raw/color/Potato___Late_blight/929dd251-5fbb-406f-9313-a71e5f96b31c___RS_LB 4781.JPG,1,potato_late_blight,train,1556,0f993f5845e47752de2ba4d27c1274971cc53bd9,1f838182c2e7f6fc
plantvillage-2016,raw/color/Potato___Late_blight/93905331-a3b3-43dd-8596-d8f7e6b3e88f___RS_LB 3306.JPG,1,potato_late_blight,train,1557,ad64ec4037588d43cc67fc1fb85ec9230b5ba81f,7cfcf8f8b4b9e3cf
plantvillage-2016,raw/color/Potato___Late_blight/93935af4-3aae-4dd6-90d9-fb28e439faf0___RS_LB 3299.JPG,1,potato_late_blight,train,1558,4570421c9756ad23f04bf0aa8f4c1b67db1e3763,fcfce6eeeeecf0f1
plantvillage-2016,raw/color/Potato___Late_blight/939a9a98-cbc9-4b83-bb47-395f26d7fddd___RS_LB 4293.JPG,1,potato_late_blight,train,1559,428b422e5439442b0341a8ada3d867f054a7e220,4cf8f8e2e6cc98e0
plantvillage-2016,raw/color/Potato___Late_blight/93d91b96-e024-477c-9b76-796e3f1614d4___RS_LB 3297.JPG,1,potato_late_blight,test,1560,6d6522903dd1cfe1a897eccf67a8caf4b7be4561,000060a090c0e070
plantvillage-2016,raw/color/Potato___Late_blight/9475f5bf-607b-4091-8a6d-8f09921478a7___RS_LB 5191.JPG,1,potato_late_blight,test,1561,92cd42d559f12b0eaa2fa1c1b747404b83d5b583,e3c1c10404f4f072
plantvillage-2016,raw/color/Potato___Late_blight/94c50d24-cfd7-486c-a4ac-a10f552d0f8b___RS_LB 4329.JPG,1,potato_late_blight,train,1562,30b964d738c1f5765773bdfb84dff4f2cc7ebf14,f9b93c7c5cf6f6fc
plantvillage-2016,raw/color/Potato___Late_blight/94ebce3c-2945-44a4-aa81-1abe8e4beea2___RS_LB 3953.JPG,1,potato_late_blight,train,1563,24dcbdbbc3b91171e1eaba709489377bfccac546,c2980c84c4e4f079
plantvillage-2016,raw/color/Potato___Late_blight/954d36cb-4a20-4889-83dd-4cba7e7180f8___RS_LB 4536.JPG,1,potato_late_blight,train,1564,5d356e70928491456c9438c315062c1cf347ed03,f1b1f8f8f9f9f1f3
plantvillage-2016,raw/color/Potato___Late_blight/9570095c-02e9-497b-bec1-4e526f3462e5___RS_LB 2815.JPG,1,potato_late_blight,train,1565,f8abe394bf313199c12ab832586437ad6c843224,c080888c8686c660
plantvillage-2016,raw/color/Potato___Late_blight/95816fab-df6d-4730-8f52-4b64aac47e3d___RS_LB 3056.JPG,1,potato_late_blight,train,1566,f378466a5c6c7541f31c294baf4d5787f5c219f3,e1f0cc8c9cdce838
plantvillage-2016,raw/color/Potato___Late_blight/958a4438-2ced-4d8c-af73-871376cf6ed5___RS_LB 4483.JPG,1,potato_late_blight,train,1567,970e02f3ef790255bf9b46a9eadf81742238e107,454e9efcf0dcd8c0
plantvillage-2016,raw/color/Potato___Late_blight/9631fd8f-244c-4047-98e4-aecc907624c1___RS_LB 4573.JPG,1,potato_late_blight,train,1568,f5e2affac2746522a67d08fcf09dbab723fcf547,d070e8d8b2d6ecf8
plantvillage-2016,raw/color/Potato___Late_blight/967a677a-712c-447f-ba27-f59818944af0___RS_LB 4353.JPG,1,potato_late_blight,test,1569,9b83d8f8d9fb8f9519061ac9abbf915fe1f6139f,30b8b038f060e0c0
plantvillage-2016,raw/color/Potato___Late_blight/96879d98-11ca-40c7-9708-9ca8f235f407___RS_LB 2739.JPG,1,potato_late_blight,train,1570,f51b50424810c2704bffd5db4e8f891d11535e12,f1f8e6d7cbebf0f0
plantvillage-2016,raw/color/Potato___Late_blight/969aa93b-46d1-478c-a398-dcb4ed7d27bd___RS_LB 2870.JPG,1,potato_late_blight,train,1571,edaf189890aad49641148cffaff25a554e0199d5,2030909c96c66260
plantvillage-2016,raw/color/Potato___Late_blight/96a70433-9204-4a41-acad-d39932559068___RS_LB 3200.JPG,1,potato_late_blight,test,1572,8d532ef78d1c242b739f6249ea7ef5499ab345e6,fce2e2c7def0f1ff
plantvillage-2016,raw/color/Potato___Late_blight/971ec52d-67e9-4438-80f6-a6aa32fdc946___RS_LB 3048.JPG,1,potato_late_blight,test,1573,ea5e97f33fadf9c213eef1ef1c1dde5279fcd29e,00203898c2701c06
plantvillage-2016,raw/color/Potato___Late_blight/974344ba-438f-4190-b71c-875924190fdc___RS_LB 3866.JPG,1,potato_late_blight,train,1574,222d879de1387534bc0685184710b7d3d0569b32,fcf8f88c8c8082db
plantvillage-2016,raw/color/Potato___Late_blight/977cefff-6bb2-41d4-9496-d30e03c71112___RS_LB 3287.JPG,1,potato_late_blight,train,1575,357b10c708f52991a7c2f31ccf8c89ecbab3cc51,39f1f8f0e6ececd0
plantvillage-2016,raw/color/Potato___Late_blight/97a903b7-9b9b-4014-9052-a284f21bfd53___RS_LB 2511.JPG,1,potato_late_blight,train,1576,ad0e589315da935d7cb11513b9329217d96eb8bf,7f3971f3e3c6c684
plantvillage-2016,raw/color/Potato___Late_blight/97babc05-67f1-49d4-9821-6fb8294da5e8___RS_LB 4541.JPG,1,potato_late_blight,train,1577,bd9b36eec3bfcb63124f5b954e7237a0c1552889,e1d298dcccecf8f8
plantvillage-2016,raw/color/Potato___Late_blight/98a806fd-2839-4069-b40b-08522c34ccdc___RS_LB 3032.JPG,1,potato_late_blight,train,1578,5050d64d277ccc0ee57c12c23ed28b69e267020b,70f8f4a6e6c6e4f8
plantvillage-2016,raw/color/Potato___Late_blight/98f31440-de70-4c5f-be88-cdf2cb160d76___RS_LB 4947.JPG,1,potato_late_blight,train,1579,4cb6333217e2f81c53ac59b2a3d49f933f521817,f8f4f2d286c4e1f3
plantvillage-2016,raw/color/Potato___Late_blight/990428a4-bfa8-450d-a755-fade1df0a214___RS_LB 4082.JPG,1,potato_late_blight,train,1580,2508e2e8f8c009ac30b8ecea98d5ec6ab2f23779,3e7ae28488d0e040
plantvillage-2016,raw/color/Potato___Late_blight/99064106-3789-4de4-b109-ebc83a20d94b___RS_LB 2757.JPG,1,potato_late_blight,train,1581,3cba1a19d0f0b2dd24734af68fe6c8c1923ea75d,8080808486c6e634
plantvillage-2016,raw/color/Potato___Late_blight/9933b288-b5fe-4cbf-a9fa-58ef769b6f7c___RS_LB 2540.JPG,1,potato_late_blight,val,1582,543e2d83a95264a741c2a8e1da45930b42591e5f,fbf0e0c6c6cefc70
plantvillage-2016,raw/color/Potato___Late_blight/9934bde8-1c89-4ba6-95e6-015a69540873___RS_LB 4146.JPG,1,potato_late_blight,train,1583,1d486a6ea7c568b9d64e11ef208ad046ddbfaa54,0c3868cccc80a0c0
plantvillage-2016,raw/color/Potato___Late_blight/9996efa6-219d-4f07-aa12-dc8ca40609b9___RS_LB 2840.JPG,1,potato_late_blight,train,1584,d6743e342e2f5d1f6bcf203d6126cfa851a65d66,e3f9f8faf3f3ffff
plantvillage-2016,raw/color/Potato___Late_blight/9a179173-fbfb-4e92-9959-58b826625c9b___RS_LB 4761.JPG,1,potato_late_blight,test,1585,6677fd29341b889c11c796f120904756f1c08b81,e0d8e0ececdee676
plantvillage-2016,raw/color/Potato___Late_blight/9a726ce3-7b21-48de-b522-25d19f3c10e3___RS_LB 4765.JPG,1,potato_late_blight,train,1586,8ea1403fc47fa981edc113598b96512c07bdb867,1e36800c081090c0
plantvillage-2016,raw/color/Potato___Late_blight/9a7d732b-12e2-400f-9206-068df63de1ba___RS_LB 2926.JPG,1,potato_late_blight,train,1587,d9f0af868523ebd6d1be9e7d6dd3c466c02ebfe3,00203000c0626030
plantvillage-2016,raw/color/Potato___Late_blight/9bdce182-987e-4996-8cc8-34694b4e24e9___RS_LB 2837.JPG,1,potato_late_blight,val,1588,47eaaa662e57180b5822873cbf208e2eb1906d58,00808080c2c2723a
plantvillage-2016,raw/color/Potato___Late_blight/9c0e8576-642f-47a6-a053-c52e9025b7f6___RS_LB 4134.JPG,1,potato_late_blight,train,1589,aa0b2e990eec26160a5a2dde5eca54085dd2801f,0c3c74ecd8b0a0c0
plantvillage-2016,raw/color/Potato___Late_blight/9c230647-02da-4948-9c52-dfc87bb1d34a___RS_LB 4593.JPG,1,potato_late_blight,train,1590,cfbd21cc6a817ce4e190fa806077bfbf2ad35d0a,e0d0d4eef2e8f4ff
plantvillage-2016,raw/color/Potato___Late_blight/9c3ad8d7-58cb-4e7d-85c0-22f5cf105906___RS_LB 4680.JPG,1,potato_late_blight,train,1591,c08cbc3f428bb08524c7c080a024a0b7e360c6a1,187cecd2c8ccc0e1
plantvillage-2016,raw/color/Potato___Late_blight/9c6155e6-eb4b-4ef9-bcd5-812803cb16d9___RS_LB 3268.JPG,1,potato_late_blight,train,1592,26054dfe18937a2c476c9c3adfb7748ada03a80e,e1e18cb49cc8c4f0
plantvillage-2016,raw/color/Potato___Late_blight/9caba61f-ea63-4ea5-9d85-1f22b6a1a006___RS_LB 4451.JPG,1,potato_late_blight,train,1593,4ec94cb3539ad05f19c89aeceb29f3b5f85f4574,90e0e486c6e6723a
plantvillage-2016,raw/color/Potato___Late_blight/9ccb00a6-1542-4b0e-bd90-e7f1ff10e7f7___RS_LB 3058.JPG,1,potato_late_blight,train,1594,38a9919b47deeb202efec7847a932f71c3138629,e1f0f2f3ebf3ffff
plantvillage-2016,raw/color/Potato___Late_blight/9cd7c33b-e29a-4300-ba19-183fb6c82aca___RS_LB 4124.JPG,1,potato_late_blight,train,1595,a592ad1b5991bc13b8b8df30f9403982806f4a83,c080d8c8ecf4b4bc
plantvillage-2016,raw/color/Potato___Late_blight/9d0f96e2-93c7-4202-b1d1-6f878c066be7___RS_LB 3106.JPG,1,potato_late_blight,train,1596,3f69362cd05ea3dd97626dc0dee50812be21e0d1,c060180c8492c630
plantvillage-2016,raw/color/Potato___Late_blight/9dae6946-8d64-403b-bc51-b1b58cf8050b___RS_LB 4028.JPG,1,potato_late_blight,train,1597,3acb214e48c3b39fd705ac104924586a4a533045,1860c0888a9ca8e1
plantvillage-2016,raw/color/Potato___Late_blight/9e1dc573-9cc5-4bc1-9c95-63c7bfba54f1___RS_LB 2976.JPG,1,potato_late_blight,train,1598,a6e47fe8863f1058f1f80e64234c229e3618fd99,3870e2c2a42c98c0
plantvillage-2016,raw/color/Potato___Late_blight/9e38f130-d8bb-4872-9e46-f43c7d0877c7___RS_LB 5096.JPG,1,potato_late_blight,train,1599,310bf657b384bc8c5623953a78f393b639416296,71e0c4b4e0e0c0e0
plantvillage-2016,raw/color/Potato___Late_blight/9e5a95bd-b8d0-455f-bc85-b51a2086c88b___RS_LB 5326.JPG,1,potato_late_blight,train,1600,113fc1c7bc3c1c2b8bce20a3a83fa037a66069a6,c0b030860606e010
plantvillage-2016,raw/color/Potato___Late_blight/9e979a65-61bf-4d07-a444-7c22ae1a58b1___RS_LB 4886.JPG,1,potato_late_blight,train,1601,c2dfabc3d6a1ccfadc73a88f134d4ddf7a7ba19c,fef0e8d999b3a3c7
plantvillage-2016,raw/color/Potato___Late_blight/9f5acd9c-13b2-4246-a938-77774ba89318___RS_LB 3153.JPG,1,potato_late_blight,test,1602,84453a6f16e6215f2bcbb69ad8cc64918adc35cd,3e76ccdcbc99b9e3
plantvillage-2016,raw/color/Potato___Late_blight/9f9623f9-e632-4342-b698-95a0521953f9___RS_LB 3068.JPG,1,potato_late_blight,test,1603,1158fe188702cfd20d3f97fe680792226c462fad,e0c08088a8d4c060
plantvillage-2016,raw/color/Potato___Late_blight/9fa413c2-d724-4bc6-8aed-954a472cf228___RS_LB 4754.JPG,1,potato_late_blight,train,1604,bc8ce9c77adb16442f13d883af5692ca0ca8be7a,e3b1c0e4b6cee270
plantvillage-2016,raw/color/Potato___Late_blight/9fa8f0a5-50ba-41d9-8132-077a807fcf86___RS_LB 4045.JPG,1,potato_late_blight,train,1605,5f8eb663ac20408493f2ae5d885fc3da3141556f,60f0989cdcccf838
plantvillage-2016,raw/color/Potato___Late_blight/a0622f86-c94d-4b59-9483-68c57dee81fa___RS_LB 4794.JPG,1,potato_late_blight,train,1606,113057411e91b6959232920cdbc454bfe1a29400,3466c69c9c9cc0c1
plantvillage-2016,raw/color/Potato___Late_blight/a0c129b8-4fb3-406d-b2f6-1309fec50c70___RS_LB 5139.JPG,1,potato_late_blight,train,1607,3147edf7ffae1062b4dca7c308dc505e8852a00d,3860e0888c888080
plantvillage-2016,raw/color/Potato___Late_blight/a10d340a-b35c-4310-be59-caa58bb0d500___RS_LB 5154.JPG,1,potato_late_blight,train,1608,ae0f10f6aaf068a0261ae8c63e7cf41d5bb0ac93,0030302898d87818
plantvillage-2016,raw/color/Potato___Late_blight/a1523281-33d2-4cc4-910a-3d614a4cd085___RS_LB 2816.JPG,1,potato_late_blight,val,1609,b40ad0460d570d09622979be05e5b54a74277454,1c70e2c68e9cf8f0
plantvillage-2016,raw/color/Potato___Late_blight/a1f3508d-496b-4dd5-a820-d30acafd7d9b___RS_LB 2970.JPG,1,potato_late_blight,train,1610,9ae2cf3f136c1bea445e0b80245c8d3141b2867c,8040785c2c2682e2
plantvillage-2016,raw/color/Potato___Late_blight/a221647c-0dda-468b-93f9-81f50b14ff81___RS_LB 3942.JPG,1,potato_late_blight,train,1611,894487dbd60156888669d3a629abe389d25594a2,bdf4e6c383d6e0e9
plantvillage-2016,raw/color/Potato___Late_blight/a24f3bec-3fbb-461a-81ef-ab791ceb66e2___RS_LB 4818.JPG,1,potato_late_blight,val,1612,676bd0efa8898a601cf7c594ae560ecedfa784a6,0e3cf2d2b4ac3080
plantvillage-2016,raw/color/Potato___Late_blight/a2b27b82-4459-4dcb-a065-92a75f3c9c4b___RS_LB 5018.JPG,1,potato_late_blight,train,1613,0dff1bde581f36fbf0089488eb0e0a84cc3999bd,3060c88cccccccc0
plantvillage-2016,raw/color/Potato___Late_blight/a30baff1-96fb-4df5-9511-e131359b5fd8___RS_LB 4464.JPG,1,potato_late_blight,train,1614,2162bd4507dcf54b3a754fba302a89bd015d9ecf,3872e1c1c3d8c0c0
plantvillage-2016,raw/color/Potato___Late_blight/a3389c1f-d888-430d-bcf7-a546247ad6d2___RS_LB 3092.JPG,1,potato_late_blight,train,1615,fbd4c312164535e8b1079f85f333db842fb82d72,e3d8ccae9fcfe3f9
plantvillage-2016,raw/color/Potato___Late_blight/a33c54fb-6b78-4235-b34e-42f85f6bc5b8___RS_LB 5060.JPG,1,potato_late_blight,train,1616,75133b60f7500692b5022af8445f8786fd3598a7,061e3a72c6ccc0c0
plantvillage-2016,raw/color/Potato___Late_blight/a343cad1-3b4d-4761-b222-d0bbc0f4bdc0___RS_LB 2569.JPG,1,potato_late_blight,test,1617,20fd6a5229f3cdb7915accfecd67ddd96dba8dc1,267e62c280202080
plantvillage-2016,raw/color/Potato___Late_blight/a34d3777-22c7-4723-8b85-f766e042c121___RS_LB 4375.JPG,1,potato_late_blight,test,1618,1fc4bce7ef33c7be9e27d0920eeeb3a713f93a6a,fff0f8ededeffefc
plantvillage-2016,raw/color/Potato___Late_blight/a3bf27ee-b4ec-4f72-a25b-9d47b4cd100d___RS_LB 2889.JPG,1,potato_late_blight,train,1619,cd34c5c1d8769bffb9747fc7132a729170910f95,20ccc8485c18d0c0
plantvillage-2016,raw/color/Potato___Late_blight/a3e80876-49cd-4856-9253-8df14fc36dcd___RS_LB 3851.JPG,1,potato_late_blight,train,1620,7c5c02f913f65037bd0f48bc35e3d2b46c4d6701,8c1cbc3870706080
plantvillage-2016,raw/color/Potato___Late_blight/a440233c-0ef8-408f-8ebb-1c12e8bc4464___RS_LB 4768.JPG,1,potato_late_blight,train,1621,319e71ad36fbc02a52d0c335a56c86e98a010521,faf3e3e7f766f8f1
plantvillage-2016,raw/color/Potato___Late_blight/a4534f9b-87ca-4ce0-a6f8-84f94544ef37___RS_LB 2775.JPG,1,potato_late_blight,train,1622,de6023bd25018bf10d6b40385d56fc49197b2a10,fef6e7c98b9dd9eb
plantvillage-2016,raw/color/Potato___Late_blight/a5028ead-ac95-4a90-89cb-aaac512d502a___RS_LB 3957.JPG,1,potato_late_blight,train,1623,8969d18d63a6fcb466773f3e2ed4649933ae4508,78fcd697363c3ca0
plantvillage-2016,raw/color/Potato___Late_blight/a5a6ebeb-2535-441d-acf5-33bce305fa14___RS_LB 3304.JPG,1,potato_late_blight,val,1624,1eb92ef3229d214288da1879504d2dce99ce8af5,c0c0c0e0e0f0781e
plantvillage-2016,raw/color/Potato___Late_blight/a5aabda7-209a-4e1e-966c-de2a1ccc7869___RS_LB 5046.JPG,1,potato_late_blight,train,1625,d43415fa2c2583606faefb54a88204b7d727b524,1830fcf8f090a0e0
plantvillage-2016,raw/color/Potato___Late_blight/a6623827-bcdc-40ed-81e6-5cde1a1da997___RS_LB 3179.JPG,1,potato_late_blight,train,1626,4b74f070d922b112a661ff80feaa38480d63ece8,83e3d0ccdcc27418
plantvillage-2016,raw/color/Potato___Late_blight/a69b634c-1bb1-4098-9da0-8393f9b8d6e1___RS_LB 5120.JPG,1,potato_late_blight,train,1627,fe8884a2084be38a8b087a0c43eb8f26bba972ef,cfe3f0b29b8ae4f8
plantvillage-2016,raw/color/Potato___Late_blight/a6b27bfe-0e60-4984-98ca-af4b2316dfff___RS_LB 3881.JPG,1,potato_late_blight,test,1628,48dac8ca85359f2a764c58979458ce89b41ec4e0,8e9cbc7cf8d0c0c0
plantvillage-2016,raw/color/Potato___Late_blight/a6f75dd1-c290-4116-be6a-e3c94e40aa2a___RS_LB 3265.JPG,1,potato_late_blight,train,1629,3068745a4e8096a49db70d4845ae9598bd3ff029,f8f8fd999a9af8f0
plantvillage-2016,raw/color/Potato___Late_blight/a7097c51-bb53-4149-8140-4b9c3d94dbd4___RS_LB 4108.JPG,1,potato_late_blight,train,1630,cd7bff7193d597fe92b86476424cd076fb87091c,eff3f9c8eac6e6ec
plantvillage-2016,raw/color/Potato___Late_blight/a74a91d8-1a9d-4fa8-bc4b-26a32635a84d___RS_LB 3840.JPG,1,potato_late_blight,train,1631,47df183e5209185daafdb72a20d5762934337b17,f0f0f0c08eccccf8
plantvillage-2016,raw/color/Potato___Late_blight/a7dad20a-b0c0-408b-a961-17928319e17f___RS_LB 4645.JPG,1,potato_late_blight,train,1632,34ce460c8e04f2d4b341c9b7be0a1c50160402d1,bffcf4de9ad4d8f9
plantvillage-2016,raw/color/Potato___Late_blight/a7dc8b54-5e4a-4055-ae98-eba4268cf966___RS_LB 5243.JPG,1,potato_late_blight,train,1633,25caafb971653bb662f19fdc4d1c96bc5c377ae2,3cecc686cc90b0c0
plantvillage-2016,raw/color/Potato___Late_blight/a838f0ba-745a-4c0b-9895-f3349a6cee4a___RS_LB 4959.JPG,1,potato_late_blight,train,1634,995bae2ca15027a40adbfcd17b2510c752f22d48,1064c6948c98f1e3
plantvillage-2016,raw/color/Potato___Late_blight/a84f32fc-ec8a-42e9-9f43-9efcf6493199___RS_LB 4884.JPG,1,potato_late_blight,train,1635,47ee6e339c1c79939fb0094c53beb83c04b8fa9e,3068dc8c8ec6c438
plantvillage-2016,raw/color/Potato___Late_blight/a88a6388-09fa-4cfc-a82e-94d5fd3b4972___RS_LB 2748.JPG,1,potato_late_blight,train,1636,39f919e373dcde615e7e3b028c828e0b6f464a15,b9f0cc9c9c98ccf8
plantvillage-2016,raw/color/Potato___Late_blight/a896e0bb-67a4-4762-b74a-1c58b14622b0___RS_LB 5013.JPG,1,potato_late_blight,train,1637,9db3cf6092d1a3bcfc6d8ed9e8dc371c55ea8c5e,808088848e86e038
plantvillage-2016,raw/color/Potato___Late_blight/a8db407c-12cb-460c-991a-8f60d20c06bc___RS_LB 5117.JPG,1,potato_late_blight,val,1638,02e51b7b56a2752149434777f91e599fc88df98b,60e0ece4b6cc6838
plantvillage-2016,raw/color/Potato___Late_blight/a8f16f61-a090-4b29-9569-5e7d0e17fda5___RS_LB 4460.JPG,1,potato_late_blight,test,1639,b4d35cb689a3be3500a48e87dfbd350fd8f46fdc,0090586ca6c2f218
plantvillage-2016,raw/color/Potato___Late_blight/a904edc1-4c4d-4171-a46e-ae914010884b___RS_LB 4373.JPG,1,potato_late_blight,train,1640,e8d8a52daf06ba0fa7a0b58d46dd3228b50b9c2c,0860e0e4c1e00080
plantvillage-2016,raw/color/Potato___Late_blight/a9c8a264-33be-48f1-bd1d-2cc6c9c8e247___RS_LB 4888.JPG,1,potato_late_blight,train,1641,fb6221f632a2a48dcb7301f363f9316b2683cdc7,1c72e2ce9ecee6f8
plantvillage-2016,raw/color/Potato___Late_blight/a9d4290d-55a1-4a8d-83a8-5277a00e5fbc___RS_LB 4076.JPG,1,potato_late_blight,train,1642,1b82c0860eecaf920b506a7dc20891d0c8bfc48b,04809080a0e8e078
plantvillage-2016,raw/color/Potato___Late_blight/aa246de3-c183-4133-b4a9-2eba3fe3ae56___RS_LB 2951.JPG,1,potato_late_blight,train,1643,da6aee07dc58840e62cedcd796f8ca2b42db3926,e3b1f9bc98cc7818
plantvillage-2016,raw/color/Potato___Late_blight/aa58c1c8-82a1-4e68-9ecb-3cd47341d09b___RS_LB 4331.JPG,1,potato_late_blight,test,1644,6dffae0ba080420cf5f2bebfe66dcfaef01a339d,78f8e2c4c4c8c830
plantvillage-2016,raw/color/Potato___Late_blight/aaf6fed2-0c7d-47b5-99df-bb6950092fe5___RS_LB 2723.JPG,1,potato_late_blight,train,1645,46c3bb0a9279a993fa04b5cfa660bea5ee32f1da,64f4e4e6c6d2eefc
plantvillage-2016,raw/color/Potato___Late_blight/ab72ec63-290e-4e95-ab0a-b551ed44ab3b___RS_LB 3286.JPG,1,potato_late_blight,train,1646,9241e1a49fd5bc41a082aaffc6a72be309ab7477,e9f1f0fee7e7faf0
plantvillage-2016,raw/color/Potato___Late_blight/ab9b15fb-d4cc-4d67-a5bb-8b88f066c1db___RS_LB 4825.JPG,1,potato_late_blight,train,1647,64619d696ccc08143f8135db7c8e452deacb8344,30e0c4860eacd070
plantvillage-2016,raw/color/Potato___Late_blight/ac35ccac-2c52-4af5-b0e3-3325f45e2c97___RS_LB 2749.JPG,1,potato_late_blight,test,1648,43f8acc254ad7790d80bb210bf8ab8e3fb580612,1c7cc41a380880c0
plantvillage-2016,raw/color/Potato___Late_blight/ac42817b-71f9-4336-ad8b-bdfb4b27a64a___RS_LB 4782.JPG,1,potato_late_blight,train,1649,a8fd6c47822fac10319d706c51a3472a9a1c3ae4,3070e0e225a0c868
plantvillage-2016,raw/color/Potato___Late_blight/acd7a42b-15eb-40e4-823c-49eff6b4e95e___RS_LB 4636.JPG,1,potato_late_blight,train,1650,3f196e1d773b83939c38d2e0f4c46d779988b509,0001c0c0d03c0400
plantvillage-2016,raw/color/Potato___Late_blight/aceeb511-1332-4d25-b9fe-64d53445396a___RS_LB 4837.JPG,1,potato_late_blight,train,1651,030d9d3a679780292df7d4424b797f01cba99dfd,c3e1f8dcdecb777c
plantvillage-2016,raw/color/Potato___Late_blight/acf05b32-0d7e-423c-96b2-f78b6fdf975d___RS_LB 5309.JPG,1,potato_late_blight,train,1652,a39abb8160ad68e826b25316e1b0862d2174d6ec,818130308a60301c
plantvillage-2016,raw/color/Potato___Late_blight/ad2396a9-306e-4ca9-88dc-56b2bde77c6b___RS_LB 2755.JPG,1,potato_late_blight,train,1653,7e27db7b06aff23f00b933825a16c168965048ef,387cf8d892ecf860
plantvillage-2016,raw/color/Potato___Late_blight/ad628434-32ce-4365-90b0-f394d98fbe00___RS_LB 4905.JPG,1,potato_late_blight,train,1654,88bfeace3adda4078f0ce6819271c0e828e54e75,0cf0c4849c98f123
plantvillage-2016,raw/color/Potato___Late_blight/ae20cc4e-fe37-48f0-9566-2d2efc5afd38___RS_LB 4290.JPG,1,potato_late_blight,train,1655,496a22731959f10bd87e1ad04fd31253164c933b,0018489c3c301080
plantvillage-2016,raw/color/Potato___Late_blight/ae52f85f-bce0-4fb9-a109-009e099a72e6___RS_LB 4972.JPG,1,potato_late_blight,train,1656,087d5a81adaee6850751fb1261e6b3c9c2aa3224,5070f4b69692c068
plantvillage-2016,raw/color/Potato___Late_blight/ae5b08fa-25b7-4006-8b1b-2415356b3847___RS_LB 5453.JPG,1,potato_late_blight,train,1657,ab669b51446e785bd892e719620e29315d5f31b3,7d6c793a3264c8d1
plantvillage-2016,raw/color/Potato___Late_blight/ae805316-66e9-4aaf-b938-8460734b90ec___RS_LB 3004.JPG,1,potato_late_blight,train,1658,f55b08f1a1cc04fc9ed7b8dc7a42593952bd2a2c,69e0e0d2160796f8
plantvillage-2016,raw/color/Potato___Late_blight/ae80781d-725e-486e-9677-4149b0d751ef___RS_LB 5442.JPG,1,potato_late_blight,train,1659,00ba9eebaed9e226696447e7f11d478351391954,7e7cfcfcf0e0a0e2
plantvillage-2016,raw/color/Potato___Late_blight/ae966e38-73b3-47c1-9421-20ac2f570f46___RS_LB 3240.JPG,1,potato_late_blight,val,1660,eb56aadcfbba32ff6a6c0718c3c0bdcee44519ed,008080a8cc481c0c
plantvillage-2016,raw/color/Potato___Late_blight/ae9e4c46-171c-460c-a37f-ddf13c260411___RS_LB 4961.JPG,1,potato_late_blight,train,1661,2cb37bea34a8fb9c2cbe5dee20a03bf0eabbb219,7efce6829c9cd9f3
plantvillage-2016,raw/color/Potato___Late_blight/aec94baf-a0e8-43af-80af-4bab46d84ad8___RS_LB 5100.JPG,1,potato_late_blight,train,1662,d83e0078dd948a6a9b2a9729a19d7af417491775,fef9f9dbdfebdcd9
plantvillage-2016,raw/color/Potato___Late_blight/af13137c-1561-4c1c-b85b-5ec8930f2b38___RS_LB 5425.JPG,1,potato_late_blight,train,1663,466783a0e28747b7592b77ed2ab9f9b62ecd5061,c3e1f8e2f2fafcfe
plantvillage-2016,raw/color/Potato___Late_blight/af17b876-b0e7-43ce-95e8-8591066dfdc9___RS_LB 3976.JPG,1,potato_late_blight,train,1664,132b79ea8536ae61abb1a366ec6d86fdc99fc280,84212084c4f87c1c
plantvillage-2016,raw/color/Potato___Late_blight/afc0f88e-8a22-44d1-8575-8945058360c7___RS_LB 4895.JPG,1,potato_late_blight,train,1665,091483f5391051924135e9440970237a742666e8,c7818886c7c3e3f6
plantvillage-2016,raw/color/Potato___Late_blight/afcad9ca-9bd2-4c7b-b034-2b3d0360ac30___RS_LB 2741.JPG,1,potato_late_blight,train,1666,8c6f720e1a5ae9b1dc519f11113d328f27c0adc7,fcecccdabaf2e470
plantvillage-2016,raw/color/Potato___Late_blight/b0137e92-ce1b-4523-95f0-7a827c206ee0___RS_LB 2913.JPG,1,potato_late_blight,train,1667,411b4a1c01d55b6822615547b5e0a9b02e5e532f,f8f8f8f0a29cd8e1
plantvillage-2016,raw/color/Potato___Late_blight/b03529cf-21fd-4c94-a948-461a8d17e01c___RS_LB 4828.JPG,1,potato_late_blight,train,1668,b222b79fcf0581dad1f76bf941c5b4ba4fc59748,7c70e6c6e68cd8f1
plantvillage-2016,raw/color/Potato___Late_blight/b0945b27-3331-4f03-b1c9-1465e12577aa___RS_LB 4355.JPG,1,potato_late_blight,train,1669,8b3738d95cf4b2a3712d48be1ccd6a83b96399b2,ffe7cecefcf0cbdf
plantvillage-2016,raw/color/Potato___Late_blight/b0db9fbb-ff7f-4b5c-901c-19c7797c1d4a___RS_LB 2969.JPG,1,potato_late_blight,train,1670,5b539146439a2d3109fb400e87ceff38c0294b22,3ec6060e0c8cc840
plantvillage-2016,raw/color/Potato___Late_blight/b0e6c386-35dc-4982-acc6-f393c7f58c67___RS_LB 5036.JPG,1,potato_late_blight,train,1671,693c9989fde7c5c27bf66409d0db406cb4c84cdf,79ecc6c387c6c6ec
plantvillage-2016,raw/color/Potato___Late_blight/b0eebb8f-c322-4b56-8897-2cc98d474440___RS_LB 5286.JPG,1,potato_late_blight,train,1672,1e6147b228064356f244e950487600223f5e3138,62f0fc8eaeb0f072
plantvillage-2016,raw/color/Potato___Late_blight/b101bc59-5734-4c39-896f-de29d98b1dce___RS_LB 4702.JPG,1,potato_late_blight,train,1673,459d6777635a32cc473d86486499677087e7e363,f2f8d8dcc998f8f0
plantvillage-2016,raw/color/Potato___Late_blight/b11189c8-ab6f-4d69-9ffa-e52749d2a3a5___RS_LB 4537.JPG,1,potato_late_blight,train,1674,d688e9d268addf88ed4e92c4ed19e036a843769b,f7b1e9e4c0f0fe9c
plantvillage-2016,raw/color/Potato___Late_blight/b14b93eb-5c1b-4df8-a30f-17afd953e7fc___RS_LB 4101.JPG,1,potato_late_blight,train,1675,15fc5701f8b0a381a19eb7cb518c58921a006c6d,808080c4c0e27850
plantvillage-2016,raw/color/Potato___Late_blight/b167bd40-798f-4e70-a735-f191350dd057___RS_LB 4017.JPG,1,potato_late_blight,train,1676,8a04fdf8dd2b33bf30f5f8bdc3b88d502e480803,8080b0b88ee0f898
plantvillage-2016,raw/color/Potato___Late_blight/b22a71a5-31a9-40c5-a3df-313e52748a61___RS_LB 4610.JPG,1,potato_late_blight,train,1677,3d43282382952c1e3f386a2632073545aee7db41,70e0c88222c2d010
plantvillage-2016,raw/color/Potato___Late_blight/b2492a9e-c038-48a7-8524-8f0aca7dc870___RS_LB 4291.JPG,1,potato_late_blight,train,1678,837e562d6660acda0b55d5c29cc055de39942f0b,fcf8c68cb8b060c5
plantvillage-2016,raw/color/Potato___Late_blight/b294595b-8950-4e5b-8dfc-2ad9ca2c5e0a___RS_LB 4475.JPG,1,potato_late_blight,train,1679,9770cf07e772661feada2b72e2912b23cad069af,80c0a0a0a0f0f808
plantvillage-2016,raw/color/Potato___Late_blight/b3123a68-bf01-4d71-a561-e1e7363a6419___RS_LB 2586.JPG,1,potato_late_blight,train,1680,b4023a2da102ae87728e7e82a2e8e591615db356,1c7ae6ce9adcd8e1
plantvillage-2016,raw/color/Potato___Late_blight/b334273e-833f-48fc-b6fb-7d7a31e1a541___RS_LB 4112.JPG,1,potato_late_blight,train,1681,3669e3902d71a9afdcf8583686aeae7e9048d0a8,0c3870c4c880c060
plantvillage-2016,raw/color/Potato___Late_blight/b340ff00-3d44-4394-90c5-797dc39f8389___RS_LB 4953.JPG,1,potato_late_blight,train,1682,df0e60f2e118ed26b53ebc9f509e599002420db8,00c180a4c67a3c0c
plantvillage-2016,raw/color/Potato___Late_blight/b367b969-aec9-4555-9ea2-0a982b38be62___RS_LB 4682.JPG,1,potato_late_blight,train,1683,9e3e658ac92bdacc5a7beca2fbbe5375a6d37b50,8080a0b0e46c3c18
plantvillage-2016,raw/color/Potato___Late_blight/b3e1ec14-6de4-4afc-9ceb-254469c8ce15___RS_LB 3910.JPG,1,potato_late_blight,train,1684,9901b642de8bf0ba84099fb1561e58dbde3d47ca,0878f8f8f8f0e0e1
plantvillage-2016,raw/color/Potato___Late_blight/b402845e-5414-423e-9f6d-29e3bdbb505b___RS_LB 2825.JPG,1,potato_late_blight,train,1685,19356e6aaeae4e347bf91e614f4241c079b8c928,ece6c7878ddddcfc
plantvillage-2016,raw/color/Potato___Late_blight/b41284a3-27e9-4f0c-8946-4deb0b8fc238___RS_LB 2839.JPG,1,potato_late_blight,train,1686,ab7e2226393358e2e6352ccfc6f96e745ea15abd,fcfcfafebe9c98f9
plantvillage-2016,raw/color/Potato___Late_blight/b469e38c-ef99-4ed1-b294-1e65727138fb___RS_LB 4056.JPG,1,potato_late_blight,train,1687,838b61124d2be515f82aa23cee7efc5bab509978,ffc1f0dcdcecfcfc
plantvillage-2016,raw/color/Potato___Late_blight/b4adb8c4-2cea-4027-b0fd-528406b14c86___RS_LB 4066.JPG,1,potato_late_blight,train,1688,849d10ca0de906ba9316737fbfcabd9ce73566d1,70f0e8e2fec6e470
plantvillage-2016,raw/color/Potato___Late_blight/b4e52186-de58-4c06-bbd2-2fb3dbeda13e___RS_LB 2655.JPG,1,potato_late_blight,train,1689,45d94a81ebd9385f5dec57d22dad3bd220d97416,beffdf8fdfcedcf3
plantvillage-2016,raw/color/Potato___Late_blight/b5190917-8638-44bf-b16a-8004d2b6a58f___RS_LB 5241.JPG,1,potato_late_blight,train,1690,7fe1d25924554cb01007f5fa88fe21fb07d0e037,7cf8dabf9e9eb1d3
plantvillage-2016,raw/color/Potato___Late_blight/b5442887-db0b-4b94-a6f1-18505731a599___RS_LB 4969.JPG,1,potato_late_blight,train,1691,bf9f5f7d43c70a63666647d0e3b701c637d48159,0e3c746eccccc1c3
plantvillage-2016,raw/color/Potato___Late_blight/b574ad16-1c07-4f70-bf1d-e2314d2dd81f___RS_LB 2849.JPG,1,potato_late_blight,train,1692,6a4c4e95c308fec29e0d88ced5e035a1832217e9,80902084d482f070
plantvillage-2016,raw/color/Potato___Late_blight/b57c6336-3be6-4021-b240-8547da86d218___RS_LB 5007.JPG,1,potato_late_blight,train,1693,7d544d6ab51033d8e49807d7775329d0e3c44376,c491181ccac6742d
plantvillage-2016,raw/color/Potato___Late_blight/b598f9a7-b582-4fef-9c3d-cc985f2f9c03___RS_LB 3294.JPG,1,potato_late_blight,train,1694,0011e7d4c57dbac59aefe64445ff4e6ed6b44619,e3b9b8b6c7e7f7ff
plantvillage-2016,raw/color/Potato___Late_blight/b59e4b5d-4ef0-4b8f-a111-ee745e3d0334___RS_LB 4891.JPG,1,potato_late_blight,train,1695,04414bdd5c1ffb676650c198f4201d949c3a0142,70c0989c040cc143
plantvillage-2016,raw/color/Potato___Late_blight/b5f127d1-1b1a-4baa-9158-58cf4b679990___RS_LB 4488.JPG,1,potato_late_blight,train,1696,fa090fdc956919f46f31eae28fb829df3ba635bc,fcdc9cbcbed6d6df
plantvillage-2016,raw/color/Potato___Late_blight/b64e4518-147a-4a75-9f9b-33db8902aa12___RS_LB 3202.JPG,1,potato_late_blight,train,1697,9e234b46abfc42d6e1ecec5a8d264b25a3a858ba,397072ccc8f0e287
plantvillage-2016,raw/color/Potato___Late_blight/b65fddcf-cc40-4632-a0c4-70fff2f68009___RS_LB 4481.JPG,1,potato_late_blight,train,1698,b52ed6880d32a7df11d75a5f819c4ca0a4ec6252,0000100888cce030
plantvillage-2016,raw/color/Potato___Late_blight/b69f17e7-b4e1-4911-91e4-01976bacba2d___RS_LB 5053.JPG,1,potato_late_blight,train,1699,1cc40b4713b329112061673f384ab257ac1050f2,60e1ccc4c4c4e071
plantvillage-2016,raw/color/Potato___Late_blight/b6ad95ed-8f05-42a1-ac35-581696454497___RS_LB 3855.JPG,1,potato_late_blight,train,1700,0a444e8b6cbc76388e7af562b71c9f3eaf6f12ef,e3b98c8682c2c068
plantvillage-2016,raw/color/Potato___Late_blight/b6b937ed-f629-4136-8d5a-38b734f7f662___RS_LB 4595.JPG,1,potato_late_blight,train,1701,6ceffe704b71d0988db5b7bf1e0ccb4ede886af1,c7c190dbdfdbfeff
plantvillage-2016,raw/color/Potato___Late_blight/b74d0fd1-9af7-4053-8538-ee937236a64d___RS_LB 4918.JPG,1,potato_late_blight,train,1702,2a58c393a226800e33959d5004a658e509d77962,8480808caae66638
plantvillage-2016,raw/color/Potato___Late_blight/b811c2af-734e-4689-aa43-4ab1d4faec32___RS_LB 4719.JPG,1,potato_late_blight,train,1703,8d5acab6b615567c1b1e58dd7e2fe4a275c2ca04,f0f0d89898f1f2f4
plantvillage-2016,raw/color/Potato___Late_blight/b86274d3-554a-495d-8304-76484e3c4d15___RS_LB 4442.JPG,1,potato_late_blight,train,1704,0c0a6894550090ee50f2ea8fe06a43d6b531330c,38e8d8b0a0ecc0c0
plantvillage-2016,raw/color/Potato___Late_blight/b86630ca-89d0-4f83-9942-c1bfcce6b06c___RS_LB 4339.JPG,1,potato_late_blight,train,1705,338bf7b5f58cf51005c034798eedd44bd456aedc,f7d1dcbcb87cec78
plantvillage-2016,raw/color/Potato___Late_blight/b89a9e11-b184-4b4d-bc56-5f27a2626982___RS_LB 2512.JPG,1,potato_late_blight,train,1706,ecab1d8bb61f0f782e021d8aca791f16f9c3153c,fc7667e7e7a5e3c3
plantvillage-2016,raw/color/Potato___Late_blight/b8b4064f-208a-46f9-b13e-5096fdbdb429___RS_LB 2591.JPG,1,potato_late_blight,train,1707,43c0823940b42351492abaf47481fd1738c1cf6e,fff6ebf3b3e2ccfd
plantvillage-2016,raw/color/Potato___Late_blight/b9302a2f-a369-4b05-aed6-632287f42ed7___RS_LB 4452.JPG,1,potato_late_blight,val,1708,884c7c9eee420526d5670a4796d8571da77182a6,76f0e4c59f1e5cf8
plantvillage-2016,raw/color/Potato___Late_blight/b9474ec5-5a67-4207-98ec-5671c19f8f59___RS_LB 2545.JPG,1,potato_late_blight,train,1709,965cdbf28355e4fe6343320eae517b52bbe2c35d,fcf4f2ceeeecfce3
plantvillage-2016,raw/color/Potato___Late_blight/b9939f3e-c71c-4653-acff-109a8266dddf___RS_LB 2787.JPG,1,potato_late_blight,train,1710,2d830d266a1e24ab39da191e76a6daa0a0a7fbcb,0000402486c2e230
plantvillage-2016,raw/color/Potato___Late_blight/b9ad8d86-aadb-44b4-9bba-d6adb446afd7___RS_LB 5188.JPG,1,potato_late_blight,train,1711,dc8b9b28cf0bd122317dda2a5688a25cee09aff8,043870e6e4c0c0c0
plantvillage-2016,raw/color/Potato___Late_blight/b9aecfc3-98d5-467a-8773-ee2905918c71___RS_LB 5161.JPG,1,potato_late_blight,train,1712,8eced80c66611f9f31c3c2bec3b34f96421e31aa,b03c86a43c9ce2f8
plantvillage-2016,raw/color/Potato___Late_blight/b9cde1e2-71f8-46a2-9fa4-0bfc7d16815f___RS_LB 2610.JPG,1,potato_late_blight,train,1713,03daa6d4e697aab017c66e4ebfd5b5fe702ccf0e,00a090d0ccc4e664
plantvillage-2016,raw/color/Potato___Late_blight/ba15e1af-3f3a-4eef-8be1-4f0a221444fd___RS_LB 2866.JPG,1,potato_late_blight,val,1714,e0ca80317590e1aed897759eb0bc89b50ba4b71c,eae6c7878bcaecfc
plantvillage-2016,raw/color/Potato___Late_blight/baac20f4-7978-4258-8cd0-f3f8fe98bf83___RS_LB 4774.JPG,1,potato_late_blight,train,1715,4e21b229786a460d5d45f56fc54a46df04eaf7d7,e7cc9e83c7e7eefd
plantvillage-2016,raw/color/Potato___Late_blight/bb1949c9-c779-4490-b1cc-d82302bc1df9___RS_LB 2901.JPG,1,potato_late_blight,train,1716,00901658813c6fd77b0c3f097a2dc9c677f4ff68,1e7ce2c69e968cd0
plantvillage-2016,raw/color/Potato___Late_blight/bb19c5f3-2937-4c87-b964-d922088f4b19___RS_LB 4950.JPG,1,potato_late_blight,train,1717,0228960f31c839d2825b1cfe016c85bcfe2a93dc,0c3872d286dcd020
plantvillage-2016,raw/color/Potato___Late_blight/bb3049f8-7377-4610-b13f-8daf6753bda7___RS_LB 4031.JPG,1,potato_late_blight,train,1718,c2e50b6a27c16d51b0ace0021ff6f2cb6649759e,7f7cfef69e9cf0e1
plantvillage-2016,raw/color/Potato___Late_blight/bb4aa884-a811-4229-bfc0-1df1e7330877___RS_LB 5049.JPG,1,potato_late_blight,train,1719,e78f4122fee1f7eec35630e2782d17370019176e,fce4c687969edcfd
plantvillage-2016,raw/color/Potato___Late_blight/bb81b8a0-3d1e-4cef-aeb5-31ac32f1761a___RS_LB 5268.JPG,1,potato_late_blight,train,1720,9da1c4a0b7f49ac9fe6fa8e27c1b4367def75263,30e0e4c686966818
plantvillage-2016,raw/color/Potato___Late_blight/bbdf98a1-9e54-4afd-bdfc-870d91627a52___RS_LB 2853.JPG,1,potato_late_blight,train,1721,08464f4eeb9a6ad5f43c982c9967a2e909c81e24,78ccd4c4cececef0
plantvillage-2016,raw/color/Potato___Late_blight/bc53f0fd-df00-42c6-ad50-aef25d2c6f7a___RS_LB 2954.JPG,1,potato_late_blight,val,1722,b87b2a3351aa993a9f109fe6ca094f7f183a4a76,3978e4d8c2ceccf0
plantvillage-2016,raw/color/Potato___Late_blight/bc5b403e-ecc2-4fde-bafa-9b8698e4545c___RS_LB 4448.JPG,1,potato_late_blight,train,1723,3efad72ecb534c801b90d14ac250280c88b19a27,3e7ced9db9faf0e0
plantvillage-2016,raw/color/Potato___Late_blight/bc91cb1b-aece-4108-92db-839a106351a5___RS_LB 3087.JPG,1,potato_late_blight,train,1724,cbd4964e97dcf9db6c72ea8d69bd0ec239fe68f1,3030f0dc9c8eccf8
plantvillage-2016,raw/color/Potato___Late_blight/bd586e94-fa36-4aed-be05-7a0028d40118___RS_LB 2650.JPG,1,potato_late_blight,train,1725,b42a9b2d88a5d67b0bb5ed775767d7a08921f078,1074e4e8f8e0c0e1
plantvillage-2016,raw/color/Potato___Late_blight/bd632f59-ff1c-452f-b504-053fa95ab000___RS_LB 4356.JPG,1,potato_late_blight,train,1726,bd8022d608d7d024a203995174670451f2321e74,7c78f6e63c38d0b0
plantvillage-2016,raw/color/Potato___Late_blight/bd70c718-5846-42a1-8b05-22792ec98738___RS_LB 4992.JPG,1,potato_late_blight,val,1727,054de04429989c486b126ea9945e3bd0ad62080d,70e9ccecac9cd050
plantvillage-2016,raw/color/Potato___Late_blight/bd94e2a1-d503-417b-8552-f252a5665476___RS_LB 4006.JPG,1,potato_late_blight,train,1728,59aef6aa31b2690c0501fd31cea0c810dccc39c6,7978e6c2c6e6f071
plantvillage-2016,raw/color/Potato___Late_blight/be013aee-1311-4679-ae86-1c6fba5f55e5___RS_LB 2799.JPG,1,potato_late_blight,val,1729,91f022a97dc70305a6eef03b1deaa334ab0e9c38,3978e4c69e9cd8e1
plantvillage-2016,raw/color/Potato___Late_blight/be6b5fab-c3de-4d33-b7fc-87bf794d8705___RS_LB 4850.JPG,1,potato_late_blight,val,1730,221a06d4694a90eac385187bb8b08fc76a5f7f8d,83819ccceefafcfc
plantvillage-2016,raw/color/Potato___Late_blight/befda082-9237-4371-bd11-5d3513a365a5___RS_LB 2608.JPG,1,potato_late_blight,test,1731,947cd2975bbd6d9e0d56f876e92f68b2f3af8498,2371f8c89c82c0e0
plantvillage-2016,raw/color/Potato___Late_blight/bf07f2b7-6ab3-4192-a418-ecabc32a11fe___RS_LB 2576.JPG,1,potato_late_blight,train,1732,ed9899efe648a67964c3b94d4e0cb455c8de2459,3cd0869e1c1c0040
plantvillage-2016,raw/color/Potato___Late_blight/bf6ce80d-ca31-4d72-b56a-dbd6e6f2847a___RS_LB 4022.JPG,1,potato_late_blight,val,1733,1b1653d6a23872cbaeda83382190ac9e0209f2da,e0d0f8f0d8e8f018
plantvillage-2016,raw/color/Potato___Late_blight/c008d8a7-aa55-400b-ad6c-f4fd7654c516___RS_LB 5242.JPG,1,potato_late_blight,train,1734,05f6f2f20aeea3619dc6e11224d18d74408a9138,c3c0bcbf9ff6f6bf
plantvillage-2016,raw/color/Potato___Late_blight/c01daf14-9595-4b10-974d-3452fe133060___RS_LB 4463.JPG,1,potato_late_blight,test,1735,c31ea20dc66bac51db3597b850c08da90b836cf9,6bc8b870fcf0e8e9
plantvillage-2016,raw/color/Potato___Late_blight/c073bdde-9753-4035-8758-31fdc7cae993___RS_LB 2916.JPG,1,potato_late_blight,train,1736,6672c9c49efcb8f549c261e8417ebe4adfcfa732,1e3c62dee0c4d1e1
plantvillage-2016,raw/color/Potato___Late_blight/c0a69909-e94c-4155-a008-20b5445c56d7___RS_LB 3909.JPG,1,potato_late_blight,val,1737,6042d856b8ce32518e96da4b5ccf2c10ebd050c8,fbe0f4c8dcccfcb0
plantvillage-2016,raw/color/Potato___Late_blight/c0aeb29d-b504-47b5-aa5f-940a4f3b4e89___RS_LB 2972.JPG,1,potato_late_blight,train,1738,c1ac230eaa6a0adb069030b7c1926f41e62b99da,fdf1c5878f9ef0e1
plantvillage-2016,raw/color/Potato___Late_blight/c0e1bf8b-8b3d-4e00-bbd7-dc134dd9ca42___RS_LB 3234.JPG,1,potato_late_blight,train,1739,882f5f9bbbefa0cffae4bf7ff764eada850ee894,c3a1e0d8cccce430
plantvillage-2016,raw/color/Potato___Late_blight/c101232e-6487-495c-ad3a-27cd1e5fb2b9___RS_LB 2573.JPG,1,potato_late_blight,train,1740,d7e85ed787f92736bc0408514c1563ddfd7b581a,fcfceac9ca9a9cc1
plantvillage-2016,raw/color/Potato___Late_blight/c1389cbc-d327-478b-92b3-550c3210ed5a___RS_LB 4025.JPG,1,potato_late_blight,train,1741,0a5b84a23525ba243556fc4dc47554fa63e54bb6,7e7e7afafcfcf973
plantvillage-2016,raw/color/Potato___Late_blight/c16b698a-77b9-48f7-943a-457d475242ef___RS_LB 2918.JPG,1,potato_late_blight,train,1742,98689bc6d1370ff7ad753e5503ff7f1150d684f1,307af0f26000a080
plantvillage-2016,raw/color/Potato___Late_blight/c18a017c-262c-41ca-93f3-8fc97ffd7043___RS_LB 4770.JPG,1,potato_late_blight,train,1743,d759bfbb54782af00047f4491b79c31f494862a3,f0c0c082868ee0f0
plantvillage-2016,raw/color/Potato___Late_blight/c206ebe3-c06e-4eb9-a537-a719cfa1e3c0___RS_LB 5140.JPG,1,potato_late_blight,train,1744,0e2e6cf1ab0e9d1e8fe8b8ebbe6f6d278b32e6ef,60e0c4068aa86010
plantvillage-2016,raw/color/Potato___Late_blight/c268fd1d-0a6d-46f1-bbcd-81b4e79894e6___RS_LB 2808.JPG,1,potato_late_blight,train,1745,b284ca1c468d7e6aab89351505d3ab5d226f9bc4,0eeec6868c88c0e0
plantvillage-2016,raw/color/Potato___Late_blight/c3134b97-50a1-4aa2-937d-1e15405b9803___RS_LB 4565.JPG,1,potato_late_blight,train,1746,a39436fb516c31e920bd3097d1d3738570aaa1fe,93b3d8accecef6f9
plantvillage-2016,raw/color/Potato___Late_blight/c3cd2ad3-174e-48b4-a7a5-ce63be745fd5___RS_LB 3243.JPG,1,potato_late_blight,train,1747,8d4cdc77dd94c51deef99056f1302818af6e53d8,c6e1b4b697f3f8f8
plantvillage-2016,raw/color/Potato___Late_blight/c4263e49-60ed-4f6b-aa78-cc9f3117ce73___RS_LB 4100.JPG,1,potato_late_blight,train,1748,5f8650559f9326d48f6317189adba99f7b2eab18,1c64c484989880c0
plantvillage-2016,raw/color/Potato___Late_blight/c48719ce-1230-465b-b481-177b7e0f7074___RS_LB 3835.JPG,1,potato_late_blight,train,1749,75be9b1f0bee3103cc7aa275d168dc1e9139cb77,58f0c00c18302001
plantvillage-2016,raw/color/Potato___Late_blight/c4aec622-2e7b-49f6-bab3-6c4dce29f155___RS_LB 3118.JPG,1,potato_late_blight,val,1750,bb405048c8aafe4d7ce6278d7a7839cc8538a82e,1e3e3071636eeef8
plantvillage-2016,raw/color/Potato___Late_blight/c4c1c25f-0594-4c81-a1e0-a609ee1f0808___RS_LB 2653.JPG,1,potato_late_blight,train,1751,0cb2bed6db051e2f18b16118396bb54c427e25de,60e0c0e0f0bcc0c0
plantvillage-2016,raw/color/Potato___Late_blight/c58de13c-b59d-4497-ae5a-08b425919b64___RS_LB 3116.JPG,1,potato_late_blight,test,1752,a729e88cc4c3dbbbd8ef559972dcc9c44607de1b,71e4e3c7c7cfeff6
plantvillage-2016,raw/color/Potato___Late_blight/c5ff46d5-8f49-409f-b3c1-9a1a25418f47___RS_LB 2596.JPG,1,potato_late_blight,train,1753,6ebcef92b392417ad622e41f29532511db7ab461,c080b898a88ce020
plantvillage-2016,raw/color/Potato___Late_blight/c60533e5-8080-4c77-8ae4-7c1f2f7350cb___RS_LB 2810.JPG,1,potato_late_blight,train,1754,7446f210d5cde42d7bf9065f36bb7c15d988b0f5,81b139b888c8f070
plantvillage-2016,raw/color/Potato___Late_blight/c63d5cca-9639-4d42-88c4-13572afa1dda___RS_LB 2747.JPG,1,potato_late_blight,train,1755,748f45444a7ed92a65f6faaff4a84c2dabd50bb4,1f7dffd6e6ccb8e1
plantvillage-2016,raw/color/Potato___Late_blight/c66982eb-dd83-487a-98c6-2aefdf5d7be0___RS_LB 4683.JPG,1,potato_late_blight,train,1756,bd3389af261e0420e35ed391aa7b7c41756d85cd,befaf2f8e8d9f1e3
plantvillage-2016,raw/color/Potato___Late_blight/c6842cfb-6996-4a51-bc0a-7e2f89a903f0___RS_LB 3911.JPG,1,potato_late_blight,train,1757,f47a560778f4e9b517acc5b7c4c23414f0e90c99,c0e0d8facdf53e1c
plantvillage-2016,raw/color/Potato___Late_blight/c6c8843f-6b36-472a-9a87-bf1a235e08b6___RS_LB 5136.JPG,1,potato_late_blight,train,1758,d5fb914625369db8892a58b348cddfec7319e72a,a7e1f0f2afcef6fc
plantvillage-2016,raw/color/Potato___Late_blight/c6d1bbe7-c1d8-4760-9bb2-a97eac1ca0a8___RS_LB 3838.JPG,1,potato_late_blight,test,1759,ee95c90e24828a110415a07f2f4224a83f1444ad,c0c8c8c4e6e2f87c
plantvillage-2016,raw/color/Potato___Late_blight/c6d79fa2-e6fc-4c95-a805-c7ff53075b15___RS_LB 4328.JPG,1,potato_late_blight,train,1760,f27603a1acc14711a38595b67cb6fa23351df188,f6eede848c0c99f1
plantvillage-2016,raw/color/Potato___Late_blight/c6ecc36c-1886-4d2d-89aa-0e9e9dc7ba32___RS_LB 4997.JPG,1,potato_late_blight,train,1761,1659a719ff5bec32a1e7b66d2a6c61328ea5e269,8fe3c0c6c7cbfb3c
plantvillage-2016,raw/color/Potato___Late_blight/c746bac3-3c7a-445c-b78e-19294bd9a9cb___RS_LB 5233.JPG,1,potato_late_blight,train,1762,ba6024137da4a688d048b0225a8e533571b5c2b2,fcfef2f8f8b898c3
plantvillage-2016,raw/color/Potato___Late_blight/c77d14df-faac-47e9-97e1-fc84a7aa6e74___RS_LB 4322.JPG,1,potato_late_blight,val,1763,4bd2c565dd7f15f30d9f3ce490b28f855541ab4b,e0e0f0c8f07c0406
plantvillage-2016,raw/color/Potato___Late_blight/c7853012-d4e6-4c0d-a14d-1220a0a6d3b1___RS_LB 3871.JPG,1,potato_late_blight,train,1764,f301c54e06aba749d0826f11a92275af01196ea1,38e4c4ce84c0c0c7
plantvillage-2016,raw/color/Potato___Late_blight/c7982d1f-7472-44ba-a39d-76085c4d90cd___RS_LB 3072.JPG,1,potato_late_blight,train,1765,0df23b854cdbbca644896c29042750a09ff8690b,78fcfcf082bcd8f9
plantvillage-2016,raw/color/Potato___Late_blight/c7adbae8-04db-489d-b9e6-c12de387d25c___RS_LB 2697.JPG,1,potato_late_blight,test,1766,6f839105d9e279b90706d80b8c3ce474bd56e078,fffbe2f2a4b8f9e1
plantvillage-2016,raw/color/Potato___Late_blight/c7c82b7c-078f-4ba9-90e3-db36a73bda22___RS_LB 5430.JPG,1,potato_late_blight,train,1767,32156edaf56cb282140834bb8759f40ea23907de,d9fce2e6e6e2f0fb
plantvillage-2016,raw/color/Potato___Late_blight/c84a1cfc-5e19-46df-a315-c7fb6a61e60f___RS_LB 4103.JPG,1,potato_late_blight,test,1768,9c31a7d70283ccc91c4786d59529130817bf79b4,fcfef6f6f6dcd9f3
plantvillage-2016,raw/color/Potato___Late_blight/c87b7e98-d4ed-446a-bf9e-47bd454f279b___RS_LB 2860.JPG,1,potato_late_blight,train,1769,4713898e7e9ac48718842b56801f78f1218969d0,2c7c7cc6c694e071
plantvillage-2016,raw/color/Potato___Late_blight/c89d5a2a-2c1e-496e-84b8-b7a844a97ac9___RS_LB 4920.JPG,1,potato_late_blight,train,1770,609489578104613bc079c6443d25f391c94d8734,2c3c76ccda9cf8f3
plantvillage-2016,raw/color/Potato___Late_blight/c8bfd67e-892e-4502-982a-adba5505be5d___RS_LB 4444.JPG,1,potato_late_blight,train,1771,95c0c9b52b5fee39ef9e9d3dac376de86935bfcc,e7e1d898fcf8f0f0
plantvillage-2016,raw/color/Potato___Late_blight/c970a188-e4e6-43cd-aff7-d0ac40d378dc___RS_LB 4834.JPG,1,potato_late_blight,train,1772,62dbd564573464e86aeacb62783bd9dae3f8b749,c08018388cce6638
plantvillage-2016,raw/color/Potato___Late_blight/c98f32e2-c52c-4a35-bc34-c32af5a18b07___RS_LB 2807.JPG,1,potato_late_blight,train,1773,431186cf0436baba7da4a8c19abbf77c63a6b145,9c78e6ce8ecce078
plantvillage-2016,raw/color/Potato___Late_blight/ca14c4bc-c9a5-4294-835e-6c3b81e61496___RS_LB 3080.JPG,1,potato_late_blight,train,1774,1e30a11b0a60444b48c6ce4f1238a07251f057bd,71ccccf0f0cce830
plantvillage-2016,raw/color/Potato___Late_blight/cb4fe901-5ca8-43e9-9a4f-3b9bf34ea364___RS_LB 3943.JPG,1,potato_late_blight,train,1775,5fb8eede266571b87b3455616e0bfab538bef2c3,1c79f1c282868c98
plantvillage-2016,raw/color/Potato___Late_blight/cba4be0b-2554-4a9e-8dd0-94cbb2467388___RS_LB 3335.JPG,1,potato_late_blight,train,1776,199ddb4a1fe821004ef8953eaa59a0482fbed272,c1e0e88aa6c4e060
plantvillage-2016,raw/color/Potato___Late_blight/cbb653f7-72fd-4499-9d90-efdcd8c30077___RS_LB 2764.JPG,1,potato_late_blight,train,1777,fa243e75129f59ca15b1034ffdfdf7e2b8e3ca97,d09c1c1e1e3c30c0
plantvillage-2016,raw/color/Potato___Late_blight/ccdf64d2-81fe-429e-8041-05b5a9ce50c9___RS_LB 5052.JPG,1,potato_late_blight,val,1778,27c16f059df02f552eaefc6886f78158d2180da3,083878f8f0a0c8c0
plantvillage-2016,raw/color/Potato___Late_blight/cd04dd6c-fe7b-4587-ae2e-69228969d9d6___RS_LB 4824.JPG,1,potato_late_blight,train,1779,1dabb93dbd3715403da54ab41cb567e0266a3749,c7a1998c8edcf878
plantvillage-2016,raw/color/Potato___Late_blight/cd0b4621-eccd-434a-8bc1-d3a6d24a2f05___RS_LB 5250.JPG,1,potato_late_blight,train,1780,d291e5e2119fac19f3382f90345b86b8e6908757,8fc3cddccef67e7f
plantvillage-2016,raw/color/Potato___Late_blight/cd38f533-9b7d-4afd-bbd9-9ee5ab2aa3e8___RS_LB 2680.JPG,1,potato_late_blight,train,1781,c1372ff354ae08b79bfff4a41385b507e96d31fd,c0809080c262781c
plantvillage-2016,raw/color/Potato___Late_blight/cd413b65-05b0-4bbd-9896-4951d11e920d___RS_LB 4575.JPG,1,potato_late_blight,train,1782,af4b0632edd25d584b194c3ed3aef5ada06b09fc,b8e6ceccd9f1e000
plantvillage-2016,raw/color/Potato___Late_blight/cdad6bf9-1ca8-4feb-87b6-960dd55acf2e___RS_LB 3186.JPG,1,potato_late_blight,train,1783,f05d1be8e36f004d67e6c48e5448bd6599b39c06,ffffe5c1c3cedce3
plantvillage-2016,raw/color/Potato___Late_blight/cdd030ec-609e-4f61-9335-6cf89a6f35d2___RS_LB 2776.JPG,1,potato_late_blight,train,1784,c2bccc1ea3d64143afe7974d37a3385a510e586a,ffa6b69e8ec7f3fe
plantvillage-2016,raw/color/Potato___Late_blight/ce38cb15-70c8-4203-adbb-db648eb87554___RS_LB 4107.JPG,1,potato_late_blight,val,1785,c1d13ae08d1014d46b126825123c6ce2b2b3ebd4,fcfce4c6a4889c1c
plantvillage-2016,raw/color/Potato___Late_blight/ce5ec29b-599c-4c69-ba4d-04df7ab1c46f___RS_LB 4945.JPG,1,potato_late_blight,train,1786,fc34aa381a3f6c7573e370aa885c25f633d3a464,0c78da92868cd0a3
plantvillage-2016,raw/color/Potato___Late_blight/ced49a2c-c7b3-4c10-9475-2b004afebff1___RS_LB 4436.JPG,1,potato_late_blight,train,1787,609569562f64116217110d366307161ca0bd1887,04cac2d2c4808080
plantvillage-2016,raw/color/Potato___Late_blight/cf2e3e15-2284-474a-a36a-b102aa7d50cc___RS_LB 4760.JPG,1,potato_late_blight,train,1788,0375c70a9cc14998195c02eb5b447e1b140a0291,c0e0201888cc7830
plantvillage-2016,raw/color/Potato___Late_blight/cf336796-9b96-4156-adc4-6fbeaebf2a6a___RS_LB 3207.JPG,1,potato_late_blight,train,1789,17205dd97a40eb1c008ce63c782771f7b0a32dcf,fffedad898b8f8e3
plantvillage-2016,raw/color/Potato___Late_blight/cf83a586-2f2a-423b-8e1c-f7c284a20ec1___RS_LB 2785.JPG,1,potato_late_blight,val,1790,84934caffaa608072b92773f5b0bb4a4730d28dd,f3f9d89898b8f0e0
plantvillage-2016,raw/color/Potato___Late_blight/cf979c44-abfa-4ed3-865e-ee0c204ba9f0___RS_LB 4662.JPG,1,potato_late_blight,train,1791,83add6e57810c088cb7c39571d2cd445493a5541,0000400c9ce2380e
plantvillage-2016,raw/color/Potato___Late_blight/d01b2206-84b5-41f6-9a40-b238282940bd___RS_LB 2631.JPG,1,potato_late_blight,val,1792,1a3d67d4923599bc2b81db98e6694cd3cff44572,009cacae329080c0
plantvillage-2016,raw/color/Potato___Late_blight/d0262161-b887-4357-b707-cde01cf5726d___RS_LB 3044.JPG,1,potato_late_blight,train,1793,3bef199f84b2d15b0638a661410132857035f393,c3d1b29bc9e1f5ff
plantvillage-2016,raw/color/Potato___Late_blight/d105e6d5-4268-4b21-8709-24b894196454___RS_LB 3282.JPG,1,potato_late_blight,train,1794,db8d705995f5e88fc72593aadee89512a29569dc,67e3d1b0f4e6ecf0
plantvillage-2016,raw/color/Potato___Late_blight/d1a28228-aae8-4348-b7a1-545dcf72d842___RS_LB 3875.JPG,1,potato_late_blight,train,1795,e3674ab6e085d8baae920dfb083a4243f15bd03d,c180d0f87a791c4e
plantvillage-2016,raw/color/Potato___Late_blight/d1ae329b-19bc-40c3-afb1-404ecf3c98ee___RS_LB 2613.JPG,1,potato_late_blight,train,1796,af44f36071267be2fb7bede90d4003e20b2e28b4,060e78b48c9890c1
plantvillage-2016,raw/color/Potato___Late_blight/d20fef22-7016-4115-9930-a66b32c718c6___RS_LB 4417.JPG,1,potato_late_blight,train,1797,e88f5615c90364e0c0d741dd24bbab9648ca1799,1d7cecfcf8f0d9f3
plantvillage-2016,raw/color/Potato___Late_blight/d2d8eb78-d267-4c37-a18c-b39a0bb11d82___RS_LB 3147.JPG,1,potato_late_blight,train,1798,2dd8065080d9f2112d298d54dbadb52bb715e4dc,1878d0cc080880c0
plantvillage-2016,raw/color/Potato___Late_blight/d2f57448-1770-46dc-97e3-40247d37094b___RS_LB 4455.JPG,1,potato_late_blight,train,1799,a217202f1f3b117658da3e88fcdc3d126da24be4,706060e2c6dcf870
plantvillage-2016,raw/color/Potato___Late_blight/d2ff230f-99a5-4dc5-968c-246d772788af___RS_LB 3279.JPG,1,potato_late_blight,train,1800,d6e4bb0d2687386272441e9c275af318767181ac,fff1c3d39ad9d3c7
plantvillage-2016,raw/color/Potato___Late_blight/d30021ba-fbbd-451b-b257-1fc5c6ac54d4___RS_LB 4466.JPG,1,potato_late_blight,test,1801,8cb5d559af8a43839de110117d355dc3ba5a272f,fcfcecfdb9fce1c7
plantvillage-2016,raw/color/Potato___Late_blight/d30d25f1-74ca-42d3-804d-c31b06720c46___RS_LB 2817.JPG,1,potato_late_blight,train,1802,02d5bafbab19dd4abaea22cbcf841d6e417bb806,fefeffb79a9ed0e3
plantvillage-2016,raw/color/Potato___Late_blight/d36e9212-7594-4e4d-9062-0a98bc689729___RS_LB 5055.JPG,1,potato_late_blight,train,1803,c45e425a41efa97de9ceab18a8b957e605e28948,808088888accec70
plantvillage-2016,raw/color/Potato___Late_blight/d378a0c5-d275-44a4-9f00-f7f180270f4d___RS_LB 2781.JPG,1,potato_late_blight,test,1804,c12b0a1d9a8bc8be7b25011c49c5b36c660ad418,7ae2d29e8c98f8e3
plantvillage-2016,raw/color/Potato___Late_blight/d3811753-f672-405c-afa3-8fbaa2715bf4___RS_LB 2720.JPG,1,potato_late_blight,train,1805,ee36687a90f639edb7175f3b4f6d6bf3c9c0f938,80a0e0c8ee72381c
plantvillage-2016,raw/color/Potato___Late_blight/d385010f-53c1-4e7d-9fd3-50f0c98dc245___RS_LB 3865.JPG,1,potato_late_blight,test,1806,e538fd4251ceb1c0f9f35ba3d032d2c50823ea12,70488c8c8098c1cf
plantvillage-2016,raw/color/Potato___Late_blight/d38d9e28-89a0-4650-8a2d-dc5e6744b3b9___RS_LB 5204.JPG,1,potato_late_blight,train,1807,466382d50517be606a139770721d5ffce6c48dad,3cc8d08c0830c0c3
plantvillage-2016,raw/color/Potato___Late_blight/d3aa996a-f1d8-41bb-99bc-8f33ca2ea9ce___RS_LB 4404.JPG,1,potato_late_blight,train,1808,ed4bd22b144dcb583f7339a5b7193d4c3d72d1e2,7cfccece8fa7f2e7
plantvillage-2016,raw/color/Potato___Late_blight/d3cbf715-a2a3-4024-ac5d-c6ae21a77720___RS_LB 2735.JPG,1,potato_late_blight,train,1809,5c69e203828d492afb8c03f6de835b2abd51df23,c3e1e8e6dae66c69
plantvillage-2016,raw/color/Potato___Late_blight/d3e6cc68-6d84-406f-9e02-b81f8051ecb3___RS_LB 3992.JPG,1,potato_late_blight,train,1810,36dcf7e71d3af43077abd70fb800407577b5a09b,70c884849c90e1c0
plantvillage-2016,raw/color/Potato___Late_blight/d42061d8-9da0-4190-8dd0-d3629f0cfa53___RS_LB 3954.JPG,1,potato_late_blight,train,1811,f0fc2094185e030d923d59b4b49cb068d1d30c20,78fccfc7c7ecf0b6
plantvillage-2016,raw/color/Potato___Late_blight/d438f9b3-2952-425e-8c5f-a92a21b35f5f___RS_LB 4470.JPG,1,potato_late_blight,train,1812,9a020d796dd26458fd1b1accd0ab2c65e5c6294b,006070381e8ec2e0
plantvillage-2016,raw/color/Potato___Late_blight/d43fa915-e947-4316-b0f5-0f925c5d9625___RS_LB 3969.JPG,1,potato_late_blight,train,1813,6a889c8abae98666f29d67f07f03d672d6f26812,f0e2c48c38f8e2c6
plantvillage-2016,raw/color/Potato___Late_blight/d4463dcb-ae91-4329-8c6d-6da1eecbaaac___RS_LB 2788.JPG,1,potato_late_blight,val,1814,6db35b0fd4a35b8a1a427b6915a449bca6374f3c,62e1b8a8c88cdc58
plantvillage-2016,raw/color/Potato___Late_blight/d4486c3c-6d93-4d08-a3f5-7f4ae1f7ef3b___RS_LB 2829.JPG,1,potato_late_blight,train,1815,629eb942c486fb79c0ed54e2e235d6d22a99eb7e,70e2e24060281080
plantvillage-2016,raw/color/Potato___Late_blight/d4d37fcb-95c0-4e20-809c-6b92e6a565f3___RS_LB 5110.JPG,1,potato_late_blight,train,1816,fb9809a2e107828110deb10f464368516a121494,2170ececccecd878
plantvillage-2016,raw/color/Potato___Late_blight/d50d5ba8-c809-431c-8cc1-e297bc2706f7___RS_LB 4467.JPG,1,potato_late_blight,train,1817,32ca9b8714a9bbe2df709f81ec22975ef30fb4e9,0c6c1cbcf8e2dcc8
plantvillage-2016,raw/color/Potato___Late_blight/d5a52702-2160-4f20-a1d8-49db59f83f9a___RS_LB 3213.JPG,1,potato_late_blight,train,1818,771b12188e37c284cc98a17f554db14440c368db,3e3870e0cc98b1c3
plantvillage-2016,raw/color/Potato___Late_blight/d5bf2575-1e57-4792-81a1-5770e701be1b___RS_LB 3209.JPG,1,potato_late_blight,train,1819,a284f07979008fce054d65986f30c60b6735b8fe,f3fcdedbedf9fdfe
plantvillage-2016,raw/color/Potato___Late_blight/d5f14365-91a1-41e4-95a5-9ae88c3ff4d6___RS_LB 5163.JPG,1,potato_late_blight,val,1820,6cfa7acba01cd2714e6e9dae900f839de4b94f40,1e7ee2d89a9898f0
plantvillage-2016,raw/color/Potato___Late_blight/d648ee66-d38a-4df0-8696-c6fe5490a15b___RS_LB 4144.JPG,1,potato_late_blight,val,1821,580b3febe73b1cbd4b67d6cb413010791891cb3a,71e8ecc6c6e4607c
plantvillage-2016,raw/color/Potato___Late_blight/d66ee513-26cc-4676-8aeb-9902e0969d2b___RS_LB 3999.JPG,1,potato_late_blight,val,1822,d77c982c35f8e7a0ab2d5263f9b8bcbdef03f874,0000080080c07030
plantvillage-2016,raw/color/Potato___Late_blight/d6a4ae30-77a6-458c-99e4-c817e7234aa3___RS_LB 4706.JPG,1,potato_late_blight,train,1823,c35de0021957c45ab511075b349497b1de766413,0e38f0e4c0e0c0e0
plantvillage-2016,raw/color/Potato___Late_blight/d6fd274a-f184-482f-8043-b2fff10644ee___RS_LB 3962.JPG,1,potato_late_blight,test,1824,bc2af14f9ee6e7d4aabc194eeefd0da65c7d80de,c3e0f8fc6c6e763c
plantvillage-2016,raw/color/Potato___Late_blight/d71490c0-7315-4301-b9cd-19de9357a2f7___RS_LB 3203.JPG,1,potato_late_blight,val,1825,6904cf7c82154cb998c2ab7fb526f7c5e76d309f,33fcccccdcd8f0d1
plantvillage-2016,raw/color/Potato___Late_blight/d752ca70-320b-4d33-970f-8f3eead9141e___RS_LB 3166.JPG,1,potato_late_blight,train,1826,9ce39b51c2e3ca3ef78c2d39075b720ebaa20301,e7f9ece6c2e2e6f4
plantvillage-2016,raw/color/Potato___Late_blight/d78c58b2-c9d1-43f2-8b18-4455855c0f1f___RS_LB 3288.JPG,1,potato_late_blight,train,1827,ace444e3c9e7a1abfb54e0dd6d85ffe38e90be05,78f0ce92c6fe7c7c
plantvillage-2016,raw/color/Potato___Late_blight/d7e7afff-cb91-4209-bf42-ce579f273cce___RS_LB 4468.JPG,1,potato_late_blight,train,1828,29a4c567d119f81ad7f770ae95582c7aefc3f696,f7f1e0e0c2c36274
plantvillage-2016,raw/color/Potato___Late_blight/d7ef98cc-2d20-42ef-983a-5e45805a8ee6___RS_LB 3841.JPG,1,potato_late_blight,train,1829,9d5d8e37f24cf2709f88ce288ad0e69478ca0a80,a0c0c8ccc6daf878
plantvillage-2016,raw/color/Potato___Late_blight/d7fdf2fa-8a55-4ff5-86a2-ca73c5883e93___RS_LB 4665.JPG,1,potato_late_blight,val,1830,4ec79f4ad5a0e9d03d7ee01292577aa55d2367c5,061c3a6868e8f0a0
plantvillage-2016,raw/color/Potato___Late_blight/d80e59e3-a88d-4c32-8dd1-a23a6fed45ae___RS_LB 2846.JPG,1,potato_late_blight,train,1831,12550bf896849ff064df462ee295dd71becc2bb2,0e7ce6c2868c98f0
plantvillage-2016,raw/color/Potato___Late_blight/d8580222-d6c2-4519-94f2-f59c2d613d8b___RS_LB 4158.JPG,1,potato_late_blight,train,1832,796f2a4f47c30fbd97927141602ef120cb071834,9c78ecc4c0e0e080
plantvillage-2016,raw/color/Potato___Late_blight/d879aaf6-d557-4607-b7a0-ecbb3761f152___RS_LB 4723.JPG,1,potato_late_blight,train,1833,10caa03c1fde1bc2657fcbf7547cc6f51a1ab999,e7c1f8f3dbf9f3fb
plantvillage-2016,raw/color/Potato___Late_blight/d8e3b97f-d362-4e05-8600-a103580aace4___RS_LB 4773.JPG,1,potato_late_blight,train,1834,746916dc0166d2215911a15236fc6e385f9a96ad,fdf9e9ed8f8eecc3
plantvillage-2016,raw/color/Potato___Late_blight/d8ef0e69-3dfc-4d13-8d49-a44fa9cfa62e___RS_LB 4140.JPG,1,potato_late_blight,val,1835,7d480efb185456c8aedfaae199d1daac5e1a7e94,3c7cedd998b0d0e0
plantvillage-2016,raw/color/Potato___Late_blight/d94eae91-7d2e-4394-b892-8c8c7fa9cf11___RS_LB 4864.JPG,1,potato_late_blight,train,1836,018868a130bf3dbb8b3c86333798fcf5feb4d9ec,87f3f0f6f3fb7b7e
plantvillage-2016,raw/color/Potato___Late_blight/d9817cc3-ef03-41e5-8892-1fddd27b7bcc___RS_LB 4878.JPG,1,potato_late_blight,train,1837,cd32b4e61a0f5cce93d4665b269444b186020c3a,0d387ace9a98d861
plantvillage-2016,raw/color/Potato___Late_blight/d98195f0-bdf8-4e0d-9fd5-af86cfed2a6c___RS_LB 4790.JPG,1,potato_late_blight,train,1838,a03bc0e51fae592f62012b2d075a49af5c3fcc79,9818041c0686f0d1
plantvillage-2016,raw/color/Potato___Late_blight/d992e6d3-25c9-4bbb-a806-8bc1455e5c40___RS_LB 4968.JPG,1,potato_late_blight,val,1839,032461d324c67c19ca509454ba5d616eb6cef84d,71f8f8848684c071
plantvillage-2016,raw/color/Potato___Late_blight/d994fd7e-a338-42c5-ac37-ede01c18999e___RS_LB 5134.JPG,1,potato_late_blight,train,1840,b7e60e830c015a5fe056659bcdc4c05eb407ec12,b874f0ccce9cc8e9
plantvillage-2016,raw/color/Potato___Late_blight/d99f0d05-6ee3-440c-9dc6-48f7ba2bfc24___RS_LB 2654.JPG,1,potato_late_blight,train,1841,5184f511617e73e1c71dd968c503005cf157b6c6,70f4f4e2f2e4f070
plantvillage-2016,raw/color/Potato___Late_blight/da16cb94-4f1d-4390-b446-19eac2110115___RS_LB 2912.JPG,1,potato_late_blight,train,1842,61a66bc0366285ebfb9cccf2ea6e747a16c309a8,80e0404082c2f038
plantvillage-2016,raw/color/Potato___Late_blight/dac19eb9-e4e3-4ca1-8183-268b839901c4___RS_LB 5208.JPG,1,potato_late_blight,test,1843,fc6a85cd5b72572f36afc35aebd693f21eb472ae,c7c39198ceee7cff
plantvillage-2016,raw/color/Potato___Late_blight/dac53cd2-477e-4f7b-a59d-bb9018eec686___RS_LB 2879.JPG,1,potato_late_blight,train,1844,14c5dade84dd3a378b58bc6710fa60daa00bd82d,c0e0d4979f8edcfc
plantvillage-2016,raw/color/Potato___Late_blight/dae7db93-d197-4616-a16b-5dcc59058bc2___RS_LB 3178.JPG,1,potato_late_blight,train,1845,ec87842b50a002e204dd9080008f4d4251cfdae2,3e72eeccac99b1a1
plantvillage-2016,raw/color/Potato___Late_blight/db973ce3-7198-4ae8-910a-bb1a3046e353___RS_LB 5152.JPG,1,potato_late_blight,train,1846,702325225350f3fe9f90ad4dbbc868df9f531860,3978fccccefcb0c0
plantvillage-2016,raw/color/Potato___Late_blight/dbad8fb5-90a0-4bcc-902e-7b7b632d0233___RS_LB 4036.JPG,1,potato_late_blight,train,1847,75527fbc2ba349afee9edd551694387862c86935,e0e0ccc88a86e4e0
plantvillage-2016,raw/color/Potato___Late_blight/dbbd22b5-a565-470a-9e72-2c7d7c26dbe5___RS_LB 4932.JPG,1,potato_late_blight,train,1848,7f50b2eb40fbf61324b273399c0770b7f823b26b,808080c8c462763c
plantvillage-2016,raw/color/Potato___Late_blight/dc0ad08c-a096-4ad2-9a69-597c10e12f71___RS_LB 4869.JPG,1,potato_late_blight,train,1849,2782dac3790a0fcad08e1c6d0d0cad7241ac23c6,79fde4e4ecccccc9
plantvillage-2016,raw/color/Potato___Late_blight/dc289122-aa0d-454b-b617-16824440fce4___RS_LB 2959.JPG,1,potato_late_blight,train,1850,6f6a68872d63289b18ddb12a650d82f12085ebcd,e3e0ecd9bbcffef6
plantvillage-2016,raw/color/Potato___Late_blight/dce12e0f-6f9d-4c29-ad7a-5e8216b690e0___RS_LB 4721.JPG,1,potato_late_blight,val,1851,10e9a9a5f65dc9dee3d2733c573ffb35bc5a53d8,00606008088c9c34
plantvillage-2016,raw/color/Potato___Late_blight/dcf61d08-eda8-41c1-9293-43895d68b426___RS_LB 4372.JPG,1,potato_late_blight,train,1852,ad88fb71b29cc1bf48179a240bc8731eacf5d6c4,97b1e1e4e8787c30
plantvillage-2016,raw/color/Potato___Late_blight/dcfa79c3-b0d0-4dd0-9796-5d529948b88e___RS_LB 5437.JPG,1,potato_late_blight,train,1853,7134a69bc98afc9e9aa0d7eb81ac19d79c20ee53,70f8fcfcbcf8f8f8
plantvillage-2016,raw/color/Potato___Late_blight/dd08ad51-110b-4de0-bfbb-862e53a6165c___RS_LB 4542.JPG,1,potato_late_blight,train,1854,1a4f9b97fb54c1250080d4a1539f2fb2671ceed0,1864c4b2b22080c2
plantvillage-2016,raw/color/Potato___Late_blight/dd36e5d1-434f-41ce-8f7b-6528e9adc77d___RS_LB 4060.JPG,1,potato_late_blight,train,1855,0bb1c62d7154a7a0e0e3364c9cb561167d3a50b7,f0f0ccd8c2e2f0f8
plantvillage-2016,raw/color/Potato___Late_blight/dd55ba8d-a425-4b06-9996-bbf315d71e6e___RS_LB 2737.JPG,1,potato_late_blight,train,1856,3ec3040106d05572e06a30e6f0f2cf5e42e56c41,044c3cfacad68ce1
plantvillage-2016,raw/color/Potato___Late_blight/dd730e05-5196-46f4-9e7b-0c01a9fdaa1b___RS_LB 3321.JPG,1,potato_late_blight,train,1857,5048a527b6939338a32dc44190456a7e0e1d17df,7cf8ecc6c6cac870
plantvillage-2016,raw/color/Potato___Late_blight/dd9b9122-fd29-4986-9dc3-330d4a48ccc3___RS_LB 5290.JPG,1,potato_late_blight,train,1858,71aaf516748d82825d35dea6c3b4c1a8965c690a,e3f297978fd9f8fb
plantvillage-2016,raw/color/Potato___Late_blight/de0ae213-3479-4f07-b7f8-d59607a2caa8___RS_LB 2528.JPG,1,potato_late_blight,train,1859,913dae7c3b6c53d5b5db7447d0a351af9647fd8a,1e76e28a80408080
plantvillage-2016,raw/color/Potato___Late_blight/de282779-9d54-4b8f-8292-e06c3e020e16___RS_LB 3971.JPG,1,potato_late_blight,train,1860,e4d159e37877d545f85bbcdaa529bc81ae2854ea,fcf6eacadabafe7c
plantvillage-2016,raw/color/Potato___Late_blight/de54e40d-4c5f-48d9-9b6d-bc96bde09898___RS_LB 4086.JPG,1,potato_late_blight,train,1861,e2601ab50f1942ddf1143e7fdb30a1db4bb749ad,3e7eeac4d090c0c0
plantvillage-2016,raw/color/Potato___Late_blight/de63bbba-d8d0-4e74-95d7-6d5adfcd0955___RS_LB 3222.JPG,1,potato_late_blight,train,1862,2baf7ba711f803a3a91c1689aa0a3223315276a2,c3e1b0b0cce4feff
plantvillage-2016,raw/color/Potato___Late_blight/def9c9e1-fd12-44d9-92ae-18c5ff0f52da___RS_LB 2605.JPG,1,potato_late_blight,train,1863,b5ef769d90a25efcc9460a360b56927503e79cea,82b0ececde66f8f8
plantvillage-2016,raw/color/Potato___Late_blight/df0f75cf-febd-4fde-84a0-7c4da9f97fd2___RS_LB 2534.JPG,1,potato_late_blight,train,1864,309b3cdfb640a624d859751fe1e7cf531675354f,f3f9f48c9cf4ece9
plantvillage-2016,raw/color/Potato___Late_blight/df40ffa7-8efd-4720-8786-a30b9011dcfc___RS_LB 4150.JPG,1,potato_late_blight,train,1865,6ff468394eaf92ba6e772d84236b0eb3fb9b5693,f9e4e2c3c2c4c0f1
plantvillage-2016,raw/color/Potato___Late_blight/df5eb1ff-9261-45ab-ae3f-bf942cdf1a72___RS_LB 2947.JPG,1,potato_late_blight,train,1866,4c32d98f77c85e6e85e77b2cbb64c4df7a7f14d7,3876d6dcd8c0e0d8
plantvillage-2016,raw/color/Potato___Late_blight/df60df5b-a619-4b38-926d-6372c0f6329a___RS_LB 5308.JPG,1,potato_late_blight,train,1867,1eed1045983d341ccefc3c4a77f6a397b1151908,64ccd898306440c0
plantvillage-2016,raw/color/Potato___Late_blight/df6898c4-f3a1-4ff2-8f44-3bc45a8d4ec5___RS_LB 3316.JPG,1,potato_late_blight,train,1868,ae7d01669b30cfdd8137f73c9a82d8f1ac7e74b4,33e1dc9092ceec70
plantvillage-2016,raw/color/Potato___Late_blight/df919a28-9f11-42f6-823c-15f70bf1325e___RS_LB 4936.JPG,1,potato_late_blight,train,1869,8fbe5c237731a76e23b0f4c5c852e9d0cacd786c,041c3666ec9898c0
plantvillage-2016,raw/color/Potato___Late_blight/dfa65276-0450-4a57-ba94-25384d378f22___RS_LB 4065.JPG,1,potato_late_blight,train,1870,3432ac956771f1c824b54f2011e9c259868d782e,0040f8ccc2e03818
plantvillage-2016,raw/color/Potato___Late_blight/e01f9ba8-74b9-48d8-b96c-ac48463a4d29___RS_LB 2857.JPG,1,potato_late_blight,train,1871,54befe9a84a6acbb59fb56fa3e848df12e1c0fd4,3064ecce869c9cb8
plantvillage-2016,raw/color/Potato___Late_blight/e0460bd7-100c-411f-ae0b-f69bfe360313___RS_LB 5310.JPG,1,potato_late_blight,train,1872,28aa17dc4374e5e249865f30a317248ce543fafe,f9f8cc8c8c8cc8e2
plantvillage-2016,raw/color/Potato___Late_blight/e08c2b56-3a54-4fcc-b814-85c55020278b___RS_LB 3991.JPG,1,potato_late_blight,train,1873,5531ee955b204e8fd293f86bbb74016e1ddb7fef,70e8ccccccccc8e8
plantvillage-2016,raw/color/Potato___Late_blight/e0a085c0-20e4-4e36-87db-49f0b58fa349___RS_LB 4324.JPG,1,potato_late_blight,train,1874,a5530c97ce0c06efed4190c4c75fc5315178f54f,f3f0f0e0c4d4c4f4
plantvillage-2016,raw/color/Potato___Late_blight/e0a559bf-6345-4c5a-8b42-5545b52a2f1b___RS_LB 5456.JPG,1,potato_late_blight,train,1875,e20f78ef938835bd820109da396b2d7f2b1bb9dc,31f0c08630b8d870
plantvillage-2016,raw/color/Potato___Late_blight/e0c879c8-ebf3-43d0-9693-7a747fb5ba75___RS_LB 3956.JPG,1,potato_late_blight,train,1876,89b3135390ac439cdf9a4a69a8e16ea954de1af5,e0c0d8beded6f371
plantvillage-2016,raw/color/Potato___Late_blight/e0d0ea5a-242d-4d1c-9df1-0cc592d75e48___RS_LB 3011.JPG,1,potato_late_blight,train,1877,ec7bf027d16adc12456d864658e273e5e98d083f,f1e1ec8e8ec67478
plantvillage-2016,raw/color/Potato___Late_blight/e0e15d89-8c3b-43f5-8617-136b720e39cd___RS_LB 2668.JPG,1,potato_late_blight,train,1878,56afd7aea4680f34ee21e89302664741522463fe,80b0e0e4e6fa7838
plantvillage-2016,raw/color/Potato___Late_blight/e10ce839-9da1-4f23-9b5e-c5483f6eabbd___RS_LB 5328.JPG,1,potato_late_blight,train,1879,31ccc2a72c42837de57046b9b94adbe13cdc7610,feffe5cddf9eedff
plantvillage-2016,raw/color/Potato___Late_blight/e1197d2d-980a-45b1-9ab1-5b7cc36660bc___RS_LB 3885.JPG,1,potato_late_blight,train,1880,b6f4c1fed5c9d2d619a41e7affe5646c2cc602a0,fcf6eec1c1e1e871
plantvillage-2016,raw/color/Potato___Late_blight/e12ede80-8428-4424-b95d-5d3267d112a8___RS_LB 3079.JPG,1,potato_late_blight,train,1881,ecb132bd024fd1369b9916bf2b8727bfc8c7e5d1,9efefedcb89cf1c3
plantvillage-2016,raw/color/Potato___Late_blight/e19d0007-3013-419d-a46a-0b1919f05cc4___RS_LB 4057.JPG,1,potato_late_blight,test,1882,b59666ffe1b8b0a8ec30b2431cc4de35eb89d669,39f8fcb88284c0e0
plantvillage-2016,raw/color/Potato___Late_blight/e231f522-dd72-4fbd-94b4-5b4d7b935269___RS_LB 4131.JPG,1,potato_late_blight,train,1883,cd4ce4bd264e14d1f0134f7b5382278b5ed6e582,00403088dc723c0c
plantvillage-2016,raw/color/Potato___Late_blight/e2326741-ee59-4e3c-86bf-9e81ccf50b6b___RS_LB 4147.JPG,1,potato_late_blight,train,1884,53b56083b4439deba67eae0fe2dec115070ca6d3,30f88c8e0e1e0c80
plantvillage-2016,raw/color/Potato___Late_blight/e25a378e-0aa3-4ac6-b0b1-281a500b9502___RS_LB 4835.JPG,1,potato_late_blight,train,1885,35dcc18dff0aa5ca6e3990e5fb24d59fda40c067,fe78f4fe9c9c99f3
plantvillage-2016,raw/color/Potato___Late_blight/e25e57fb-41d5-4f46-92f7-ce841bd97374___RS_LB 5448.JPG,1,potato_late_blight,train,1886,93c672fd6d01a5b3ca0969b3849bc5a168598938,e3f8b87cfcdcfcfc
plantvillage-2016,raw/color/Potato___Late_blight/e26ad557-11c8-44fd-aad1-dea51c613742___RS_LB 5115.JPG,1,potato_late_blight,train,1887,8a2e66bc4e9f986c85ce95b0b38bb1754b0768bd,87e9f8fcfdfffefe
plantvillage-2016,raw/color/Potato___Late_blight/e28b4ead-09f5-4e34-a162-0e0268f53763___RS_LB 2583.JPG,1,potato_late_blight,train,1888,4a37c571cfd7af2faf68af739764cf3ad3d31036,8080b1b49ccece78
plantvillage-2016,raw/color/Potato___Late_blight/e2ce6696-9f6e-445c-a6c6-c765d659447a___RS_LB 4960.JPG,1,potato_late_blight,train,1889,89fa0825fa6016d657a566d5fb95120a607b7850,c0c2800c0e87e270
plantvillage-2016,raw/color/Potato___Late_blight/e2d4d58b-8754-4c63-b888-8355ddbcb989___RS_LB 4863.JPG,1,potato_late_blight,val,1890,fddfe9aff721eda4f04ddcfcffce15aa37099655,8383c8ccfada7078
plantvillage-2016,raw/color/Potato___Late_blight/e36ccebd-29c6-466d-b46f-41fa38f6e9c0___RS_LB 5047.JPG,1,potato_late_blight,train,1891,1348a99fbfa364d8188efa702b7cbee0be784407,1c70c4bc901080c2
plantvillage-2016,raw/color/Potato___Late_blight/e3d4df7f-f184-453e-8a99-3cb0de5a2488___RS_LB 3959.JPG,1,potato_late_blight,train,1892,8961b90d23a1277498067782fd72d7c6b9396411,7dfde3c3828cb1f9
plantvillage-2016,raw/color/Potato___Late_blight/e40a1e10-fca8-4831-b124-48bc07f92eb1___RS_LB 2897.JPG,1,potato_late_blight,train,1893,933442eb5b749e4ddbabbd516570fa02cc4b6f1f,004040442482d234
plantvillage-2016,raw/color/Potato___Late_blight/e439b96c-2ff6-4d53-b8f0-1ed720536b0c___RS_LB 4449.JPG,1,potato_late_blight,train,1894,3b4798409aadd1c2b6f6bb2fbe247f1ea5dedbf9,f1d2c4998bc7ee6c
plantvillage-2016,raw/color/Potato___Late_blight/e465af98-028c-4222-b300-d9688b613d89___RS_LB 5137.JPG,1,potato_late_blight,train,1895,b04f1ec79ade234dc2fbf158e3a2d06afe5b0ad6,1c7c7cd8888890e0
plantvillage-2016,raw/color/Potato___Late_blight/e4735c8f-e6da-46a1-b0fe-b1d2355a1bd4___RS_LB 2796.JPG,1,potato_late_blight,train,1896,48b7a4293d06ff1f111a3ad7a959e23984bebcd3,797ce6e6f2e6f0e7
plantvillage-2016,raw/color/Potato___Late_blight/e47b3a9a-24ea-460a-8a8f-4fc9814a072e___RS_LB 3314.JPG,1,potato_late_blight,val,1897,841fd5d2aa9006ae7b25b8af9610b9a46e152420,e1e8bc9e8ecce4f5
plantvillage-2016,raw/color/Potato___Late_blight/e48ffe4c-d920-4559-83ab-62d9d881d787___RS_LB 4129.JPG,1,potato_late_blight,train,1898,78625423892700950caa6a1c5c4077e27d94cbc5,30f0f89c9c9898e0
plantvillage-2016,raw/color/Potato___Late_blight/e4a264b9-fbae-4f38-86ce-d0a7d70e92e1___RS_LB 5211.JPG,1,potato_late_blight,train,1899,278d275a9460f90a6cf5e92ea4bf336a50b8a6d0,183848cc080890e0
plantvillage-2016,raw/color/Potato___Late_blight/e4d454e4-c1e4-4597-8e76-77a93465b41d___RS_LB 2868.JPG,1,potato_late_blight,train,1900,a166ccfbe90c29b1d9d1de0a66b7044c386fe1fa,c2c1c80c0e2e86e6
plantvillage-2016,raw/color/Potato___Late_blight/e575421c-a9d4-4c0e-8027-b12fca1e3ac9___RS_LB 2806.JPG,1,potato_late_blight,val,1901,3ab296b1f54cc30b101b67a9c7e0609c3c541e46,7471cfd69e1cd181
plantvillage-2016,raw/color/Potato___Late_blight/e6d7f5aa-d176-4e43-9e0c-afc2901442f6___RS_LB 3066.JPG,1,potato_late_blight,train,1902,472b0bfcdccb9c82f9a39873dac76829611023e2,3870d0b020200080
plantvillage-2016,raw/color/Potato___Late_blight/e71a27b3-20d5-40e8-ad01-4c1942d46654___RS_LB 4085.JPG,1,potato_late_blight,train,1903,3f310f35f687d7fd10fab30669e6c22549b751e9,fefefcfcfcf0f1e3
plantvillage-2016,raw/color/Potato___Late_blight/e749122f-0dcc-4613-87a9-5347a51a7b58___RS_LB 4409.JPG,1,potato_late_blight,train,1904,d768438db85b83f82f6bf483fe9e5e3b21ba3921,3b58d8f8fcf8e0e0
plantvillage-2016,raw/color/Potato___Late_blight/e766a563-c87a-4d14-ae00-898ce62e15d4___RS_LB 5123.JPG,1,potato_late_blight,test,1905,dd9e1f554ea23fb6a7b89f7ba9cb5e200f26482f,1a3274785accc8e0
plantvillage-2016,raw/color/Potato___Late_blight/e7e39ba3-b9af-4d5f-afb1-aea45e13446a___RS_LB 2876.JPG,1,potato_late_blight,val,1906,0bcc8bb2c09b7d5e2a38f3723874e37e17116bd3,f0f090a422a29cdc
plantvillage-2016,raw/color/Potato___Late_blight/e8040f51-18ed-43ec-9fa3-b5eb972f4fec___RS_LB 2527.JPG,1,potato_late_blight,train,1907,6534807119da8b882ccaa83123dadbfe6dffd9d7,73f0e0909c94e2fc
plantvillage-2016,raw/color/Potato___Late_blight/e9429874-1098-43af-bc38-0acc0b93f4f9___RS_LB 2682.JPG,1,potato_late_blight,train,1908,2885d7cfff6fb202219b72c353aa4e6213927358,fcfef2e6eeccd9e3
plantvillage-2016,raw/color/Potato___Late_blight/e956d757-4016-4d20-96a6-6844787ddc46___RS_LB 4815.JPG,1,potato_late_blight,train,1909,17a6faf88c079000e55e62f7ff2c5a606172392f,c2c0909092c2703c
plantvillage-2016,raw/color/Potato___Late_blight/e95f2954-1b68-490d-9684-90b3080676b1___RS_LB 3997.JPG,1,potato_late_blight,test,1910,79379d93010e1c6056f3ad78f279d4ccdabe05cb,30f0e0c48484c8e0
plantvillage-2016,raw/color/Potato___Late_blight/e9642678-b019-4ac2-a960-66fcccb2ccaa___RS_LB 2948.JPG,1,potato_late_blight,train,1911,17e6ebaadada244193f96ec3cef71e8ed83b0ee8,2868e8a098406060
plantvillage-2016,raw/color/Potato___Late_blight/e986907b-6948-4c72-93d3-29cb795cc9a1___RS_LB 3837.JPG,1,potato_late_blight,test,1912,e5bb9f99e5eaf40c53d1a0f134b9f82b1eb66475,f0e0e4ccccccc8e0
plantvillage-2016,raw/color/Potato___Late_blight/e9cc84b7-fc38-4e65-a129-c7a63df76780___RS_LB 2705.JPG,1,potato_late_blight,train,1913,293c0d5415c06a44b28c9dc770656a4bd168b036,82a09894d2c67638
plantvillage-2016,raw/color/Potato___Late_blight/ea06da1e-81c9-4e2e-8266-1f3d56914ff3___RS_LB 2701.JPG,1,potato_late_blight,train,1914,0d164614fcc0efe9bec25b1edf76c602b059bc1c,3974ceca9696dce8
plantvillage-2016,raw/color/Potato___Late_blight/ea2bb076-a483-4570-88ac-8ab236d4bb92___RS_LB 2503.JPG,1,potato_late_blight,val,1915,d11dae7e493ec5afde4fd8b1b2d24d5d16ba57ea,f3f9d1859cd4e4e1
plantvillage-2016,raw/color/Potato___Late_blight/ea350085-28c1-4fc0-9fb9-386536cb971e___RS_LB 4890.JPG,1,potato_late_blight,train,1916,4ec38477e2ad55d57d668a49e3ce5c565202ef69,2060f09c86c27838
plantvillage-2016,raw/color/Potato___Late_blight/ea356b9c-9090-4f0d-9083-d1f63c77372d___RS_LB 2800.JPG,1,potato_late_blight,train,1917,89cb2ee7cf4499c5d0bf09bfbc81027920b6c690,0e62e282868080c0
plantvillage-2016,raw/color/Potato___Late_blight/ea542556-e7f6-416c-8451-149916f4574e___RS_LB 3086.JPG,1,potato_late_blight,train,1918,fb1a5766303757c7b30b35f4df6ae4ba09357655,1e7666f4f4b0e285
plantvillage-2016,raw/color/Potato___Late_blight/ea5fc080-37a7-4954-ba8c-a5d67b6a0962___RS_LB 2888.JPG,1,potato_late_blight,train,1919,17c41c2644a9305ffe35408cd5aeaef416005e04,38fcc69e9ecee6f8
plantvillage-2016,raw/color/Potato___Late_blight/ea620852-7590-4d82-8349-1470cb1fe3a8___RS_LB 2719.JPG,1,potato_late_blight,test,1920,a1879c7734d254e60dcc1d065e0cce60a38e6760,79e0dc94a2acc0c0
plantvillage-2016,raw/color/Potato___Late_blight/eb2bd15b-a92b-4302-98a1-bbc13a0f95bb___RS_LB 2671.JPG,1,potato_late_blight,train,1921,15f90da2c5331e241ec4430d63c9ed42e7fae191,3978f6f6e6e6cef8
plantvillage-2016,raw/color/Potato___Late_blight/eb34280e-0cfb-4166-a9b8-a15892c9ff5c___RS_LB 4450.JPG,1,potato_late_blight,train,1922,59429549a71c7cba61e26aa6c582672318ec5f52,60e0c464b498d830
plantvillage-2016,raw/color/Potato___Late_blight/eb5ff6de-b988-42d7-87bf-374a4b938af9___RS_LB 4234.JPG,1,potato_late_blight,val,1923,7c7dc113843a32eff8137c001ed398532708aed9,a361e0e0e06070f8
plantvillage-2016,raw/color/Potato___Late_blight/ebd47dca-590b-43c4-812d-32f95b776690___RS_LB 3834.JPG,1,potato_late_blight,train,1924,a2529fcad25ff18057f91081dcf78ef92cdabeb0,b1f0f8ccccccc8e0
plantvillage-2016,raw/color/Potato___Late_blight/ec53a246-df50-44c1-a87c-c8296f25f20c___RS_LB 4717.JPG,1,potato_late_blight,train,1925,83f915f413706f7049d47ac78aa85e10bdeb0181,fff9e9cfdeb8b9f3
plantvillage-2016,raw/color/Potato___Late_blight/ec5974a3-4c73-4129-a372-8ddec73eb246___RS_LB 3034.JPG,1,potato_late_blight,train,1926,87f6a26ae9140e08506c86bda75108bc79d6e392,c0c0c88c9282e404
plantvillage-2016,raw/color/Potato___Late_blight/ec88be1e-7e05-4fa4-b456-529d7f1bf81c___RS_LB 3922.JPG,1,potato_late_blight,test,1927,5f8802957730e2f012569a1271b307dca0ca61de,000c78f2968edcf0
plantvillage-2016,raw/color/Potato___Late_blight/ec958877-f479-4c8c-a947-3686039f8921___RS_LB 2587.JPG,1,potato_late_blight,train,1928,649d43c06034fdc47833c37fcf57f45ec9903f5e,bcfcf8f1f3e2e4e1
plantvillage-2016,raw/color/Potato___Late_blight/ecfc161f-11f6-449f-80c1-1b0254f5179a___RS_LB 4279.JPG,1,potato_late_blight,test,1929,a97ebcf9154636e55cf5e941c2c18c0dacd1d6d1,f3f1e0c6ceccdcf8
plantvillage-2016,raw/color/Potato___Late_blight/ed2d2803-3b9b-4c3c-ab8a-9aea2bf76ffd___RS_LB 5190.JPG,1,potato_late_blight,train,1930,7fcb75840f3be562a3eccdfa53f726200de6b90a,3c78c0c4c8c1c361
plantvillage-2016,raw/color/Potato___Late_blight/ede8e8be-6d71-466e-918e-44afa1403e30___RS_LB 5455.JPG,1,potato_late_blight,train,1931,2b43664197c036dd87115039aa14e3704c3589ad,0f8319989cec7c7e
plantvillage-2016,raw/color/Potato___Late_blight/ee09546f-d7cd-4af9-9445-41745638c9c3___RS_LB 4471.JPG,1,potato_late_blight,train,1932,794c09b6849449f5366a20475ce9ce189e2366e9,e2b0c8c46072381c
plantvillage-2016,raw/color/Potato___Late_blight/ee1e965f-2bee-4a7a-8356-1118c9e41cd3___RS_LB 4120.JPG,1,potato_late_blight,train,1933,eaeddcc479fdc4f67c2935a9769936207ff03cfb,e0c88693918387cf
plantvillage-2016,raw/color/Potato___Late_blight/ef48ec23-0655-43d7-9475-8e73086033a2___RS_LB 5219.JPG,1,potato_late_blight,train,1934,c4695a27714ea476173231d20a4e7f90144e2526,0040cc06060e8000
plantvillage-2016,raw/color/Potato___Late_blight/ef49abc4-4b8e-4438-88a9-b3acfdb52014___RS_LB 2623.JPG,1,potato_late_blight,train,1935,675a82d8dd54eb4a96598fb8a6c4b1296f6f2242,79f8e4e4f8f0f870
plantvillage-2016,raw/color/Potato___Late_blight/f07f6548-70d6-4f8c-81e6-d8193c19061b___RS_LB 4984.JPG,1,potato_late_blight,val,1936,72cd17a4cb5fbef4c93c56f3b56006dd2461f2b7,2e3c6cd6ccc8b0c0
plantvillage-2016,raw/color/Potato___Late_blight/f083d357-23f8-45e6-9fac-87e5d0ab9cac___RS_LB 3317.JPG,1,potato_late_blight,train,1937,e7677680306d3bb0d5b1a5117406b9d806a98746,18fc8426169c90c0
plantvillage-2016,raw/color/Potato___Late_blight/f14f54ba-3706-4f6e-8152-01226e55c86e___RS_LB 4237.JPG,1,potato_late_blight,train,1938,4ce9287f24d729e1133937ec0fd745c7bd605055,fc7cf2e2e0c4e1e7
plantvillage-2016,raw/color/Potato___Late_blight/f1764cd0-d391-4214-93db-20299d62e853___RS_LB 3012.JPG,1,potato_late_blight,train,1939,2a06285c78ca461c1f88557b2edc01104ec56dc1,38f030148cccc860
plantvillage-2016,raw/color/Potato___Late_blight/f18c34fd-e43a-4338-b3f3-6537f2f84f98___RS_LB 4111.JPG,1,potato_late_blight,train,1940,3bef988c439fa422fc7e9249fd71d60f725bebde,c1c198981a9680e0
plantvillage-2016,raw/color/Potato___Late_blight/f1a2b03a-d724-4f81-a8d7-d7f38f26ea29___RS_LB 3039.JPG,1,potato_late_blight,train,1941,5e5daba46e938e0639179b99a8befd5fb1a4fb65,f2f9ccaca882e678
plantvillage-2016,raw/color/Potato___Late_blight/f1b1a037-34e4-4016-a0bc-703059820f24___RS_LB 4343.JPG,1,potato_late_blight,train,1942,3f6d3be7808c0a7f975174716d3346a8878ebb8e,72ce9e1c3c68f8e0
plantvillage-2016,raw/color/Potato___Late_blight/f2676f08-798e-4291-8aa2-0655ca54cb07___RS_LB 4292.JPG,1,potato_late_blight,train,1943,77e579c7405295e34ff39165fa28c9458f891f24,77fdf8f4c4cccbff
plantvillage-2016,raw/color/Potato___Late_blight/f27d1c83-25e9-4ab8-8970-3ddfd2a4c6fc___RS_LB 3230.JPG,1,potato_late_blight,train,1944,f0a5a036d9f9953fe34dc0a2b86714e566a30a84,cfc1dcdaeffffffc
plantvillage-2016,raw/color/Potato___Late_blight/f2bfd338-f718-4794-a115-3337a0669988___RS_LB 2944.JPG,1,potato_late_blight,train,1945,76d4bc9c80c9b5c6865c91e9cc1a13fca9a2f921,fbf0fcb89e9cf8f1
plantvillage-2016,raw/color/Potato___Late_blight/f37f6160-4f5b-447f-b497-cc6eb7662e3b___RS_LB 4951.JPG,1,potato_late_blight,val,1946,600d444786507fa17b7e844ccae1ccb061e0627d,70f0ccc6e6ece4b0
plantvillage-2016,raw/color/Potato___Late_blight/f3ee2886-4ada-4287-94b6-c4c93005b887___RS_LB 4352.JPG,1,potato_late_blight,train,1947,fb75b5674cb30d26b83d3720e9f9785ae149f6e4,d7e38898d8f47c7c
plantvillage-2016,raw/color/Potato___Late_blight/f46c0317-fc28-4b5b-a09d-b52ef54fae67___RS_LB 3889.JPG,1,potato_late_blight,train,1948,af02a3d75a454c8d5e248c57e213bfdd546c28f3,f8c4c0a03860e1e3
plantvillage-2016,raw/color/Potato___Late_blight/f477f5a9-90cf-416b-8a3d-782ea2365c9f___RS_LB 3884.JPG,1,potato_late_blight,train,1949,f704b9f72c402687fe21c50a3769dbfd87cd6f02,0d22a2c0e0f0fa78
plantvillage-2016,raw/color/Potato___Late_blight/f4e0bb0f-5f98-497c-a090-4e4c47f6707b___RS_LB 5153.JPG,1,potato_late_blight,train,1950,f3d0b740a2220cdf55bf298d3bb4f860caa791d5,002cccc424440000
plantvillage-2016,raw/color/Potato___Late_blight/f4e6847d-d381-4849-9ff1-930cfb597d08___RS_LB 5097.JPG,1,potato_late_blight,train,1951,cbba8bf703fb1c2cbf62b9638a1934ecd3fdd3c1,3cf8903060000020
plantvillage-2016,raw/color/Potato___Late_blight/f528b00d-99a6-41db-8d96-9eed58b519c1___RS_LB 4544.JPG,1,potato_late_blight,val,1952,f47f449d91f29ff363e8c0c950462debd97b2877,fcfce6cecc9cf8c0
plantvillage-2016,raw/color/Potato___Late_blight/f528e881-b237-4797-ab54-0152eb901f53___RS_LB 3854.JPG,1,potato_late_blight,train,1953,4abecc04d3d5af6e75394d42b36a9e55dc59df77,fafbf1e2c282c6cd
plantvillage-2016,raw/color/Potato___Late_blight/f5ad9b49-ea3a-46c0-8a54-d4e0aa76eda4___RS_LB 4379.JPG,1,potato_late_blight,train,1954,7a426b469cadc44b19effbc529f97564dafe2333,e1e0e2b298643318
plantvillage-2016,raw/color/Potato___Late_blight/f5cf6151-96d1-49bb-af1b-fa6026d749e8___RS_LB 4048.JPG,1,potato_late_blight,train,1955,ba21e429a98db499e2caa91af1f5422f86581970,d0cc888ecae0fcfc
plantvillage-2016,raw/color/Potato___Late_blight/f5f41985-23db-4902-96a1-db4d7f95a26a___RS_LB 3177.JPG,1,potato_late_blight,train,1956,cbaa8978ee1c2d6c6aa31c605d592efb3072ac75,18e4c4a4948cc460
plantvillage-2016,raw/color/Potato___Late_blight/f62c0408-af09-4883-a780-7bd335e60443___RS_LB 5258.JPG,1,potato_late_blight,val,1957,f89ba7a0d1efe817c346f9a2da43c6086637ca49,7978f8ce86e4c0e0
plantvillage-2016,raw/color/Potato___Late_blight/f68e448a-c2f5-4638-a7cb-45e73083ae4a___RS_LB 3892.JPG,1,potato_late_blight,train,1958,849e2fc42d7fe32dc51763c2ba4f43694a9ed1f0,3e3c72feecccf0e0
plantvillage-2016,raw/color/Potato___Late_blight/f7438ce7-c12a-40df-83a1-1ab0cde13bb0___RS_LB 3847.JPG,1,potato_late_blight,val,1959,64b79c72b04967852fac9188a40e112cc187403a,60c484ae1c1c90c1
plantvillage-2016,raw/color/Potato___Late_blight/f7936082-7315-477d-9710-529a7024b32d___RS_LB 2546.JPG,1,potato_late_blight,train,1960,713df53f5922928548b266b8ca8e32cf630d678b,f9fccec7f3f37efe
plantvillage-2016,raw/color/Potato___Late_blight/f795a3d7-2915-447c-9e6f-df1d895f98bc___RS_LB 2792.JPG,1,potato_late_blight,test,1961,5cf967ad4c76e39e9612b606fd9c49efcf7388eb,e3e8f0ceccf8f1f1
plantvillage-2016,raw/color/Potato___Late_blight/f7bbae6e-df8d-4f2a-b8b8-52c94d9bf2b5___RS_LB 3212.JPG,1,potato_late_blight,train,1962,116d256aebafb297b2e0868f0d229f12eaeb81b8,40c08084c2c6c430
plantvillage-2016,raw/color/Potato___Late_blight/f81452c0-aa6a-4d2e-a4ba-c761a2e7870f___RS_LB 4280.JPG,1,potato_late_blight,train,1963,204a8ae5afc12d6a0f73693a4295baca10192035,001c9c3020404000
plantvillage-2016,raw/color/Potato___Late_blight/f87fce12-78df-4a8c-92ff-8c0b83cc82b9___RS_LB 3025.JPG,1,potato_late_blight,train,1964,75570f4098c8a1bfb8f1a70c4fb2bb53af2ab5c9,79e8868e9eb4d8e0
plantvillage-2016,raw/color/Potato___Late_blight/f8d2bf55-3044-4d09-9372-63aa960f1881___RS_LB 2538.JPG,1,potato_late_blight,train,1965,b88454768bc0bb77f03f46934976048183d8a808,c3d09cacccc6fef8
plantvillage-2016,raw/color/Potato___Late_blight/f9102bc2-7c64-4dd8-afe5-d31db2159899___RS_LB 4401.JPG,1,potato_late_blight,train,1966,ad80f5cf687b85f6b1cabe9ab16f26b1df323100,e7f3b0b098a2e6cc
plantvillage-2016,raw/color/Potato___Late_blight/f926e3c1-74bb-4397-85ca-725a54dfaf49___RS_LB 3053.JPG,1,potato_late_blight,train,1967,c0724c8e4480f344652ae86d1deb6d82f11fc317,6178f8f084c4d870
plantvillage-2016,raw/color/Potato___Late_blight/f93b9fc8-469b-4a2f-8c0b-ca3d1a093185___RS_LB 3870.JPG,1,potato_late_blight,train,1968,ab8563094381b1cbb6a6afea466a984eba012d05,20b0bc2ca4e0e022
plantvillage-2016,raw/color/Potato___Late_blight/f95a6bbd-39a3-48e7-a612-8833c2b7b3ff___RS_LB 2784.JPG,1,potato_late_blight,train,1969,6cacc094fa431cc745e2c4924c8f6fb7a78cc4ef,3870c2c69c8c98b0
plantvillage-2016,raw/color/Potato___Late_blight/f964b423-2146-4523-9f71-d7937c475bf0___RS_LB 3842.JPG,1,potato_late_blight,train,1970,64e0a49a8148845860c701fb48da45b0a67e1cf7,f8fcdcc898b0e0c0
plantvillage-2016,raw/color/Potato___Late_blight/f973bbe0-ce70-4215-8d5b-9e7adc099261___RS_LB 2507.JPG,1,potato_late_blight,train,1971,de4cb264d6075f39360545ee4c02db96dd77a57c,0e72e2c6c6868cf1
plantvillage-2016,raw/color/Potato___Late_blight/f9bd5093-1f62-4d00-bb66-7f65ce5c412b___RS_LB 2854.JPG,1,potato_late_blight,train,1972,0be6b6db2e6f4c914af12fc402851f9cbe3d5177,13f0f8ce8e82d8f8
plantvillage-2016,raw/color/Potato___Late_blight/f9d861a9-0217-4de2-844f-fd23ccaa9def___RS_LB 3067.JPG,1,potato_late_blight,train,1973,791611d59e97bba96ffe0de000ea81bc6656a6dc,80808080d0607038
plantvillage-2016,raw/color/Potato___Late_blight/fabf3179-8fba-4551-93fe-28e7f6c0efc3___RS_LB 3269.JPG,1,potato_late_blight,train,1974,09633682d3d09308a0edf06cdcb7c81e074f86d1,3c6cc6d2988880c0
plantvillage-2016,raw/color/Potato___Late_blight/faf67766-afc0-4f41-af0b-a3971fe325c7___RS_LB 4777.JPG,1,potato_late_blight,train,1975,421bc8a988565436eae7fa90cca1860e6a0fdc14,023c74f810202000
plantvillage-2016,raw/color/Potato___Late_blight/fb13e4c8-17e4-48a9-899b-dfc7f302196c___RS_LB 4374.JPG,1,potato_late_blight,val,1976,ad8a60222500f557acfa41ed060d312783c89cff,e1e0d8e43418180c
plantvillage-2016,raw/color/Potato___Late_blight/fb61ea12-3f1a-4ea3-911b-d830eeb74717___RS_LB 2914.JPG,1,potato_late_blight,test,1977,e9fe02640d3ea30f8a23a2435b306109d60ea5ba,fff1f3fab6f0e9eb
plantvillage-2016,raw/color/Potato___Late_blight/fb91b663-6a03-4165-8125-afc96e41ab5c___RS_LB 5130.JPG,1,potato_late_blight,train,1978,903f7d90b207b6fd60d4de947ea65dbcc2ba2c75,0ebcfef8c0c480e0
plantvillage-2016,raw/color/Potato___Late_blight/fb9dc049-ec76-4502-9a11-13fb62a26ed4___RS_LB 3916.JPG,1,potato_late_blight,val,1979,889c3cd52ea939d67f7c196c8bdad1809bfc0c06,7cf8cfde9cdcdc78
plantvillage-2016,raw/color/Potato___Late_blight/fbe08e9f-d4a0-4a6e-9741-c34fda88b3d2___RS_LB 4540.JPG,1,potato_late_blight,train,1980,5f819fdd4b4f0fdcd6b2b4ffa3df514f7bdddc0b,7d5cd4b0a288d9c2
plantvillage-2016,raw/color/Potato___Late_blight/fc748621-bd56-4012-a617-9e30df58ecfc___RS_LB 4402.JPG,1,potato_late_blight,train,1981,cd743adeb5ed3180dbd0edf522509e0226c11112,0818d2b0181c8080
plantvillage-2016,raw/color/Potato___Late_blight/fc759d3f-64c7-4e45-9a0c-5a2f07fd1055___RS_LB 3030.JPG,1,potato_late_blight,train,1982,77c1b697ee183ca72c58f03a503d238cece25490,e3e4d79b9bdbf0f8
plantvillage-2016,raw/color/Potato___Late_blight/fc9b06c8-7c63-445d-9858-a5a0c7be719b___RS_LB 3273.JPG,1,potato_late_blight,train,1983,529e23962ced43a5f425383f32bf9ac412ec237c,e3999c8ecedafcfc
plantvillage-2016,raw/color/Potato___Late_blight/fcc8393e-18f5-48c2-bd87-a0dabc151810___RS_LB 4029.JPG,1,potato_late_blight,train,1984,38b3172d97481f557a3ad3b81a9ac06063954057,ffeae2c8c2c8f133
plantvillage-2016,raw/color/Potato___Late_blight/fd35fb86-6558-40f2-b8ac-6922e2107af5___RS_LB 4095.JPG,1,potato_late_blight,train,1985,395835ca7c94853561e049acd00aa165c63c6a6b,fcf2f68e9c9c1831
plantvillage-2016,raw/color/Potato___Late_blight/fd81a3e2-1d3e-4e52-a010-ad1b36a5220d___RS_LB 4067.JPG,1,potato_late_blight,train,1986,ac224d8c39af55bfaa5253705637aea2f2f1d907,fefcf1dd9d9ed8d9
plantvillage-2016,raw/color/Potato___Late_blight/fdb4e132-c71b-413f-93c0-c863dd4582a7___RS_LB 2582.JPG,1,potato_late_blight,val,1987,6825bcdfd0564dad845a376956e89ddcb12647de,38f08c8c9a8cc060
plantvillage-2016,raw/color/Potato___Late_blight/fdb7d904-91df-4f00-85bd-0fb038723329___RS_LB 2628.JPG,1,potato_late_blight,test,1988,b96412806f1541c9d9ed9e6aafa54a385b1306c3,fcfcfcde9eccecf7
plantvillage-2016,raw/color/Potato___Late_blight/fdc86644-2491-4ace-b7e3-190e1d68ebba___RS_LB 5129.JPG,1,potato_late_blight,train,1989,6bd9682b494b26edb161b894f1e92ac77ce32c4b,c7c3e0e2e3e3f5fc
plantvillage-2016,raw/color/Potato___Late_blight/fdf53f6c-db92-48b9-9e06-0358e4114be6___RS_LB 2656.JPG,1,potato_late_blight,test,1990,610b1a42a803a3642f2340b0ca6ad15d2dcefae7,f1fcb69f8bc3f4f8
plantvillage-2016,raw/color/Potato___Late_blight/fe3eb287-4bb0-4a6f-b50e-253370bd19dd___RS_LB 4073.JPG,1,potato_late_blight,train,1991,9f850e0c5e3cc134db3270e43cce9c5e9f4b6228,7cfe7e7fdfcefcf1
plantvillage-2016,raw/color/Potato___Late_blight/fe4bbe61-ddd7-464f-8aa6-e292b8686c70___RS_LB 2902.JPG,1,potato_late_blight,train,1992,d5868e31252fc580d593c799bbfa24324970edcd,70f8dcce8ec6cc78
plantvillage-2016,raw/color/Potato___Late_blight/fe72d959-6788-4b19-9285-e0b2919dc718___RS_LB 2516.JPG,1,potato_late_blight,train,1993,ede2118b9eef55425992ff7c55f79dc1b5530713,c1e1b0b8bc9cc868
plantvillage-2016,raw/color/Potato___Late_blight/fe93615b-4160-4956-a65c-cdbc79af2052___RS_LB 5131.JPG,1,potato_late_blight,test,1994,6da698d8c5df578b7789993aae6ed0ea35a18079,3178e4f09686acf0
plantvillage-2016,raw/color/Potato___Late_blight/fe9d57f1-8e00-4069-963a-b344cceca7b3___RS_LB 4486.JPG,1,potato_late_blight,train,1995,4e064dc435e84660c622204c4d87a28331b49ef9,00e4c6cbc8e07000
plantvillage-2016,raw/color/Potato___Late_blight/feefc118-4434-4ffb-afbb-02fb292f72b6___RS_LB 2874.JPG,1,potato_late_blight,train,1996,ef0eb61c6ae83a306d21b16dc8988ffc47527222,1978e4d6c62c98f0
plantvillage-2016,raw/color/Potato___Late_blight/ff03a125-445b-40e1-a7ed-0bb9b155dfd8___RS_LB 5039.JPG,1,potato_late_blight,train,1997,63e16194a8ec6ad5822497a1c48087614666c6ab,0e36eec6bc38b0c0
plantvillage-2016,raw/color/Potato___Late_blight/ff7160f9-f8d7-4576-82b8-009bf1b63b3b___RS_LB 4974.JPG,1,potato_late_blight,train,1998,a491d56bb4ba3ef8ab1e9056eb1b2f002307bbbe,808028a486e66038
plantvillage-2016,raw/color/Potato___Late_blight/fff55a7e-2f86-4747-8d31-f1fde3c307aa___RS_LB 3081.JPG,1,potato_late_blight,train,1999,6e8ea2ae7773836b2503680d37246b9ac2b22860,48d0c0a030309080
plantvillage-2016,raw/color/Potato___healthy/00fc2ee5-729f-4757-8aeb-65c3355874f2___RS_HL 1864.JPG,2,healthy,train,2000,272d072e5c9e92a035c9d95d86d4ee427e87c263,39f8fcbebe9eecec
plantvillage-2016,raw/color/Potato___healthy/03da9931-e514-4cc7-b04a-8f474a133ce5___RS_HL 1830.JPG,2,healthy,train,2001,a0901c42e2d16be2cde0d1598d81c4e2157cd70b,71f1f8dcfeceece4
plantvillage-2016,raw/color/Potato___healthy/04481ca2-f94c-457e-b785-1ac05800b7ec___RS_HL 1930.JPG,2,healthy,train,2002,0edae8111e499508751e0af3ca9d58dedd2a6ffc,7ffef8ca869cb1e1
plantvillage-2016,raw/color/Potato___healthy/046641c1-f837-49eb-b5f2-4109910a027c___RS_HL 1878.JPG,2,healthy,train,2003,de2f63908ef489e92c6ddf139754c187014c2751,6190b0365edccce0
plantvillage-2016,raw/color/Potato___healthy/07dfb451-4378-49d1-b699-33a5fc49ff07___RS_HL 5399.JPG,2,healthy,test,2004,a29f26061fdd59e0ac2a7e3c19719513d71456ba,bcf6e6c6e0dcf0f1
plantvillage-2016,raw/color/Potato___healthy/0b3e5032-8ae8-49ac-8157-a1cac3df01dd___RS_HL 1817.JPG,2,healthy,train,2005,a72e5f565fc4559d432cf53393c67c33f9c1ea4f,d1f0fc9e8e8ee078
plantvillage-2016,raw/color/Potato___healthy/0be9d721-82f5-42c3-b535-7494afe01dbe___RS_HL 1814.JPG,2,healthy,train,2006,edcabba483d617e1c4dc80845f8ca808fe03d3dc,6cfce48c0c1c1c98
plantvillage-2016,raw/color/Potato___healthy/0f4ebc5a-d646-436a-919d-961342997cde___RS_HL 4183.JPG,2,healthy,train,2007,8be5c2d3434006a205f4a50317610a583af19acc,7cf0e0ec8eccf0c4
plantvillage-2016,raw/color/Potato___healthy/1106c3fc-92cb-41a6-a6c6-8f08b9b45108___RS_HL 1914.JPG,2,healthy,train,2008,032084402bfd988dfd47374c0f6f3ac15b20a1d5,1930f6e6eeaeccd8
plantvillage-2016,raw/color/Potato___healthy/111cd9d8-4d27-4225-be9e-d29b21cf56b9___RS_HL 5419.JPG,2,healthy,train,2009,7c5ce4a86cb739f98c5fe3a778f8befb9224b1ed,c0c0a024a6a6f67c
plantvillage-2016,raw/color/Potato___healthy/142fb983-2166-4a0f-b99b-a6c21e99987e___RS_HL 5398.JPG,2,healthy,test,2010,46defa2413bc924004337ec424b8730eb9293fcf,80903030088aca4c
plantvillage-2016,raw/color/Potato___healthy/14484ea5-9c34-427c-abe4-2743265aced0___RS_HL 4204.JPG,2,healthy,train,2011,40efee8d40a4eef57b5a7de22c3b71710aeb4049,0c1cb46cc8d9b1e0
plantvillage-2016,raw/color/Potato___healthy/144d2475-21ab-4bdc-a67c-9672a9b711e6___RS_HL 5376.JPG,2,healthy,train,2012,79617551a44ba3fccde92c19a7f5657afdbea717,98f8f0dce4a4b0c0
plantvillage-2016,raw/color/Potato___healthy/163ada72-4288-4f85-a3c1-feed23c8d1de___RS_HL 1940.JPG,2,healthy,train,2013,e27992626d4d167cfd57778ccbcb07f465a8c860,8080983cdec67238
plantvillage-2016,raw/color/Potato___healthy/170f1f57-0fd4-421f-9c82-3b1804be63ad___RS_HL 1771.JPG,2,healthy,train,2014,480868a9b7be38d07906fb8596b5f4f5d3e74127,061e76debc9898c0
plantvillage-2016,raw/color/Potato___healthy/1a1184f8-c414-4ead-a4c4-41ae78e29a82___RS_HL 1971.JPG,2,healthy,train,2015,12296d27a9b5b6f54c2ada4ec9cc312cdb8c1eb6,9ebcf0c2c28684c8
plantvillage-2016,raw/color/Potato___healthy/1ae826e2-5148-47bd-a44c-711ec9cc9c75___RS_HL 1954.JPG,2,healthy,train,2016,9e20bef90f2bc233c1bcc60e8274846e7018300a,8ec69084c0f1713c
plantvillage-2016,raw/color/Potato___healthy/1b434c52-7be4-40c4-90d5-13220f1a3eba___RS_HL 5418.JPG,2,healthy,val,2017,e41f9b4a4b1c3e0236321ed57cae062ddbac62ad,1e74c8908490a0e0
plantvillage-2016,raw/color/Potato___healthy/1dcfeaa9-006d-470c-b3e5-d67609d07d4e___RS_HL 1808.JPG,2,healthy,train,2018,c45a0e0db9f1891e4acf4a928f66324e838372ca,83a3b098dccc6238
plantvillage-2016,raw/color/Potato___healthy/1f9870b3-899e-46fb-98c9-cfc2ce92895b___RS_HL 1816.JPG,2,healthy,train,2019,6b4e172f960a2859e3c2cadb72e6ce99d59b7bdb,b0f8dcdc5c1c9cc8
plantvillage-2016,raw/color/Potato___healthy/20ac28d6-5708-4e31-8676-1b1979de094f___RS_HL 1735.JPG,2,healthy,train,2020,1d8e7a10ac6735ec741a06d2f929401c6e1fd125,f2f0840e0e9c98f1
plantvillage-2016,raw/color/Potato___healthy/22322780-95b4-4b45-b626-26b22965d55e___RS_HL 1880.JPG,2,healthy,test,2021,f3b51ffefa73f940ab39adc02530152b0ad159bf,1378d898cc9c98c0
plantvillage-2016,raw/color/Potato___healthy/23f1ab77-d664-49c4-92eb-41eb66c6d101___RS_HL 4169.JPG,2,healthy,train,2022,181eb1f046f6a5f9abd3097ac51376713fc1e04d,111c3c7cdc9898b1
plantvillage-2016,raw/color/Potato___healthy/23f4d3b1-23f4-43fb-96c2-dae37224ec74___RS_HL 1803.JPG,2,healthy,train,2023,76b43d9285c84358b57ab21ddedc7c9194284335,baf8f0d2e2c67471
plantvillage-2016,raw/color/Potato___healthy/2ccb9ee9-faac-4d32-9af5-29497fa2e028___RS_HL 1837.JPG,2,healthy,train,2024,9daf23a0b71ff75d8de0c55a0dd081037aa1f71f,19f8f0b787c6ecf8
plantvillage-2016,raw/color/Potato___healthy/2d98cbc8-cbe6-423c-b2ab-3f7f8bcea5d5___RS_HL 1945.JPG,2,healthy,train,2025,6b20ee4e7083b38e66ec906a717e77355f6dc284,36e0b09c9ebecc7c
plantvillage-2016,raw/color/Potato___healthy/2dee1571-ef6b-40ef-8c46-334e89aad3f1___RS_HL 1950.JPG,2,healthy,val,2026,35d68ca0ce750415331d227b96d4226fdd41c4b5,60f0c0c0a4a4e0f0
plantvillage-2016,raw/color/Potato___healthy/2e0b8b4b-e900-408b-b760-730690bbd382___RS_HL 1901.JPG,2,healthy,train,2027,e117205b584a62005d891f45d8c971325528c57e,62e0c0c0c2e6e664
plantvillage-2016,raw/color/Potato___healthy/30126310-39de-4c02-b10a-23409417a4f6___RS_HL 1826.JPG,2,healthy,test,2028,76db95876c3d9223dacb75244d9905ebc68d3840,c4c0e0c4c6c26638
plantvillage-2016,raw/color/Potato___healthy/30937333-8898-4634-8c00-af57d3020ba6___RS_HL 1922.JPG,2,healthy,train,2029,6e66ec5ea30c2fb2a50704dd549fd21db05043aa,4060c8c483c36e3c
plantvillage-2016,raw/color/Potato___healthy/31a09d39-6791-4ecb-8f44-af2ed85dbd33___RS_HL 1970.JPG,2,healthy,train,2030,bb776a04c5006f9c4c3a6de6489069a5c5a3a1ef,3371c0c0c1c2f0f8
plantvillage-2016,raw/color/Potato___healthy/369479a9-3c28-4d77-8731-9ae54e719af3___RS_HL 1785.JPG,2,healthy,train,2031,3faedd71fcd4ed93b5e5de414e39d82a5b93ce27,9fc3c2e3c3e37b7c
plantvillage-2016,raw/color/Potato___healthy/36bdc44c-96a4-40bb-86f7-63a91d706e96___RS_HL 4203.JPG,2,healthy,train,2032,05d63097142f5429efc2676d86489dfb9496cd9b,ccb8f2e6c6c6ece4
plantvillage-2016,raw/color/Potato___healthy/38faf81d-c83b-42ca-b4c3-e3bbfa070589___RS_HL 1805.JPG,2,healthy,train,2033,da56589bff464d1078b51bcf4e272b54b677849c,8d8080e4f2f17afe
plantvillage-2016,raw/color/Potato___healthy/3a00204c-5e53-4e5d-95a6-f8819031744e___RS_HL 5420.JPG,2,healthy,val,2034,1eeb0a84e5ec05a95113577743de1b2a1f6776f1,5f78f0c488b1e3c7
plantvillage-2016,raw/color/Potato___healthy/3a1dbeee-089c-43f0-8f51-a92d3687a515___RS_HL 1754.JPG,2,healthy,train,2035,67d9ed87339333d86e567379da2c3c0fc6d0257f,0060783caecef078
plantvillage-2016,raw/color/Potato___healthy/3c0d6888-c7e1-4cf8-9c25-9a0b8c62ba72___RS_HL 1780.JPG,2,healthy,train,2036,76ce9bd32c4d98c18fcad543c6e705f4469644ab,f0e1d89e9e9ed8e8
plantvillage-2016,raw/color/Potato___healthy/3edf7c3f-73e0-439c-870d-76cfd7c3bc45___RS_HL 1859.JPG,2,healthy,train,2037,88523f3af868408401a8b480363a4f3c7f716043,e1e1c48c8ecfe674
plantvillage-2016,raw/color/Potato___healthy/3f369e63-81eb-4194-a145-df9ed91abc5d___RS_HL 1745.JPG,2,healthy,train,2038,14acb8749dbca51ea2d9c9628fb75190a3c2fdf7,02e1e88697c7e6fc
plantvillage-2016,raw/color/Potato___healthy/413bc2e9-eb2a-48fd-ba65-48b5121fd85c___RS_HL 4200.JPG,2,healthy,train,2039,2d16b093fcddb582dfc798264361126e1d3969fb,1872e0c0c090a180
plantvillage-2016,raw/color/Potato___healthy/414f6249-9f78-4af5-9593-9d5a7e7d979f___RS_HL 1918.JPG,2,healthy,train,2040,146ca6d67d6527ad748885f6d9e505cb46304029,fefafac89cb8e3e7
plantvillage-2016,raw/color/Potato___healthy/415ac4a2-8f16-4052-880e-1e1f208965f0___RS_HL 1884.JPG,2,healthy,train,2041,9060610272111911e9acd6bb47146e09db9b25bc,e0e0c48483c3721c
plantvillage-2016,raw/color/Potato___healthy/43fd6ace-3712-494a-9aba-de5482d22561___RS_HL 1968.JPG,2,healthy,train,2042,f8a00496884cab1fabf6762bc9bb4fbe21312b45,5c7cc6de9e1cb820
plantvillage-2016,raw/color/Potato___healthy/45bc0b37-ca59-4a89-8531-705af42a6fd5___RS_HL 1946.JPG,2,healthy,val,2043,86d7dd1baae8c37ad080303d6ad3f2cc3e34e98a,70c0949e8ececc6c
plantvillage-2016,raw/color/Potato___healthy/468d3107-f09a-4f0d-8b9d-f08d7c49738f___RS_HL 1747.JPG,2,healthy,train,2044,9d406a61a28289c407c643a4681a8e0505fa72d9,808290988cc4e470
plantvillage-2016,raw/color/Potato___healthy/46b2555a-c0a6-48c2-af13-0816e147e4de___RS_HL 1943.JPG,2,healthy,train,2045,b1196b6839372314ec6bacc1dcf94bfe1769b263,b2e0949c8ececcc9
plantvillage-2016,raw/color/Potato___healthy/4a08efaa-28cc-4356-8769-4002f4b299ef___RS_HL 1850.JPG,2,healthy,val,2046,f49900f14cc5fd186262ddd15463a625684c0748,1870e0c084c2e468
plantvillage-2016,raw/color/Potato___healthy/4ae82355-6885-40e7-9807-dabe46ed3441___RS_HL 5410.JPG,2,healthy,train,2047,8616f7c66e496577c09ae895ec170e3b2febddf8,b0f8cc9e9e8cc870
plantvillage-2016,raw/color/Potato___healthy/4bbccfb6-5720-4c80-9b37-0c3ed8999c9f___RS_HL 1791.JPG,2,healthy,train,2048,8b3d6534f40b83e55c5ee4ce670499bd1656219a,10d89cbc3c38c044
plantvillage-2016,raw/color/Potato___healthy/51a03694-82cd-43a5-9877-ddce42c1a5ad___RS_HL 1779.JPG,2,healthy,val,2049,3c1c622c6332d606a0e65ff60d67501fb222ee35,60e1c0be3e8eecf1
plantvillage-2016,raw/color/Potato___healthy/52dd2fdd-6966-450c-a42b-ee14428d4271___RS_HL 1955.JPG,2,healthy,train,2050,83e5ba9f7fe003e97e717ea7c1e4462cbf09293d,fa70e4c686c4ecf0
plantvillage-2016,raw/color/Potato___healthy/533abd3a-3e1d-42d0-ae9c-5189282b78af___RS_HL 5369.JPG,2,healthy,train,2051,dac55db8252efc8781ee57c887be1c4153427572,3170e0cce6b0b0c0
plantvillage-2016,raw/color/Potato___healthy/54f86311-9d76-421b-b401-0b02f6e738a5___RS_HL 4172.JPG,2,healthy,train,2052,b5595d0e0f4c26ba124df4f0517a4567fe9230a1,fbdefceae2e0cce0
plantvillage-2016,raw/color/Potato___healthy/56ae1281-5ee5-4f2a-8678-c2e4491878c6___RS_HL 1869.JPG,2,healthy,train,2053,a105502650b2439cc0fdab25a7952c17264bf5ae,96f0d8bc9ecee4d4
plantvillage-2016,raw/color/Potato___healthy/57c2663b-5d1d-4476-b067-38b2149c3b2d___RS_HL 1796.JPG,2,healthy,train,2054,21261478c8f2e381b0f543a9da3f0c470b523dee,0c3c7ccecece6c61
plantvillage-2016,raw/color/Potato___healthy/57e24d88-fd01-4422-b8b5-d688d2296184___RS_HL 5401.JPG,2,healthy,train,2055,fc0a481f18f85cd04dd5385fce8bbafe7faf8ce2,ebecceaeeec2fefc
plantvillage-2016,raw/color/Potato___healthy/57e262fc-e0ba-44db-a967-5ba6f1826e49___RS_HL 1897.JPG,2,healthy,train,2056,8881d052e012a9c963db2723264c4531fe39366e,70e4cc9c9c994163
plantvillage-2016,raw/color/Potato___healthy/58a98860-86d8-41e7-9f8c-cc2ca5e90012___RS_HL 1758.JPG,2,healthy,train,2057,18e56fd8f3ec99195db5ef8989a5f947a645007a,c6c2f8ccc6f2787c
plantvillage-2016,raw/color/Potato___healthy/5a3fc4bb-a78c-4276-8934-f0b037ffb860___RS_HL 5412.JPG,2,healthy,train,2058,e6d743a01dc3c8192bde5180aa292265ce5e84fd,0080b0ac96d67818
plantvillage-2016,raw/color/Potato___healthy/5cb360dd-5c17-4c57-b31d-97cd8dd8d0bd___RS_HL 1797.JPG,2,healthy,train,2059,6b506384ee0eea6b34f46da60d5f35b4967b0968,1838f0d6cfe67470
plantvillage-2016,raw/color/Potato___healthy/5d505af8-3f73-4781-980c-a4a696a04550___RS_HL 1934.JPG,2,healthy,test,2060,ffbe3b73efeb6a5c491ceaed2686dad392d84ef8,6260e8d8f89ce070
plantvillage-2016,raw/color/Potato___healthy/5df30492-0b54-474d-8883-bba9474ca88f___RS_HL 1801.JPG,2,healthy,train,2061,9a86deeb9ef8fa0135cab88fac54e77a24905a9b,3978f696be9ce8e4
plantvillage-2016,raw/color/Potato___healthy/5e19b1f4-fd65-4c4d-bcd2-18c8c519eddb___RS_HL 1965.JPG,2,healthy,train,2062,6acee7bfe6af57dcd934393364a87b87228ec74d,63e2c0c4e6e67038
plantvillage-2016,raw/color/Potato___healthy/5ea316eb-10a2-42c0-b781-40d90356ccaa___RS_HL 1935.JPG,2,healthy,train,2063,6f5a932d457dad359c8fe18349b43459ed49a790,7270e0e6f5e7f2b8
plantvillage-2016,raw/color/Potato___healthy/5fcbde8f-52af-4963-b324-ff7f4dd6bd4c___RS_HL 1762.JPG,2,healthy,train,2064,61612cff4b37e7e1e3bec5a628f0270c89c5a8d2,3171e8d84206cc70
plantvillage-2016,raw/color/Potato___healthy/60e9a878-13e0-4345-964c-fd807cd20bbb___RS_HL 1876.JPG,2,healthy,train,2065,ad6f9bdc7f3ff4caf2ec8e4980d608bbe8138e3f,cf999899b3d3fafc
plantvillage-2016,raw/color/Potato___healthy/61b05f0a-14bc-4c8f-a256-57c8b8898d8c___RS_HL 1769.JPG,2,healthy,train,2066,ed1d14e69ecdb9e6e8a82811962d90bacdbefc97,b0f0f8d8cc4c98d0
plantvillage-2016,raw/color/Potato___healthy/61b8a692-91d8-40f5-a4a4-4d910875a638___RS_HL 1966.JPG,2,healthy,train,2067,e06772cdd08e170960fe5ccef15fac72b7ae8a39,0638f0c2828ec0c1
plantvillage-2016,raw/color/Potato___healthy/683b04ad-7941-4819-9965-ba32c725eb22___RS_HL 1861.JPG,2,healthy,train,2068,fe7b16b936c5ad200942acf8f77ca4b6a458e0b9,a383f0d0c6c2e370
plantvillage-2016,raw/color/Potato___healthy/6f4b9acd-f34d-4771-a6bc-2001de2dd1d3___RS_HL 1898.JPG,2,healthy,train,2069,1df1a6740c130bd2d5ea22c27c0e0340c1d2faf1,40e0f89cd6d67858
plantvillage-2016,raw/color/Potato___healthy/71c06efe-089f-49b3-beed-095bd7640e32___RS_HL 1947.JPG,2,healthy,train,2070,c6901c0400c4735472b9d22a1f5bf7d510889a48,e180b00e0684c4f0
plantvillage-2016,raw/color/Potato___healthy/750584fd-72e0-45c8-b37c-97208bd559cc___RS_HL 1885.JPG,2,healthy,train,2071,cf9a42d45e68f4a7a52d80aaa6026de20a8df00e,31f8f8feba9ef821
plantvillage-2016,raw/color/Potato___healthy/762672f4-17e6-4fd6-84f1-3bcb091b3ca5___RS_HL 5417.JPG,2,healthy,train,2072,6f41ab06bce07caec7db0c32e8079daa823bfaf0,3070e4e6a6cce838
plantvillage-2016,raw/color/Potato___healthy/774875d3-438a-4305-afe2-7d59e2925dc4___RS_HL 1759.JPG,2,healthy,train,2073,ed5c6a36f620c2edf71cb50760f948e055a9cd01,6070ecc6e6627038
plantvillage-2016,raw/color/Potato___healthy/77c75478-e1f0-4aaa-9cbc-af1fed928a74___RS_HL 1748.JPG,2,healthy,train,2074,2b82ed5a8dbf5c1f45e363bf73234ada294f8f77,7870e4d68686cc78
plantvillage-2016,raw/color/Potato___healthy/7948ada9-eabc-4cb7-a579-b73e938eb716___RS_HL 4185.JPG,2,healthy,test,2075,87ec3448350859a38eab8e5831f420696002e228,7cf4ecc8c4e2fcf0
plantvillage-2016,raw/color/Potato___healthy/799b10e8-ba67-4e08-9abe-748789572ad1___RS_HL 1881.JPG,2,healthy,train,2076,5d2c8d5ca9d8a8cf90788b588b1f4e0bed7adcbd,e2e0c48493c3e278
plantvillage-2016,raw/color/Potato___healthy/7bfda067-6e35-4af5-a9c4-4b3b5f357871___RS_HL 1813.JPG,2,healthy,val,2077,16bba927fd3eb4cec583fd1c500f15fde927615f,d070e8c6c7c7e2f0
plantvillage-2016,raw/color/Potato___healthy/7e6c8297-dfe1-4826-826e-01d696cc263b___RS_HL 1863.JPG,2,healthy,train,2078,49a5074562b5180bdd39317dfd5469f25436cf04,94f1f0f4eece7a38
plantvillage-2016,raw/color/Potato___healthy/7e7b6ab4-9adb-4a3b-abfb-8716b0039879___RS_HL 1921.JPG,2,healthy,train,2079,ab0e6591271f750606241feb12307bd0c5adf014,04c0f19ccccccc78
plantvillage-2016,raw/color/Potato___healthy/80bb8697-bfab-449b-b870-e1ed2089df58___RS_HL 1827.JPG,2,healthy,train,2080,202c6fd93732840b44c61211c3fdd09685c182cd,b870e0c28080c2c4
plantvillage-2016,raw/color/Potato___healthy/849aa978-c7b9-4344-9ca8-129219a65f8e___RS_HL 1874.JPG,2,healthy,train,2081,3235db4e60c4e88fdab17b8281f083e220a9dc2f,f4f0c68e0c8c90d0
plantvillage-2016,raw/color/Potato___healthy/8583c4ff-2d8b-4b6f-89a8-fcc98917ce9b___RS_HL 1961.JPG,2,healthy,train,2082,5683db0280d22d40ed9825f47666a016b62c8471,20f0bcfe9eceec3c
plantvillage-2016,raw/color/Potato___healthy/8665efd2-fa3d-45f8-b1c0-746c99fb7d1e___RS_HL 1924.JPG,2,healthy,val,2083,ec8a0d1896cfcca33e973041b54b6e9ca07edd64,c5f0fc7cdcdefaf8
plantvillage-2016,raw/color/Potato___healthy/875d6ded-5f01-495c-a945-ad2e17f87f91___RS_HL 1848.JPG,2,healthy,train,2084,893efcc2f602b8fb97fde5c9f08d1fd7f3e9eb0a,1c7cfc3a1a3cb0a1
plantvillage-2016,raw/color/Potato___healthy/882798ca-67c3-45a3-86cf-4aed69388145___RS_HL 1750.JPG,2,healthy,test,2085,c486b6b5da5c93e6a85a721173a1724de2122423,13f9f8bc7cb8f163
plantvillage-2016,raw/color/Potato___healthy/8b2ce6b6-f00a-4f25-ac6d-4249dd7dc5f6___RS_HL 1890.JPG,2,healthy,train,2086,591fe364469f07a96c196b1867c8903ed1ae7dd3,38ec8ca89c9cd0e0
plantvillage-2016,raw/color/Potato___healthy/8c1e1281-5937-4559-a02f-02817de6e122___RS_HL 4173.JPG,2,healthy,train,2087,238fcfcfd7ffd902b79a9c7d3b2a6f20b80349d2,f9f873f3e3f26435
plantvillage-2016,raw/color/Potato___healthy/907f26b7-a14f-463f-a41e-f35d6e0f1417___RS_HL 1757.JPG,2,healthy,train,2088,1fa0a0dbee6d247ee0d0cac495345791ab7072ad,3070c087c7c7e470
plantvillage-2016,raw/color/Potato___healthy/923d4cc3-021a-4bcd-9f5f-1d6f69e4ad33___RS_HL 1888.JPG,2,healthy,train,2089,d8a330bbe1b90e39472caa4d50d560d7d2187978,90e8c48684c0c061
plantvillage-2016,raw/color/Potato___healthy/929107f1-4ae9-4dae-8319-ae7cf4804236___RS_HL 1932.JPG,2,healthy,val,2090,7749d2cc30fb8397103bfc35cdc0f8bc61c1889d,fcfcfedae2c0c163
plantvillage-2016,raw/color/Potato___healthy/949cafd0-098b-497f-9590-f0fb8ccafc94___RS_HL 4168.JPG,2,healthy,train,2091,4d1f58219e6726d81eee67dacef761cd570b7d3f,38f8fcdcf48cf8f8
plantvillage-2016,raw/color/Potato___healthy/9a6eb7c4-6b43-477a-89e0-69f62ef67991___RS_HL 1846.JPG,2,healthy,train,2092,12d5f34c3748a93becf8bf6342da68b1b4624a92,b9f0e4c0c4c2e6e0
plantvillage-2016,raw/color/Potato___healthy/9b5be0c5-7d7e-493d-88ba-c721c85f73ca___RS_HL 5405.JPG,2,healthy,train,2093,889a29d7f20c78b034b7be635e2c467c993626c9,c080303004cc7c3c
plantvillage-2016,raw/color/Potato___healthy/9c620128-2872-4bbb-bc14-d5b785242cf6___RS_HL 1751.JPG,2,healthy,train,2094,2e96b66ecb83c64108ec0fd582d4287c5584e979,3ceedebe1e98f060
plantvillage-2016,raw/color/Potato___healthy/9d7d1bb9-1b10-4a8f-a961-e404b9d5acf8___RS_HL 1960.JPG,2,healthy,train,2095,87ae06c9678917e05db03a6e33191007c1e5ee73,79f0c4c783c6e478
plantvillage-2016,raw/color/Potato___healthy/a02b6205-b40a-4178-8b34-3494f84b9d1f___RS_HL 1958.JPG,2,healthy,train,2096,2532e8cde0436959399319a562d629486dde3fb4,66e0d8decfe6f6fe
plantvillage-2016,raw/color/Potato___healthy/a1abff90-34e5-464d-b4d3-0c09f5924900___RS_HL 5414.JPG,2,healthy,test,2097,ec18838ce0cd7be528a5272e8ecb4f42a75c27ee,fdf4e6cbf3e7eefc
plantvillage-2016,raw/color/Potato___healthy/a3ec91aa-8503-4711-a912-0d1427e25686___RS_HL 5409.JPG,2,healthy,train,2098,633bc76cb79f304ae0b784d5f699f6c859b5937b,1e3e76fed29c9c90
plantvillage-2016,raw/color/Potato___healthy/a4d1d8cb-26a2-413f-a229-021e2eea87ac___RS_HL 1819.JPG,2,healthy,train,2099,aa52f70e0b07dded8ee3a88e5786ed09e74c4d76,71f0c0c6d6dcf8db
plantvillage-2016,raw/color/Potato___healthy/a5050bde-febc-4931-b31d-45c9652df318___RS_HL 5373.JPG,2,healthy,train,2100,c57815ea06264d1f95ba6766d9da1ece87875563,7efdf7cf96b4b0f3
plantvillage-2016,raw/color/Potato___healthy/a8d687be-3777-403f-bae7-5c8c19340b3f___RS_HL 1738.JPG,2,healthy,train,2101,241fde1228ad1cc7a267f50b3ad30eb9fcffa768,3ec482821cb8b086
plantvillage-2016,raw/color/Potato___healthy/aa04db6d-645f-4e8a-88dc-c9f9396f0800___RS_HL 1975.JPG,2,healthy,train,2102,3e5d4d988155cc13ad6fa9ad3467e8945bc92e08,2e3c70e0c4848082
plantvillage-2016,raw/color/Potato___healthy/ad9b6cf4-e065-496d-91c7-5713ce14e19e___RS_HL 1926.JPG,2,healthy,test,2103,ae92cf85268e8a655e2ebdf67dbfe9e98720f4f8,1972f0fac2d0d0c1
plantvillage-2016,raw/color/Potato___healthy/af15ac00-67ff-4114-ace8-6dca48b94665___RS_HL 1865.JPG,2,healthy,train,2104,fb46d4064f6027d4f9544b7c3d3b57e53feb725b,e1e8ecaeac8ccce4
plantvillage-2016,raw/color/Potato___healthy/b0fe9fe9-52e7-40e4-b4c0-769f1a0c7fb9___RS_HL 4175.JPG,2,healthy,train,2105,d0e6e688cbd8c6f1adaa44223389abef043fb7f7,3878d0c8e0e08004
plantvillage-2016,raw/color/Potato___healthy/b28c43f9-5844-4e9b-86bf-36bc114cae07___RS_HL 1736.JPG,2,healthy,val,2106,5bd4bc33f7bf9abc789fb957fb0096eb990bdc7e,f9f8c08e9cd8f066
plantvillage-2016,raw/color/Potato___healthy/b35b9f8b-daca-4d12-a5be-defe68d0acc5___RS_HL 1903.JPG,2,healthy,val,2107,935f889985160e20d13d63ad542f6e3604242390,2c3c72e8e0ecc0e0
plantvillage-2016,raw/color/Potato___healthy/b4031970-60ea-4739-9fed-6c81be1bad1c___RS_HL 1752.JPG,2,healthy,train,2108,7174f43a09eb58ce955209c7c2da6bb659c08811,73f8f8fc7cb9f373
plantvillage-2016,raw/color/Potato___healthy/b42621c3-f751-46e1-a8d2-83ed85b90554___RS_HL 1740.JPG,2,healthy,test,2109,c76bb6d3fd6474368e73685c2c0e9925e1c37a3e,b2f0e4020e8edce1
plantvillage-2016,raw/color/Potato___healthy/b536ea91-c5f8-413b-87f3-a22ac3d959d1___RS_HL 1825.JPG,2,healthy,train,2110,075d6435e542b4f76f35ffd45c23ce68f2fd8dcc,8781808683c36238
plantvillage-2016,raw/color/Potato___healthy/b61b9d33-59ea-41b0-a554-c382eb6128c5___RS_HL 1919.JPG,2,healthy,val,2111,94de6550a97400f5a5807ad42e40abfd3fecab37,2c3c7ee6c6bcd0e0
plantvillage-2016,raw/color/Potato___healthy/b89db9d3-a413-4781-bc88-5f6c2085ab5f___RS_HL 1909.JPG,2,healthy,train,2112,611d807190e2c4384a3eae5eb8e6c3765c46b8a3,80c0c08286c67838
plantvillage-2016,raw/color/Potato___healthy/b8b7b98a-eb1a-4213-9b0b-aeef4df427e8___RS_HL 1858.JPG,2,healthy,val,2113,9d457e8e466710b4d1b5fdd5bf6ad923979b8c0f,1870eccc4e1c98d0
plantvillage-2016,raw/color/Potato___healthy/b925ad3e-fc49-497d-a6eb-115f0de20800___RS_HL 4170.JPG,2,healthy,train,2114,0a0b67bd70b15c199815944183ce7a606475923a,18f8c2c2829c9ca0
plantvillage-2016,raw/color/Potato___healthy/b9ea902d-e557-4fa5-893b-39a7a57c0121___RS_HL 1893.JPG,2,healthy,train,2115,dffdb16a9ac9419239b1c81ed1f582544948b822,33f0b01c1c8cd0e0
plantvillage-2016,raw/color/Potato___healthy/bb04f738-1848-4dda-8834-384a48b335cd___RS_HL 1765.JPG,2,healthy,train,2116,8b48d30b25d35ae723b8c383adeba63a325e6a94,1070f8d88cd87000
plantvillage-2016,raw/color/Potato___healthy/bb328d40-e4e6-4b84-a92a-e7cb3922c19d___RS_HL 1829.JPG,2,healthy,train,2117,4c84925e3458230d6b0de815a54049d1714d5228,c0908884c2c2f078
plantvillage-2016,raw/color/Potato___healthy/bde33d08-678c-4f84-b80e-fcb986a9a446___RS_HL 5415.JPG,2,healthy,train,2118,858d6d4df2af3324aa335b8a7e5d2c42bcfd04e8,c7c19e9bdbf979ff
plantvillage-2016,raw/color/Potato___healthy/bf2bffbb-cd8f-4d36-bd58-847808397c75___RS_HL 1786.JPG,2,healthy,train,2119,855797d2b131269f499d46d3e5a1f89c8a3618ce,7371f87c1c9cf871
plantvillage-2016,raw/color/Potato___healthy/c07db642-c675-4066-99b6-56bc8207fb37___RS_HL 4164.JPG,2,healthy,train,2120,8263c10ba85cdf90188902f5af010a1309d8c0fd,a0e0e8acb8b8e870
plantvillage-2016,raw/color/Potato___healthy/c3caa84b-6078-4489-80ac-919d92d25ff7___RS_HL 1772.JPG,2,healthy,train,2121,6bbd1af532d512c56a0ad6c4794bb67d8c6470c1,0c7cec9c3c181080
plantvillage-2016,raw/color/Potato___healthy/c548fe0e-21c2-4241-b806-1e438a1213bd___RS_HL 1770.JPG,2,healthy,test,2122,ba58992803ef5e4b69b69ada5ff69368ad37c33f,043c7cdc9e9c98c0
plantvillage-2016,raw/color/Potato___healthy/c6204cb3-cd9f-4d7b-92a6-9773fe562cab___RS_HL 1939.JPG,2,healthy,train,2123,3fbe0bc0424fd248f655bd942f0556a27c240698,f3f3c2c08c8881e3
plantvillage-2016,raw/color/Potato___healthy/c6abf1da-b06f-4cd2-8af6-d68be5eff6f9___RS_HL 1766.JPG,2,healthy,train,2124,a707ca87b5a56e924380ddb2faffe8844c939412,3070f8d8ec0c98d0
plantvillage-2016,raw/color/Potato___healthy/c85bacb0-e5e8-4127-a0b0-a7342f2cab5f___RS_HL 5406.JPG,2,healthy,val,2125,51fc6993c47808b14573641a4cfdec311e334791,bce4ce8a8080b1f3
plantvillage-2016,raw/color/Potato___healthy/c9ad5c9a-c9b0-4e07-9e03-9e9edfd58a19___RS_HL 1755.JPG,2,healthy,train,2126,e23d8740f88c2487f485cbb2bb9fa5d6523d6d96,67e3c086c6e6e07b
plantvillage-2016,raw/color/Potato___healthy/d1752ed4-a0a7-4075-917d-205c0e785dcf___RS_HL 1911.JPG,2,healthy,train,2127,e3a0433e5c0693cb23749d9810b484c1dd255dda,bfc2c08486c6f071
plantvillage-2016,raw/color/Potato___healthy/d227e4c8-e203-4aa4-b813-25b96baa2869___RS_HL 1831.JPG,2,healthy,test,2128,606829a5d2c6c2ccbb04c60ea51bfb83690e8033,387ceececaceece0
plantvillage-2016,raw/color/Potato___healthy/d287be3d-cac6-4485-8c31-674fb8b459be___RS_HL 1973.JPG,2,healthy,train,2129,51f84a57f49e333f7f536f00d732b5fd72ffd305,70e0c086c4c0f070
plantvillage-2016,raw/color/Potato___healthy/d325e580-5faa-4aea-927d-2700f52cc343___RS_HL 1872.JPG,2,healthy,train,2130,1ddf7a7619e766d331099be12cb2a15dc90b3631,63f0f0faeee6e678
plantvillage-2016,raw/color/Potato___healthy/d340704d-cc00-4068-bb8a-ae70840b7bfa___RS_HL 1773.JPG,2,healthy,train,2131,0844df27e27c2586e062c86de04be602c4c263ca,0e3ae6c78f8fc460
plantvillage-2016,raw/color/Potato___healthy/d50a580b-46bd-47f5-a0bf-8535da774104___RS_HL 5408.JPG,2,healthy,train,2132,84df8078ec59bc8a4949c2fb2dbbe6d62d1d4a98,e7d1b8b2a2cecefc
plantvillage-2016,raw/color/Potato___healthy/dbe4f332-9189-4b76-b30c-f0c9a55e48d3___RS_HL 1841.JPG,2,healthy,train,2133,138d104300dff78652691f14996c85be2eff1942,3070dcee8a88e830
plantvillage-2016,raw/color/Potato___healthy/dca8ac5c-b925-435a-a5e9-da09fa8938a1___RS_HL 4182.JPG,2,healthy,train,2134,c3d3d01abd503c4c3c763734b0708c82df4fc754,e8e8a4bcbcd0c040
plantvillage-2016,raw/color/Potato___healthy/de9a8669-d437-40f0-aa56-fe2d8276a1e0___RS_HL 1910.JPG,2,healthy,train,2135,d12d44dcd2ca3ac6f941eecf105c479ee7ef5f03,c3f8cceee6f2f278
plantvillage-2016,raw/color/Potato___healthy/e1b49d1b-165b-4f4e-8a30-735e62bc39c5___RS_HL 1839.JPG,2,healthy,train,2136,bc7b51e23795e1937a45d83cb4a4a9cdbef6cfcf,8dc0d0ecc6c6f23a
plantvillage-2016,raw/color/Potato___healthy/e34e563f-7a4a-4b44-bdf2-b6f96cbcd929___RS_HL 5370.JPG,2,healthy,test,2137,f55277dcda319005121e522958fc263501cbb0cd,387cd8b02060e080
plantvillage-2016,raw/color/Potato___healthy/e51367c1-d582-45e3-acf6-b0e652b43d3a___RS_HL 1873.JPG,2,healthy,train,2138,fcf8d5798e5201aa40b17e949034069964f7c361,cfc9b8b89be7ff7c
plantvillage-2016,raw/color/Potato___healthy/e693354a-053c-4093-8642-cc8f5f9eb2cc___RS_HL 1746.JPG,2,healthy,val,2139,d9965760c5e5820ed3725d40840ce3e0de0d8883,d1f0e49697c6eeb0
plantvillage-2016,raw/color/Potato___healthy/ec6e43d3-512d-4908-99f2-c9e2a0be54be___RS_HL 4202.JPG,2,healthy,train,2140,37590c39ef5940e7c156c4feaca0e2ea771f46c7,f3e8ccce8787a1f0
plantvillage-2016,raw/color/Potato___healthy/ee052892-e935-4fbb-9344-4d23c57c6890___RS_HL 5400.JPG,2,healthy,train,2141,2a4bf4163abf805b91398a0405ae4d50dd375f63,fefdf3e3e7f6d1f3
plantvillage-2016,raw/color/Potato___healthy/ef7005dc-1d44-412e-b858-145a2d7a6fa9___RS_HL 1951.JPG,2,healthy,train,2142,729365f7d5dd7a42c4c06fe7931defc4cce4d26d,3170d4b6dc84e0f1
plantvillage-2016,raw/color/Potato___healthy/f0036dfd-9f46-4f2f-9001-5973495f2171___RS_HL 1849.JPG,2,healthy,train,2143,a0c2ccd9182338b77a68105b74e4374ac29d082d,31303e1a8e8ec464
plantvillage-2016,raw/color/Potato___healthy/f0fdde26-78b4-46f0-9eb8-7c2a743d34aa___RS_HL 4165.JPG,2,healthy,train,2144,bfac9e817160b43b6bb39a9c44c5f2915b815edc,3060d8cc98d9e3e0
plantvillage-2016,raw/color/Potato___healthy/f30983c0-6e20-43cc-8672-4622ca34c830___RS_HL 1949.JPG,2,healthy,train,2145,0990b2df564a4a7e1ef5278b8194b60bb4adf575,f1e8e0e0e2ece8ed
plantvillage-2016,raw/color/Potato___healthy/f4b5ec24-d318-4309-8294-9126450d5d7f___RS_HL 1824.JPG,2,healthy,train,2146,1a848a42c2e84eadc9d3cb2e843bb4008e61fd3c,30786ce6c6ccd871
plantvillage-2016,raw/color/Potato___healthy/f4be3632-42a1-415a-9f7e-1d5ecb9f49d7___RS_HL 1783.JPG,2,healthy,train,2147,7dbe45c94b6511cafbfeaacefe3c2b7da9f11ccd,1cf8f0f2e6bebcf1
plantvillage-2016,raw/color/Potato___healthy/f5bd2732-197b-4d8e-bb50-a4966dc416f5___RS_HL 1840.JPG,2,healthy,test,2148,9aabea51fb2ac01dcea512c578021afe03214274,30f0e0220686ec68
plantvillage-2016,raw/color/Potato___healthy/f66af6c0-6fc6-4020-b1de-a73685d497c2___RS_HL 4181.JPG,2,healthy,train,2149,b834f1d4878d21400ca6de2e840636e993cbcb98,52f0e4a8b0a8e070
plantvillage-2016,raw/color/Potato___healthy/fd92bd9c-02cb-4599-8673-9316159504a1___RS_HL 1927.JPG,2,healthy,test,2150,d23e5ac8025b9be038132715a96c3b50aaac7a5d,083c78f0828e9cd0
plantvillage-2016,raw/color/Potato___healthy/ff700844-68ad-4e99-8427-58a39c07f817___RS_HL 1860.JPG,2,healthy,train,2151,630484a011dc10325091e39869057f91790cd21b,b0e0c48e8f9eceec
